{
  "автокар": 1.0,
  "автомо": 0.9842976441722486,
  "шевроле": 0.9792719901668271,
  "автосредство": 0.9620384545057366,
  "хендай": 0.9562979415009012,
  "королла": 0.9314803297337121,
  "автостиль": 0.9295102137724012,
  "ланос": 0.9163550674932905,
  "электроавтомобиль": 0.9116387387870559,
  "автополь": 0.9107874473362897,
  "автобагажник": 0.9027826260957329,
  "автокемпер": 0.9000889476855254,
  "матиз": 0.8934519009745041,
  "авео": 0.8933921529699462,
  "ретромобиль": 0.8920874980515251,
  "лачетти": 0.8916699677047137,
  "дастер": 0.8912082928348499,
  "мототранспорт": 0.8871545240216774,
  "авторазбор": 0.8866279261232389,
  "митсубиси": 0.8841381122955121,
  "машина": 0.6577461798129527,
  "тысяча": 0.2224997130003102,
  "дорога": 0.17307369948835422,
  "компания": 0.16563500180260834,
  "двигатель": 0.1631554359073597,
  "водитель": 0.1486086493219011,
  "однако": 0.1340618627364425,
  "завод": 0.1259619474786303,
  "модель": 0.125300729906564,
  "производство": 0.1233170771903651,
  "цена": 0.1178620322208181,
  "лишь": 0.1172008146487518,
  "скорость": 0.11356411800238717,
  "деньга": 0.1112498565001551,
  "часть": 0.11091924771412195,
  "оказаться": 0.10877029060490646,
  "улица": 0.10860498621188991,
  "колесо": 0.10843968181887333,
  "пока": 0.10496828956552524,
  "рынок": 0.10364585442139264,
  "новое": 0.10298463684932635,
  "средство": 0.10033976656106113,
  "ряд": 0.09934794020296168,
  "например": 0.09868672263089538,
  "фирма": 0.09852141823787881,
  "руль": 0.09620715673564675,
  "задний": 0.09257046008928212,
  "главный": 0.09240515569626553,
  "именно": 0.09174393812419923,
  "высокий": 0.09009089419403347,
  "стоить": 0.08942967662196719,
  "управление": 0.08893376344291745,
  "рубль": 0.08827254587085115,
  "появиться": 0.08496645801051964,
  "проблема": 0.08347871847337048,
  "около": 0.08331341408035389,
  "качество": 0.08314810968733732,
  "команда": 0.08298280529432074,
  "владелец": 0.08281750090130417,
  "движение": 0.08182567454320472,
  "поэтому": 0.08116445697113842,
  "результат": 0.07934610864795609,
  "кроме": 0.07918080425493951,
  "продажа": 0.07818897789684007,
  "мотор": 0.07802367350382348,
  "гонка": 0.07802367350382348,
  "находиться": 0.07785836911080692,
  "число": 0.07686654275270746,
  "марка": 0.07604002078762459,
  "маленький": 0.07604002078762459,
  "возможность": 0.07587471639460801,
  "купить": 0.07587471639460801,
  "собственный": 0.07504819442952514,
  "миллион": 0.07405636807142568,
  "салон": 0.07356045489237596,
  "доллар": 0.07339515049935938,
  "решить": 0.07306454171332623,
  "четыре": 0.07289923732030966,
  "сегодня": 0.07289923732030966,
  "право": 0.07256862853427651,
  "полный": 0.07240332414125994,
  "начать": 0.07223801974824336,
  "пять": 0.07207271535522679,
  "дорогой": 0.07141149778316049,
  "начало": 0.07108088899712733,
  "некоторый": 0.07108088899712733,
  "считать": 0.07091558460411077,
  "правда": 0.07008906263902788,
  "ваш": 0.06893193188791186,
  "прийтись": 0.06893193188791186,
  "правило": 0.06893193188791186,
  "взять": 0.06876662749489527,
  "найти": 0.0686013231018787,
  "кузов": 0.0686013231018787,
  "центр": 0.06843601870886214,
  "никто": 0.06827071431584555,
  "остаться": 0.0679401055298124,
  "дилер": 0.0679401055298124,
  "легковой": 0.06760949674377925,
  "американский": 0.06744419235076267
}