{
  "аствацатуров": 1.0,
  "катасонова": 0.9151498882538183,
  "книга": 0.8102994461519797,
  "статья": 0.3644898413366153,
  "писать": 0.3435205941502712,
  "роман": 0.30430980672865215,
  "однако": 0.30277547156867574,
  "написать": 0.3005592096709321,
  "именно": 0.2956152408221192,
  "читатель": 0.29220560713328275,
  "текст": 0.2789080357468207,
  "являться": 0.2770327372179607,
  "имя": 0.27618032879575155,
  "отношение": 0.26867913468031135,
  "советский": 0.2666333544670095,
  "герой": 0.2604960138271039,
  "лишь": 0.2545291548716402,
  "главный": 0.25265385634278015,
  "проблема": 0.2471984424406418,
  "известный": 0.2465165157028745,
  "литература": 0.24515266222733995,
  "писатель": 0.2417430285385035,
  "образ": 0.24020869337852707,
  "право": 0.23526472452971425,
  "век": 0.22878642052092504,
  "письмо": 0.2246948600943213,
  "наука": 0.21975089124550848,
  "считать": 0.2182165560855321,
  "журнал": 0.2182165560855321,
  "некоторый": 0.21668222092555567,
  "часть": 0.2122496971300683,
  "язык": 0.21139728870785918,
  "произведение": 0.20969247186344098,
  "современный": 0.19929308911248983,
  "ряд": 0.19912260742804802,
  "например": 0.1952015286858861,
  "число": 0.1952015286858861,
  "процесс": 0.19076900489039875,
  "результат": 0.1904280415215151,
  "оказаться": 0.19025755983707326,
  "исследование": 0.18804129793932958,
  "общий": 0.1849726276193768,
  "идея": 0.1849726276193768,
  "мнение": 0.184802145934935,
  "материал": 0.18394973751272586,
  "читать": 0.18326781077495857,
  "новое": 0.18309732909051674,
  "разный": 0.18292684740607493,
  "иной": 0.18258588403719128,
  "развитие": 0.17985817708612215,
  "важный": 0.17917625034835485,
  "собственный": 0.17695998845061117,
  "роль": 0.17678950676616934,
  "проект": 0.17661902508172753,
  "высокий": 0.17372083644621655,
  "власть": 0.1733798730773329,
  "научный": 0.17184553791735652,
  "качество": 0.16928831265072916,
  "многий": 0.16843590422852006,
  "театр": 0.16826542254407825,
  "тема": 0.16775397749075277,
  "литературный": 0.16724253243742732,
  "культура": 0.16690156906854367,
  "фильм": 0.16656060569966002,
  "александр": 0.16656060569966002,
  "возможность": 0.1624690452730563,
  "война": 0.1622985635886145,
  "смысл": 0.16195760021973085,
  "сила": 0.15922989326866166,
  "общество": 0.15820700316201075,
  "газета": 0.15735459473980162,
  "искусство": 0.15616122294870888,
  "начало": 0.15599074126426707,
  "форма": 0.15411544273540703,
  "решение": 0.15411544273540703,
  "называть": 0.15360399768208155,
  "правда": 0.15360399768208155,
  "политический": 0.1532630343131979,
  "народ": 0.15275158925987245,
  "название": 0.15138773578433787,
  "исторический": 0.15104677241545425,
  "внимание": 0.14985340062436148,
  "труд": 0.14968291893991967,
  "поэтому": 0.14951243725547783,
  "событие": 0.14814858377994325,
  "вообще": 0.14814858377994325,
  "мысль": 0.14644376693552502,
  "закон": 0.14576184019775773,
  "группа": 0.1438865416688977,
  "взгляд": 0.1430341332466886,
  "среди": 0.14184076145559585,
  "поэт": 0.1408178713489449,
  "давать": 0.13894257282008488,
  "подобный": 0.13877209113564307,
  "первое": 0.13877209113564307,
  "действие": 0.13826064608231758,
  "область": 0.13809016439787578,
  "глава": 0.13706727429122484,
  "стих": 0.13638534755345755,
  "деятельность": 0.1360443841845739
}