{
  "аствацатуров": 1.0,
  "прашкевич": 0.9821765395515413,
  "шардаков": 0.973209798348782,
  "сундаков": 0.9632854121220628,
  "опубликованый": 0.9619742285881479,
  "долинин": 0.9534187898376805,
  "листопадов": 0.952916591282146,
  "абатуров": 0.9509312696987843,
  "бурдаков": 0.9504001891720814,
  "голлербах": 0.9446903490458662,
  "фанайлова": 0.943406501959579,
  "аникст": 0.9428574547217144,
  "бражникова": 0.9387923414285603,
  "кунгуров": 0.9385153063338743,
  "манкевич": 0.9378269687868963,
  "новеллистика": 0.9368511638613322,
  "синкевич": 0.934764996866934,
  "герасин": 0.9341055412911246,
  "головинов": 0.9339540799841275,
  "белогуров": 0.9307490505414211,
  "чудакова": 0.9304505713076067,
  "дудаков": 0.9282661669731472,
  "малинкин": 0.9276992496193424,
  "перевезенцев": 0.9264451538612153,
  "христораднов": 0.9229799934875502,
  "микушевич": 0.9225776743908392,
  "топонимист": 0.9224564473881087,
  "калинаускас": 0.9222230733334499,
  "зорич": 0.922014524250665,
  "миролюбов": 0.9210134113771205,
  "режиссер": 0.9209896489526808,
  "смыслова": 0.9192272691400775,
  "кудимова": 0.9175129937476811,
  "бенедиктов": 0.9167500846898603,
  "маноцков": 0.9159483443530771,
  "лебединцев": 0.9158438283236314,
  "левитов": 0.9155415818761864,
  "шелонин": 0.915245034546798,
  "катасонова": 0.9151498882538183,
  "кунец": 0.9139068043509192,
  "переведенцев": 0.913534429772811,
  "востров": 0.9135270885359922,
  "устинова": 0.9129656771098015,
  "переслегин": 0.9127178137719477,
  "иголкин": 0.9120376868187803,
  "маркарьян": 0.911488349795252,
  "генделев": 0.9109257792264056,
  "творогов": 0.9101472217427343,
  "книга": 0.8102994461519797,
  "статья": 0.3644898413366153,
  "писать": 0.3435205941502712,
  "роман": 0.30430980672865215,
  "однако": 0.30277547156867574,
  "написать": 0.3005592096709321,
  "именно": 0.2956152408221192,
  "читатель": 0.29220560713328275,
  "текст": 0.2789080357468207,
  "являться": 0.2770327372179607,
  "имя": 0.27618032879575155,
  "отношение": 0.26867913468031135,
  "советский": 0.2666333544670095,
  "герой": 0.2604960138271039,
  "лишь": 0.2545291548716402,
  "главный": 0.25265385634278015,
  "проблема": 0.2471984424406418,
  "известный": 0.2465165157028745,
  "литература": 0.24515266222733995,
  "писатель": 0.2417430285385035,
  "образ": 0.24020869337852707,
  "право": 0.23526472452971425,
  "век": 0.22878642052092504,
  "письмо": 0.2246948600943213,
  "наука": 0.21975089124550848,
  "считать": 0.2182165560855321,
  "журнал": 0.2182165560855321,
  "некоторый": 0.21668222092555567,
  "часть": 0.2122496971300683,
  "язык": 0.21139728870785918,
  "произведение": 0.20969247186344098,
  "современный": 0.19929308911248983,
  "ряд": 0.19912260742804802,
  "например": 0.1952015286858861,
  "число": 0.1952015286858861,
  "процесс": 0.19076900489039875,
  "результат": 0.1904280415215151,
  "оказаться": 0.19025755983707326,
  "исследование": 0.18804129793932958,
  "общий": 0.1849726276193768,
  "идея": 0.1849726276193768,
  "мнение": 0.184802145934935,
  "материал": 0.18394973751272586,
  "читать": 0.18326781077495857,
  "новое": 0.18309732909051674,
  "разный": 0.18292684740607493,
  "иной": 0.18258588403719128,
  "развитие": 0.17985817708612215,
  "важный": 0.17917625034835485,
  "собственный": 0.17695998845061117,
  "роль": 0.17678950676616934,
  "проект": 0.17661902508172753
}