{
  "автосредство": 1.0,
  "машина": 0.6837005077420536,
  "тысяча": 0.23127943790419808,
  "дорога": 0.17990309917213623,
  "компания": 0.17217087427935104,
  "двигатель": 0.16959346598175595,
  "водитель": 0.15447267063586484,
  "однако": 0.13935187528997375,
  "завод": 0.13093234151782981,
  "модель": 0.13024503263847115,
  "производство": 0.1281831060003951,
  "цена": 0.1225128077456859,
  "лишь": 0.12182549886632722,
  "скорость": 0.11804530002985446,
  "деньга": 0.11563971895209904,
  "часть": 0.1152960645124197,
  "оказаться": 0.11306231065450396,
  "улица": 0.1128904834346643,
  "колесо": 0.11271865621482462,
  "пока": 0.10911028459819151,
  "рынок": 0.10773566683947415,
  "новое": 0.10704835796011546,
  "средство": 0.1042991224426807,
  "ряд": 0.10326815912364268,
  "например": 0.102580850244284,
  "фирма": 0.10240902302444434,
  "руль": 0.10000344194668892,
  "задний": 0.09622324311021616,
  "главный": 0.09605141589037647,
  "именно": 0.09536410701101779,
  "высокий": 0.09364583481262108,
  "стоить": 0.09295852593326238,
  "управление": 0.09244304427374336,
  "рубль": 0.09175573539438468,
  "появиться": 0.08831919099759124,
  "проблема": 0.0867727460190342,
  "около": 0.08660091879919453,
  "качество": 0.08642909157935487,
  "команда": 0.08625726435951518,
  "владелец": 0.08608543713967552,
  "движение": 0.08505447382063748,
  "поэтому": 0.0843671649412788,
  "результат": 0.0824770655230424,
  "кроме": 0.08230523830320273,
  "продажа": 0.08127427498416472,
  "мотор": 0.08110244776432504,
  "гонка": 0.08110244776432504,
  "находиться": 0.08093062054448537,
  "число": 0.07989965722544733,
  "марка": 0.07904052112624897,
  "маленький": 0.07904052112624897,
  "возможность": 0.0788686939064093,
  "купить": 0.0788686939064093,
  "собственный": 0.07800955780721094,
  "миллион": 0.07697859448817292,
  "салон": 0.0764631128286539,
  "доллар": 0.07629128560881422,
  "решить": 0.07594763116913489,
  "четыре": 0.07577580394929521,
  "сегодня": 0.07577580394929521,
  "право": 0.07543214950961587,
  "полный": 0.0752603222897762,
  "начать": 0.07508849506993653,
  "пять": 0.07491666785009686,
  "дорогой": 0.07422935897073817,
  "начало": 0.07388570453105883,
  "некоторый": 0.07388570453105883,
  "считать": 0.07371387731121916,
  "правда": 0.07285474121202079,
  "ваш": 0.07165195067314309,
  "прийтись": 0.07165195067314309,
  "правило": 0.07165195067314309,
  "взять": 0.07148012345330343,
  "найти": 0.07130829623346376,
  "кузов": 0.07130829623346376,
  "центр": 0.07113646901362408,
  "никто": 0.07096464179378441,
  "остаться": 0.07062098735410506,
  "дилер": 0.07062098735410506,
  "легковой": 0.07027733291442571,
  "американский": 0.07010550569458604,
  "литр": 0.0697618512549067,
  "сразу": 0.06959002403506703,
  "стоимость": 0.068559060716029,
  "месяц": 0.06838723349618933,
  "километр": 0.06787175183667032,
  "общий": 0.06752809739699098,
  "ещё": 0.06752809739699098,
  "класс": 0.06752809739699098,
  "ехать": 0.06701261573747196,
  "номер": 0.06666896129779261,
  "предприятие": 0.06666896129779261,
  "ездить": 0.06649713407795294,
  "менее": 0.06580982519859425,
  "выйти": 0.06563799797875458,
  "вместе": 0.06546617075891491,
  "передний": 0.0649506890993959,
  "дверь": 0.06477886187955623,
  "имя": 0.06443520743987688,
  "трасса": 0.06409155300019755
}