{
  "автосредство": 1.0,
  "ретроавтомобиль": 0.9001723716501979,
  "машина": 0.4558003384947024,
  "тысяча": 0.15418629193613206,
  "дорога": 0.11993539944809083,
  "компания": 0.1147805828529007,
  "двигатель": 0.11306231065450396,
  "водитель": 0.1029817804239099,
  "однако": 0.09290125019331583,
  "завод": 0.08728822767855321,
  "модель": 0.08683002175898076,
  "производство": 0.08545540400026339,
  "цена": 0.0816752051637906,
  "лишь": 0.08121699924421814,
  "скорость": 0.07869686668656962,
  "деньга": 0.07709314596806603,
  "часть": 0.0768640430082798,
  "оказаться": 0.07537487376966931,
  "улица": 0.0752603222897762,
  "колесо": 0.07514577080988309,
  "пока": 0.07274018973212767,
  "рынок": 0.07182377789298276,
  "новое": 0.0713655719734103,
  "средство": 0.06953274829512048,
  "ряд": 0.06884543941576178,
  "например": 0.06838723349618933,
  "фирма": 0.06827268201629622,
  "руль": 0.06666896129779261,
  "задний": 0.06414882874014409,
  "главный": 0.06403427726025099,
  "именно": 0.06357607134067852,
  "высокий": 0.06243055654174738,
  "стоить": 0.06197235062217492,
  "управление": 0.06162869618249558,
  "рубль": 0.06117049026292312,
  "появиться": 0.05887946066506083,
  "проблема": 0.0578484973460228,
  "около": 0.05773394586612969,
  "качество": 0.05761939438623657,
  "команда": 0.05750484290634346,
  "владелец": 0.05739029142645035,
  "движение": 0.056702982547091656,
  "поэтому": 0.0562447766275192,
  "результат": 0.05498471034869494,
  "кроме": 0.05487015886880182,
  "продажа": 0.05418284998944314,
  "мотор": 0.05406829850955003,
  "гонка": 0.05406829850955003,
  "находиться": 0.053953747029656905,
  "число": 0.05326643815029822,
  "марка": 0.052693680750832646,
  "маленький": 0.052693680750832646,
  "возможность": 0.05257912927093954,
  "купить": 0.05257912927093954,
  "собственный": 0.05200637187147396,
  "миллион": 0.05131906299211528,
  "салон": 0.05097540855243594,
  "доллар": 0.05086085707254282,
  "решить": 0.05063175411275659,
  "четыре": 0.050517202632863474,
  "сегодня": 0.050517202632863474,
  "право": 0.05028809967307725,
  "полный": 0.05017354819318413,
  "начать": 0.05005899671329102,
  "пять": 0.04994444523339791,
  "дорогой": 0.049486239313825446,
  "начало": 0.049257136354039215,
  "некоторый": 0.049257136354039215,
  "считать": 0.0491425848741461,
  "правда": 0.04856982747468053,
  "ваш": 0.04776796711542873,
  "прийтись": 0.04776796711542873,
  "правило": 0.04776796711542873,
  "взять": 0.047653415635535615,
  "найти": 0.0475388641556425,
  "кузов": 0.0475388641556425,
  "центр": 0.04742431267574938,
  "никто": 0.04730976119585627,
  "остаться": 0.047080658236070036,
  "дилер": 0.047080658236070036,
  "легковой": 0.04685155527628382,
  "американский": 0.046737003796390696,
  "литр": 0.04650790083660447,
  "сразу": 0.046393349356711355,
  "стоимость": 0.04570604047735267,
  "месяц": 0.04559148899745956,
  "километр": 0.045247834557780205,
  "общий": 0.04501873159799399,
  "ещё": 0.04501873159799399,
  "класс": 0.04501873159799399,
  "ехать": 0.04467507715831464,
  "номер": 0.04444597419852841,
  "предприятие": 0.04444597419852841,
  "ездить": 0.0443314227186353,
  "менее": 0.043873216799062836,
  "выйти": 0.04375866531916973,
  "вместе": 0.043644113839276605,
  "передний": 0.043300459399597264,
  "дверь": 0.04318590791970415,
  "имя": 0.04295680495991792,
  "трасса": 0.04272770200013169,
  "сила": 0.04249859904034546,
  "сидение": 0.04238404756045235,
  "специальный": 0.041925841640879896,
  "момент": 0.041925841640879896,
  "условие": 0.041696738681093665,
  "помощь": 0.04146763572130743,
  "область": 0.04135308424141432,
  "увидеть": 0.0412385327615212,
  "группа": 0.041123981281628086,
  "технический": 0.040780326841948746,
  "современный": 0.04055122388216252,
  "крупный": 0.04055122388216252,
  "являться": 0.04055122388216252,
  "разный": 0.04055122388216252,
  "спортивный": 0.04055122388216252,
  "сидеть": 0.040436672402269405,
  "любой": 0.04032212092237629,
  "необходимый": 0.03997846648269694,
  "среди": 0.039863915002803826,
  "ситуация": 0.03974936352291072,
  "безопасность": 0.03974936352291072,
  "образ": 0.0396348120430176,
  "прошлое": 0.0396348120430176,
  "принять": 0.039520260563124486,
  "процент": 0.038947503163658914,
  "решение": 0.038947503163658914,
  "первое": 0.038832951683765805,
  "смочь": 0.03871840020387269,
  "следующий": 0.03871840020387269,
  "давать": 0.038603848723979574,
  "мощность": 0.038603848723979574,
  "ход": 0.03848929724408646,
  "вообще": 0.03848929724408646,
  "транспортный": 0.03837474576419334,
  "назад": 0.03826019428430023,
  "количество": 0.03826019428430023,
  "уровень": 0.03814564280440711,
  "клиент": 0.038031091324514,
  "стекло": 0.038031091324514,
  "покупатель": 0.038031091324514,
  "метр": 0.037687436884834655,
  "никакой": 0.037572885404941546,
  "чёрный": 0.03745833392504843,
  "объём": 0.037343782445155314,
  "женщина": 0.0372292309652622,
  "важный": 0.03700012800547597,
  "практически": 0.036771025045689736,
  "достаточно": 0.03665647356579663,
  "особенно": 0.03654192208590351
}