{
  "аствацатуров": 1.0,
  "катасонова": 0.9151498882538183,
  "елистратова": 0.9034197509601324,
  "юзефович": 0.9002933500275635,
  "книга": 0.5401996307679864,
  "статья": 0.24299322755774355,
  "писать": 0.22901372943351414,
  "роман": 0.2028732044857681,
  "однако": 0.20185031437911716,
  "написать": 0.20037280644728803,
  "именно": 0.19707682721474618,
  "читатель": 0.19480373808885518,
  "текст": 0.18593869049788045,
  "являться": 0.18468849147864042,
  "имя": 0.18412021919716767,
  "отношение": 0.1791194231202076,
  "советский": 0.177755569644673,
  "герой": 0.17366400921806927,
  "лишь": 0.1696861032477601,
  "главный": 0.16843590422852006,
  "проблема": 0.16479896162709454,
  "известный": 0.16434434380191634,
  "литература": 0.16343510815155995,
  "писатель": 0.161162019025669,
  "образ": 0.16013912891901808,
  "право": 0.15684314968647617,
  "век": 0.15252428034728335,
  "письмо": 0.1497965733962142,
  "наука": 0.1465005941636723,
  "считать": 0.1454777040570214,
  "журнал": 0.1454777040570214,
  "некоторый": 0.14445481395037044,
  "часть": 0.1414997980867122,
  "язык": 0.14093152580523946,
  "произведение": 0.139794981242294,
  "современный": 0.13286205940832657,
  "ряд": 0.13274840495203202,
  "например": 0.1301343524572574,
  "число": 0.1301343524572574,
  "процесс": 0.12717933659359917,
  "результат": 0.12695202768101005,
  "оказаться": 0.12683837322471553,
  "исследование": 0.1253608652928864,
  "общий": 0.12331508507958452,
  "идея": 0.12331508507958452,
  "мнение": 0.12320143062328998,
  "материал": 0.12263315834181725,
  "читать": 0.12217854051663904,
  "новое": 0.1220648860603445,
  "разный": 0.12195123160404996,
  "иной": 0.12172392269146086,
  "развитие": 0.11990545139074808,
  "важный": 0.1194508335655699,
  "собственный": 0.11797332563374077,
  "роль": 0.11785967117744622,
  "проект": 0.11774601672115169,
  "высокий": 0.11581389096414435,
  "власть": 0.11558658205155527,
  "научный": 0.11456369194490433,
  "качество": 0.11285887510048613,
  "многий": 0.11229060281901337,
  "театр": 0.11217694836271884,
  "тема": 0.1118359849938352,
  "литературный": 0.11149502162495155,
  "культура": 0.11126771271236244,
  "фильм": 0.11104040379977335,
  "александр": 0.11104040379977335,
  "возможность": 0.10831269684870419,
  "война": 0.10819904239240966,
  "смысл": 0.10797173347982054,
  "сила": 0.1061532621791078,
  "общество": 0.1054713354413405,
  "газета": 0.10490306315986775,
  "искусство": 0.10410748196580592,
  "начало": 0.10399382750951137,
  "форма": 0.10274362849027135,
  "решение": 0.10274362849027135,
  "называть": 0.10240266512138771,
  "правда": 0.10240266512138771,
  "политический": 0.10217535620879861,
  "народ": 0.10183439283991497,
  "название": 0.10092515718955858,
  "исторический": 0.10069784827696948,
  "внимание": 0.09990226708290766,
  "труд": 0.09978861262661311,
  "поэтому": 0.09967495817031856,
  "событие": 0.09876572251996217,
  "вообще": 0.09876572251996217,
  "мысль": 0.0976291779570167,
  "закон": 0.09717456013183849,
  "группа": 0.09592436111259847,
  "взгляд": 0.09535608883112574,
  "среди": 0.09456050763706389,
  "поэт": 0.09387858089929661,
  "давать": 0.09262838188005658,
  "подобный": 0.09251472742376203,
  "первое": 0.09251472742376203,
  "действие": 0.0921737640548784,
  "область": 0.09206010959858384,
  "глава": 0.09137818286081655,
  "стих": 0.09092356503563837,
  "деятельность": 0.09069625612304927,
  "речь": 0.09046894721046017,
  "теория": 0.09001432938528198,
  "назвать": 0.08978702047269288,
  "следовать": 0.08944605710380923,
  "связь": 0.08944605710380923,
  "полный": 0.08921874819122015,
  "начать": 0.08910509373492559,
  "основа": 0.08876413036604194,
  "уровень": 0.08740027689050738,
  "многие": 0.08728662243421283,
  "пьеса": 0.08683200460903463,
  "принять": 0.08649104124015099,
  "найти": 0.08649104124015099,
  "спектакль": 0.08615007787126734,
  "особенно": 0.08592276895867826,
  "выйти": 0.08580911450238371,
  "использовать": 0.0855818055897946,
  "издание": 0.08524084222091097,
  "социальный": 0.08524084222091097,
  "почему": 0.08512718776461642,
  "опыт": 0.08512718776461642,
  "вполне": 0.08501353330832187,
  "вместе": 0.08501353330832187,
  "ситуация": 0.08501353330832187,
  "государственный": 0.08489987885202732,
  "понять": 0.08410429765796548,
  "московский": 0.08319506200760911,
  "представить": 0.08319506200760911,
  "далее": 0.08285409863872546,
  "никто": 0.08217217190095817,
  "понимать": 0.08194486298836907,
  "метр": 0.08149024516319088,
  "цель": 0.08114928179430725,
  "интерес": 0.08103562733801269,
  "остаться": 0.08103562733801269,
  "точка": 0.08092197288171814,
  "художник": 0.08092197288171814,
  "задача": 0.08046735505653996,
  "художественный": 0.08046735505653996,
  "пример": 0.0803537006002454,
  "картина": 0.08001273723136176,
  "оставаться": 0.08001273723136176,
  "анализ": 0.08001273723136176,
  "менее": 0.07989908277506722,
  "план": 0.07989908277506722,
  "совершенно": 0.07978542831877267,
  "сегодня": 0.07967177386247812,
  "прежде": 0.07955811940618357
}