{
  "кыргызстанец": 1.0,
  "жуковчанин": 0.971111969252643,
  "крымчанин": 0.9689624376905929,
  "подданный": 0.9678816877492694,
  "магаданец": 0.9604390869675369,
  "колымчанин": 0.9523685200546688,
  "ставрополец": 0.9513659348974198,
  "вартовчанин": 0.9429504049740765,
  "липчанин": 0.9402443994614468,
  "севастополец": 0.9385550657134941,
  "петрозаводчанин": 0.9381184867975655,
  "собаковладелец": 0.9358279832468931,
  "климовчанин": 0.9235906402225388,
  "глазовчанин": 0.9213615669899737,
  "смолянин": 0.9212194299435943,
  "выселенец": 0.9200268344575787,
  "законадательство": 0.9198746355487507,
  "интинец": 0.9178838695847056,
  "югорчанин": 0.9176423848859387,
  "саровчанин": 0.9159387527018749,
  "горловчанин": 0.9156467468621817,
  "ямалец": 0.9136814003401121,
  "курянин": 0.911704509154812,
  "херсонец": 0.910790468387111,
  "братчанин": 0.910541463770093,
  "комсомольчанин": 0.910011362490563,
  "госсоветник": 0.9098456065460147,
  "зареченец": 0.9097925434608909,
  "курильчанин": 0.9093038546889126,
  "омич": 0.9072753832192707,
  "йошкаролинец": 0.906925865892108,
  "амурчанин": 0.9063634607384009,
  "вологжанин": 0.9062035300826387,
  "южноуралец": 0.905648538932841,
  "майкопчанин": 0.9038645177635297,
  "азовчанин": 0.9023654061730267,
  "озерчанин": 0.9019996839516048,
  "равительство": 0.9018493915009248,
  "орловчанин": 0.9009169216377916,
  "госпредпринимательство": 0.9003481616235905,
  "батайчанин": 0.899753770338731,
  "кировчанин": 0.8970449051388791,
  "великолучанин": 0.8969634570102161,
  "мелитополец": 0.8948142431911906,
  "оренбуржец": 0.8906521273107332,
  "граж": 0.8905510850288807,
  "северчанин": 0.8900491569642068,
  "бийчанин": 0.8899376291625395,
  "абаканец": 0.8898599939501728,
  "право": 0.8884738929621191,
  "керчанин": 0.887754628668555,
  "ангарчанин": 0.8865559960650704,
  "осужденный": 0.8862753230599246,
  "закон": 0.5916263873973598,
  "федерация": 0.535359821882646,
  "государство": 0.5026755669145401,
  "власть": 0.4724736604250244,
  "государственный": 0.440616854949782,
  "суд": 0.42117179186749115,
  "орган": 0.4046228020102223,
  "размер": 0.31050042219700597,
  "рф": 0.30346710150766676,
  "организация": 0.3011916154022923,
  "решение": 0.29498574420581647,
  "являться": 0.2856769374111028,
  "отношение": 0.2591985536394727,
  "общество": 0.2567162051608824,
  "труд": 0.25402699430907616,
  "федеральный": 0.2509240587108383,
  "число": 0.24554563700722595,
  "советский": 0.24430446276793077,
  "средство": 0.24306328852863562,
  "область": 0.23851231631788666,
  "правительство": 0.23602996783929636,
  "порядок": 0.2347887936000012,
  "деньга": 0.23127213325533158,
  "деятельность": 0.23003095901603643,
  "социальный": 0.23003095901603643,
  "интерес": 0.22713488579101437,
  "юридический": 0.22672116104458268,
  "население": 0.22610057392493507,
  "политический": 0.22589371155171922,
  "оплата": 0.22568684917850337,
  "проблема": 0.22506626205885577,
  "иной": 0.22382508781956062,
  "свобода": 0.2196878403552434,
  "защита": 0.21575745526414208,
  "тысяча": 0.2134819691587676,
  "служба": 0.20624178609621252,
  "президент": 0.2016908138854636,
  "административный": 0.20024277727295256,
  "часть": 0.19982905252652083,
  "принять": 0.1958986674354195,
  "действие": 0.19362318133004505,
  "однако": 0.19320945658361333,
  "общественный": 0.1886584843728644,
  "народ": 0.1876241725067851,
  "документ": 0.18431437453533137,
  "минимальный": 0.18369378741568376,
  "рубль": 0.1787290904585031
}