{
  "жуковчанин": 1.0,
  "крымчанин": 0.9977865255190868,
  "вартовчанин": 0.9710007031421521,
  "липчанин": 0.9682142010720437,
  "климовчанин": 0.9510650362319434,
  "югорчанин": 0.94493983592041,
  "горловчанин": 0.9428848329063984,
  "йошкаролинец": 0.9339045286302754,
  "амурчанин": 0.933325393400236,
  "южноуралец": 0.932589204548491,
  "майкопчанин": 0.9307521134345959,
  "азовчанин": 0.9292084072112479,
  "озерчанин": 0.9288318057141997,
  "мелитополец": 0.9214326169615948,
  "абаканец": 0.9163309918165248,
  "право": 0.9149036579642601,
  "закон": 0.6092257186909857,
  "федерация": 0.5512853706196752,
  "государство": 0.5176288449017816,
  "власть": 0.4865285110105634,
  "государственный": 0.45372404923489495,
  "суд": 0.4337005465926038,
  "орган": 0.41665926774810075,
  "размер": 0.31973699431998936,
  "рф": 0.3124944508110756,
  "организация": 0.31015127496995637,
  "решение": 0.3037607954032677,
  "являться": 0.29417507605323473,
  "отношение": 0.26690902990202975,
  "общество": 0.2643528380753543,
  "труд": 0.26158363026312254,
  "федеральный": 0.25838839047977824,
  "число": 0.25284997485531474,
  "советский": 0.25157187894197697,
  "средство": 0.25029378302863925,
  "область": 0.24560743134640087,
  "правительство": 0.2430512395197254,
  "порядок": 0.24177314360638769,
  "деньга": 0.2381518718519308,
  "деятельность": 0.23687377593859307,
  "социальный": 0.23687377593859307,
  "интерес": 0.233891552140805,
  "юридический": 0.23346552016969244,
  "население": 0.23282647221302355,
  "политический": 0.23261345622746726,
  "оплата": 0.232400440241911,
  "проблема": 0.23176139228524212,
  "иной": 0.23048329637190437,
  "свобода": 0.22622297666077862,
  "защита": 0.22217567293520912,
  "тысяча": 0.21983249709408995,
  "служба": 0.21237693759961984,
  "президент": 0.20769058591738151,
  "административный": 0.20619947401848748,
  "часть": 0.20577344204737488,
  "принять": 0.20172613832180541,
  "действие": 0.19938296248068624,
  "однако": 0.19895693050957367,
  "общественный": 0.1942705788273353,
  "народ": 0.19320549889955385,
  "документ": 0.18979724313065327,
  "минимальный": 0.18915819517398438,
  "рубль": 0.18404581152063343,
  "миллион": 0.1827677156072957,
  "сила": 0.18021152378062028,
  "судебный": 0.1795724758239514,
  "статья": 0.17850739589616996,
  "территория": 0.17808136392505736,
  "условие": 0.17701628399727592,
  "лишь": 0.17680326801171964,
  "возможность": 0.17467310815615675,
  "иностранный": 0.17318199625726272,
  "положение": 0.17296898027170643,
  "уровень": 0.17232993231503757,
  "считать": 0.170412788445031,
  "необходимый": 0.170412788445031,
  "общий": 0.1699867564739184,
  "военный": 0.16615246873390518,
  "находиться": 0.16530040479168007,
  "местный": 0.16487437282056747,
  "законодательство": 0.16466135683501118,
  "цель": 0.1644483408494549,
  "информация": 0.16274421296500458,
  "мера": 0.16210516500833572,
  "фонд": 0.15869690923943508,
  "например": 0.15848389325387882,
  "именно": 0.15763182931165365,
  "результат": 0.15507563748497818,
  "выбор": 0.15507563748497818,
  "связь": 0.1546496055138656,
  "развитие": 0.15358452558608415,
  "высокий": 0.1531584936149716,
  "сегодня": 0.152732461643859,
  "партия": 0.1493242058749584,
  "компания": 0.14783309397606437,
  "собственность": 0.14762007799050808,
  "должностной": 0.14762007799050808,
  "участие": 0.14655499806272665,
  "представитель": 0.1452769021493889,
  "счёт": 0.14399880623605119
}