{
  "жуковчанин": 1.0,
  "крымчанин": 0.9977865255190868,
  "вартовчанин": 0.9710007031421521,
  "липчанин": 0.9682142010720437,
  "климовчанин": 0.9510650362319434,
  "югорчанин": 0.94493983592041,
  "горловчанин": 0.9428848329063984,
  "йошкаролинец": 0.9339045286302754,
  "амурчанин": 0.933325393400236,
  "южноуралец": 0.932589204548491,
  "майкопчанин": 0.9307521134345959,
  "азовчанин": 0.9292084072112479,
  "озерчанин": 0.9288318057141997,
  "мелитополец": 0.9214326169615948,
  "абаканец": 0.9163309918165248,
  "ковровчанин": 0.9109887692482028,
  "геничанин": 0.8956378138441241,
  "мурманчанин": 0.8923101311692216,
  "ейчанин": 0.8903554679690775,
  "право": 0.6099357719761733,
  "закон": 0.4061504791273238,
  "федерация": 0.3675235804131168,
  "государство": 0.3450858966011877,
  "власть": 0.32435234067370894,
  "государственный": 0.30248269948992995,
  "суд": 0.2891336977284026,
  "орган": 0.2777728451654005,
  "размер": 0.21315799621332623,
  "рф": 0.20832963387405037,
  "организация": 0.2067675166466376,
  "решение": 0.2025071969355118,
  "являться": 0.19611671736882316,
  "отношение": 0.17793935326801985,
  "общество": 0.17623522538356953,
  "труд": 0.1743890868420817,
  "федеральный": 0.17225892698651882,
  "число": 0.16856664990354314,
  "советский": 0.167714585961318,
  "средство": 0.16686252201909282,
  "область": 0.16373828756426725,
  "правительство": 0.16203415967981696,
  "порядок": 0.16118209573759182,
  "деньга": 0.15876791456795386,
  "деятельность": 0.15791585062572872,
  "социальный": 0.15791585062572872,
  "интерес": 0.15592770142720333,
  "юридический": 0.1556436801131283,
  "население": 0.15521764814201572,
  "политический": 0.15507563748497818,
  "оплата": 0.15493362682794068,
  "проблема": 0.15450759485682808,
  "иной": 0.15365553091460293,
  "свобода": 0.1508153177738524,
  "защита": 0.14811711529013943,
  "тысяча": 0.14655499806272665,
  "служба": 0.14158462506641323,
  "президент": 0.13846039061158766,
  "административный": 0.13746631601232498,
  "часть": 0.13718229469824994,
  "принять": 0.13448409221453694,
  "действие": 0.13292197498712416,
  "однако": 0.13263795367304912,
  "общественный": 0.12951371921822355,
  "народ": 0.1288036659330359,
  "документ": 0.12653149542043549,
  "минимальный": 0.1261054634493229,
  "рубль": 0.12269720768042229,
  "миллион": 0.12184514373819715,
  "сила": 0.12014101585374684,
  "судебный": 0.11971498388263425,
  "статья": 0.11900493059744663,
  "территория": 0.11872090928337158,
  "условие": 0.11801085599818395,
  "лишь": 0.11786884534114643,
  "возможность": 0.11644873877077115,
  "иностранный": 0.1154546641715085,
  "положение": 0.11531265351447095,
  "уровень": 0.1148866215433584,
  "считать": 0.11360852563002065,
  "необходимый": 0.11360852563002065,
  "общий": 0.1133245043159456,
  "военный": 0.11076831248927013,
  "находиться": 0.11020026986112003,
  "местный": 0.10991624854704497,
  "законодательство": 0.10977423789000745,
  "цель": 0.10963222723296993,
  "информация": 0.10849614197666972,
  "мера": 0.10807011000555715,
  "фонд": 0.10579793949295674,
  "например": 0.1056559288359192,
  "именно": 0.1050878862077691,
  "результат": 0.1033837583233188,
  "выбор": 0.1033837583233188,
  "связь": 0.10309973700924374,
  "развитие": 0.10238968372405612,
  "высокий": 0.10210566240998106,
  "сегодня": 0.10182164109590601,
  "партия": 0.0995494705833056,
  "компания": 0.0985553959840429,
  "собственность": 0.09841338532700539,
  "должностной": 0.09841338532700539,
  "участие": 0.09770333204181776,
  "представитель": 0.0968512680995926,
  "счёт": 0.09599920415736744,
  "услуга": 0.09514714021514228,
  "образ": 0.09429507627291714,
  "процент": 0.09429507627291714,
  "пенсионный": 0.09415306561587962,
  "помощь": 0.0924489377314293,
  "качество": 0.09230692707439177,
  "правило": 0.0913128524751291,
  "оказаться": 0.09102883116105405,
  "политика": 0.090744809846979,
  "ситуация": 0.09003475656179137,
  "реформа": 0.08904068196252868,
  "главный": 0.08889867130549116,
  "обеспечение": 0.08861464999141612,
  "экономический": 0.08833062867734107,
  "важный": 0.08776258604919096,
  "ответственность": 0.08747856473511591,
  "правовой": 0.08733655407807837,
  "конституция": 0.08719454342104085,
  "соответствие": 0.08719454342104085,
  "большинство": 0.08705253276400332,
  "заявление": 0.0863424794788157,
  "срок": 0.08605845816474064,
  "пока": 0.08591644750770311,
  "некоторый": 0.08549041553659055,
  "группа": 0.08506438356547796,
  "квартира": 0.08506438356547796,
  "национальный": 0.08449634093732786,
  "имя": 0.08435433028029034,
  "война": 0.08435433028029034,
  "поэтому": 0.08407030896621528,
  "образование": 0.08407030896621528,
  "новое": 0.08378628765214023,
  "любой": 0.08336025568102765,
  "доход": 0.08279221305287755,
  "пять": 0.0825081917388025,
  "договор": 0.0825081917388025,
  "мнение": 0.08151411713953982,
  "либо": 0.08137210648250229,
  "никто": 0.08108808516842723,
  "управление": 0.08080406385435218,
  "ст": 0.08080406385435218,
  "акт": 0.0798099892550895,
  "форма": 0.07909993596990188,
  "полный": 0.07767982939952661,
  "жильё": 0.07739580808545156,
  "ссср": 0.0771117867713765
}