{
  "паркоместо": 1.0,
  "неогороженный": 0.9821641035905305,
  "улица": 0.6096618882028872,
  "окно": 0.5923499236107869,
  "машина": 0.4959643910169306,
  "выйти": 0.4604046799628865,
  "сидеть": 0.39630362187862284,
  "нога": 0.361679692694422,
  "земля": 0.3518539830610677,
  "никто": 0.35091820119122447,
  "стоялый": 0.3499824193213812,
  "увидеть": 0.34577140090708647,
  "оказаться": 0.3443677281023216,
  "отец": 0.31535849013718037,
  "смотреть": 0.3144227082673371,
  "женщина": 0.3125511445276506,
  "квартира": 0.3125511445276506,
  "ряд": 0.312083253592729,
  "пока": 0.30927590798319915,
  "сразу": 0.30132176208953143,
  "иван": 0.3003859802196881,
  "чёрный": 0.29383550713078527,
  "комната": 0.2924318343260204,
  "голова": 0.27933088814821466,
  "выходить": 0.27745932440852816,
  "играть": 0.2704409603847036,
  "ходить": 0.2704409603847036,
  "высокий": 0.26997306944978205,
  "школа": 0.2695051785148604,
  "ночь": 0.26389048729580084,
  "дорога": 0.26342259636087917,
  "найти": 0.2606152507513494,
  "стоять": 0.2592115779465845,
  "лишь": 0.25640423233705467,
  "остаться": 0.25172532298783834,
  "мама": 0.25125743205291673,
  "взять": 0.24704641363862204,
  "стена": 0.24564274083385712,
  "находиться": 0.24517484989893548,
  "сын": 0.24330328615924895,
  "стол": 0.24283539522432734,
  "маленький": 0.2395601586798759,
  "начать": 0.23254179465605138,
  "любить": 0.2320739037211298,
  "однако": 0.23020233998144324,
  "ещё": 0.2283307762417567,
  "свет": 0.22786288530683507,
  "деньга": 0.22739499437191346,
  "понять": 0.22645921250207018,
  "подъезд": 0.22458764876238363,
  "вместе": 0.22271608502269713,
  "собака": 0.22178030315285385,
  "здание": 0.22084452128301058,
  "часть": 0.21990873941316733,
  "война": 0.2194408484782457,
  "жена": 0.21897295754332408,
  "огромный": 0.2185050666084024,
  "помнить": 0.21710139380363752,
  "имя": 0.21569772099887263,
  "главный": 0.2077435751052049,
  "пойти": 0.2077435751052049,
  "вернуться": 0.20633990230044,
  "пять": 0.20587201136551833,
  "век": 0.20587201136551833,
  "дерево": 0.20353255669091017,
  "этаж": 0.20353255669091017,
  "семья": 0.20353255669091017,
  "угол": 0.20259677482106692,
  "именно": 0.201193102016302,
  "снег": 0.2007252110813804,
  "четыре": 0.20025732014645875,
  "сад": 0.1997894292115371,
  "ждать": 0.19838575640677222,
  "далёкий": 0.19604630173216406,
  "московский": 0.1951105198623208,
  "полный": 0.19417473799247753,
  "ворот": 0.19277106518771264,
  "вокруг": 0.18996371957818284,
  "стоить": 0.1890279377083396,
  "решить": 0.1880921558384963,
  "вечер": 0.1876242649035747,
  "крыша": 0.1876242649035747,
  "прямо": 0.18668848303373142,
  "красный": 0.18668848303373142,
  "пройти": 0.18575270116388815,
  "прийтись": 0.18434902835912326,
  "всякий": 0.1838811374242016,
  "никакой": 0.18154168274959345,
  "давать": 0.18060590087975018,
  "девочка": 0.18013800994482854,
  "среди": 0.17967011900990693,
  "хозяин": 0.1792022280749853,
  "появиться": 0.1792022280749853,
  "правда": 0.178266446205142,
  "минута": 0.1777985552702204,
  "понимать": 0.17733066433529876,
  "сила": 0.17733066433529876,
  "небо": 0.17686277340037712,
  "бывать": 0.17639488246545548,
  "словно": 0.17545910059561223,
  "история": 0.17545910059561223,
  "деревня": 0.17545910059561223,
  "немой": 0.17545910059561223,
  "снова": 0.17452331872576896,
  "молодая": 0.17358753685592568,
  "мальчик": 0.17358753685592568,
  "забор": 0.1712480821813175,
  "утро": 0.16984440937655262,
  "старое": 0.16750495470194446,
  "андрей": 0.16750495470194446,
  "старый": 0.16703706376702285,
  "голос": 0.16703706376702285,
  "ранний": 0.1665691728321012,
  "первое": 0.16563339096225796,
  "церковь": 0.16563339096225796,
  "поэтому": 0.16469760909241468,
  "смерть": 0.16422971815749304,
  "центр": 0.1637618272225714,
  "вообще": 0.1632939362876498,
  "уйти": 0.1632939362876498,
  "детский": 0.16282604535272813,
  "солнце": 0.16235815441780652,
  "возле": 0.16235815441780652,
  "войти": 0.16142237254796324,
  "книга": 0.16095448161304163,
  "новое": 0.16095448161304163,
  "разный": 0.16001869974319835,
  "тело": 0.15908291787335507,
  "совершенно": 0.15814713600351182,
  "общий": 0.15767924506859018,
  "начало": 0.15767924506859018,
  "писать": 0.15721135413366855,
  "долго": 0.1562755722638253,
  "однажды": 0.15580768132890366,
  "оставаться": 0.15487189945906038,
  "из-за": 0.15440400852413877,
  "узнать": 0.15440400852413877,
  "некоторый": 0.15393611758921713,
  "брат": 0.15300033571937388,
  "называть": 0.15253244478445221,
  "александр": 0.15253244478445221,
  "образ": 0.15159666291460897,
  "площадь": 0.15159666291460897,
  "держать": 0.15159666291460897,
  "собственный": 0.15112877197968733,
  "быстро": 0.14972509917492244,
  "деревянный": 0.1492572082400008,
  "назад": 0.14832142637015755,
  "кухня": 0.14832142637015755,
  "план": 0.14832142637015755
}