{
  "придворовый": 1.0,
  "разъезжий": 0.9580193825428694,
  "горсад": 0.9575987292596173,
  "подьезд": 0.9511512264992615,
  "подьезда": 0.9467909376390694,
  "крестильня": 0.9360385562096257,
  "бобыльский": 0.92707825446874,
  "королевка": 0.9177722434203541,
  "полукаменный": 0.9152191197457745,
  "автопарковка": 0.90979124186326,
  "флигелек": 0.9081550456442657,
  "красильня": 0.9081469226843133,
  "приселок": 0.9068166912901948,
  "полуразваливаться": 0.8975019770704313,
  "мощеный": 0.8938081577339572,
  "тратуар": 0.8928148357740572,
  "подклеть": 0.8884588017976497,
  "паркоместо": 0.8870428925164137,
  "хитровка": 0.8868166100605953,
  "улица": 0.8111943671527614,
  "окно": 0.7881596844323837,
  "машина": 0.6599125319891996,
  "выйти": 0.6125980485635588,
  "сидеть": 0.527307466598917,
  "нога": 0.4812381011581616,
  "земля": 0.46816436231686614,
  "никто": 0.46691924433198084,
  "стоялый": 0.4656741263470955,
  "увидеть": 0.4600710954151118,
  "оказаться": 0.45820341843778384,
  "отец": 0.41960476090634014,
  "смотреть": 0.4183596429214548,
  "женщина": 0.41586940695168423,
  "квартира": 0.41586940695168423,
  "ряд": 0.4152468479592416,
  "пока": 0.4115114940045858,
  "сразу": 0.4009279911330608,
  "иван": 0.3996828731481756,
  "чёрный": 0.39096704725397863,
  "комната": 0.38909937027665065,
  "голова": 0.3716677184882567,
  "выходить": 0.36917748251848614,
  "играть": 0.3598390976318465,
  "ходить": 0.3598390976318465,
  "высокий": 0.35921653863940395,
  "школа": 0.35859397964696127,
  "ночь": 0.35112327173764957,
  "дорога": 0.35050071274520694,
  "найти": 0.3467653587905511,
  "стоять": 0.34489768181322317,
  "лишь": 0.3411623278585673,
  "остаться": 0.3349367379341409,
  "мама": 0.33431417894169824,
  "взять": 0.3287111480097145,
  "стена": 0.3268434710323866,
  "находиться": 0.3262209120399439,
  "сын": 0.32373067607017336,
  "стол": 0.32310811707773074,
  "маленький": 0.31875020413063226,
  "начать": 0.30941181924399264,
  "любить": 0.30878926025155,
  "однако": 0.3062990242817794,
  "ещё": 0.30380878831200886,
  "свет": 0.30318622931956624,
  "деньга": 0.30256367032712356,
  "понять": 0.3013185523422383,
  "подъезд": 0.2988283163724677,
  "вместе": 0.29633808040269716,
  "собака": 0.2950929624178119,
  "здание": 0.2938478444329266,
  "часть": 0.2926027264480413,
  "война": 0.2919801674555987,
  "жена": 0.29135760846315606,
  "огромный": 0.2907350494707134,
  "помнить": 0.28886737249338545,
  "имя": 0.28699969551605753,
  "главный": 0.27641619264453265,
  "пойти": 0.27641619264453265,
  "вернуться": 0.27454851566720473,
  "пять": 0.2739259566747621,
  "век": 0.2739259566747621,
  "дерево": 0.2708131617125489,
  "этаж": 0.2708131617125489,
  "семья": 0.2708131617125489,
  "угол": 0.2695680437276636,
  "именно": 0.26770036675033565,
  "снег": 0.267077807757893,
  "четыре": 0.2664552487654504,
  "сад": 0.2658326897730078,
  "ждать": 0.2639650127956798,
  "далёкий": 0.26085221783346657,
  "московский": 0.2596070998485813,
  "полный": 0.258361981863696,
  "ворот": 0.25649430488636815,
  "вокруг": 0.2527589509317123,
  "стоить": 0.251513832946827,
  "решить": 0.2502687149619417,
  "вечер": 0.24964615596949907,
  "крыша": 0.24964615596949907,
  "прямо": 0.2484010379846138
}