{
  "паркоместо": 1.0,
  "улица": 0.9144928323043309,
  "окно": 0.8885248854161804,
  "машина": 0.7439465865253959,
  "выйти": 0.6906070199443297,
  "сидеть": 0.5944554328179342,
  "нога": 0.5425195390416331,
  "земля": 0.5277809745916017,
  "никто": 0.5263773017868367,
  "стоялый": 0.5249736289820718,
  "увидеть": 0.5186571013606298,
  "оказаться": 0.5165515921534823,
  "отец": 0.4730377352057706,
  "смотреть": 0.47163406240100564,
  "женщина": 0.46882671679147586,
  "квартира": 0.46882671679147586,
  "ряд": 0.4681248803890934,
  "пока": 0.4639138619747987,
  "сразу": 0.4519826431342971,
  "иван": 0.4505789703295322,
  "чёрный": 0.44075326069617793,
  "комната": 0.43864775148903057,
  "голова": 0.41899633222232197,
  "выходить": 0.4161889866127922,
  "играть": 0.40566144057705544,
  "ходить": 0.40566144057705544,
  "высокий": 0.404959604174673,
  "школа": 0.40425776777229055,
  "ночь": 0.39583573094370117,
  "дорога": 0.3951338945413187,
  "найти": 0.39092287612702403,
  "стоять": 0.3888173669198767,
  "лишь": 0.384606348505582,
  "остаться": 0.3775879844817575,
  "мама": 0.37688614807937504,
  "взять": 0.370569620457933,
  "стена": 0.36846411125078565,
  "находиться": 0.3677622748484032,
  "сын": 0.3649549292388734,
  "стол": 0.364253092836491,
  "маленький": 0.35934023801981385,
  "начать": 0.3488126919840771,
  "любить": 0.3481108555816947,
  "однако": 0.34530350997216486,
  "ещё": 0.342496164362635,
  "свет": 0.3417943279602526,
  "деньга": 0.34109249155787014,
  "понять": 0.33968881875310525,
  "подъезд": 0.33688147314357547,
  "вместе": 0.3340741275340457,
  "собака": 0.3326704547292808,
  "здание": 0.3312667819245159,
  "часть": 0.329863109119751,
  "война": 0.3291612727173685,
  "жена": 0.3284594363149861,
  "огромный": 0.3277575999126036,
  "помнить": 0.32565209070545625,
  "имя": 0.32354658149830895,
  "главный": 0.3116153626578073,
  "пойти": 0.3116153626578073,
  "вернуться": 0.30950985345065996,
  "пять": 0.30880801704827754,
  "век": 0.30880801704827754,
  "дерево": 0.3052988350363653,
  "этаж": 0.3052988350363653,
  "семья": 0.3052988350363653,
  "угол": 0.3038951622316004,
  "именно": 0.301789653024453,
  "снег": 0.30108781662207057,
  "четыре": 0.3003859802196881,
  "сад": 0.2996841438173057,
  "ждать": 0.2975786346101583,
  "далёкий": 0.2940694525982461,
  "московский": 0.2926657797934812,
  "полный": 0.2912621069887163,
  "ворот": 0.28915659778156894,
  "вокруг": 0.28494557936727427,
  "стоить": 0.2835419065625093,
  "решить": 0.28213823375774444,
  "вечер": 0.281436397355362,
  "крыша": 0.281436397355362,
  "прямо": 0.28003272455059713,
  "красный": 0.28003272455059713,
  "пройти": 0.27862905174583225,
  "прийтись": 0.2765235425386849,
  "всякий": 0.2758217061363024,
  "никакой": 0.27231252412439017,
  "давать": 0.2709088513196253,
  "девочка": 0.2702070149172428,
  "среди": 0.2695051785148604,
  "хозяин": 0.2688033421124779,
  "появиться": 0.2688033421124779,
  "правда": 0.26739966930771303,
  "минута": 0.2666978329053306,
  "понимать": 0.26599599650294814,
  "сила": 0.26599599650294814,
  "небо": 0.2652941601005657,
  "бывать": 0.26459232369818325,
  "словно": 0.26318865089341836,
  "история": 0.26318865089341836
}