{
  "кушниренко": 1.0,
  "майстренко": 0.9855938166556102,
  "генконструктор": 0.983832323462995,
  "генеральный": 0.5863680907744974,
  "компания": 0.5106146001176876,
  "совет": 0.5052036364993441,
  "предприятие": 0.3268222025479512,
  "заместитель": 0.3060801753443009,
  "институт": 0.30553907898246657,
  "завод": 0.2584636955028775,
  "школа": 0.253052731884534,
  "александр": 0.2231120665296996,
  "общество": 0.2178814683653008,
  "председатель": 0.21589744837190816,
  "область": 0.2146348901942947,
  "решение": 0.21355269747062597,
  "президент": 0.21283123565484682,
  "главный": 0.2083220993062272,
  "театр": 0.20471479022733147,
  "рынок": 0.2014682120563253,
  "владимир": 0.19533578662220263,
  "имя": 0.18776043755652164,
  "однако": 0.18487459029340508,
  "руководитель": 0.18307093575395722,
  "центр": 0.17910289576717195,
  "оао": 0.17279010487910443,
  "деньга": 0.17008462306993266,
  "фирма": 0.1695435267080983,
  "член": 0.16755950671470565,
  "проблема": 0.15944306128719032,
  "принять": 0.1585412340174664,
  "управление": 0.1574590412937977,
  "акционер": 0.1558357522082946,
  "считать": 0.1534910013070124,
  "наука": 0.15276953949123329,
  "бывший": 0.15222844312939893,
  "оказаться": 0.15168734676756454,
  "высокий": 0.15132661585967497,
  "тысяча": 0.15096588495178542,
  "сергей": 0.14952296132022713,
  "московский": 0.14916223041233756,
  "организация": 0.14808003768866884,
  "проект": 0.1475389413268345,
  "собрание": 0.14699784496500012,
  "программа": 0.14663711405711055,
  "начальник": 0.1460960176952762,
  "группа": 0.14429236315582836,
  "новое": 0.143751266793994,
  "являться": 0.14357090134004918,
  "производство": 0.141226150438767,
  "крупный": 0.14086541953087742,
  "миллион": 0.14014395771509827,
  "государственный": 0.1383403031756504,
  "именно": 0.13797957226776086,
  "отношение": 0.1374384759059265,
  "развитие": 0.13689737954409215,
  "общий": 0.136175917728313,
  "акция": 0.1352740904585891,
  "николай": 0.133650801373086,
  "сегодня": 0.13238824319547252,
  "пока": 0.13166678137969337,
  "руководство": 0.13148641592574858,
  "представитель": 0.13058458865602468,
  "рубль": 0.12914166502446636,
  "деятельность": 0.12679691412318417,
  "лишь": 0.1264361832152946,
  "число": 0.12409143231401239,
  "сотрудник": 0.1228288741363989,
  "решить": 0.12264850868245408,
  "начать": 0.12012339232722709,
  "право": 0.11940193051144796,
  "правительство": 0.11795900687988967,
  "связь": 0.11741791051805531,
  "власть": 0.11705717961016575,
  "андрей": 0.11579462143255226,
  "советский": 0.11507315961677311,
  "должность": 0.11507315961677311,
  "качество": 0.11435169780099398,
  "часть": 0.1139909668931044,
  "никто": 0.11308913962338048,
  "министр": 0.11290877416943568,
  "создать": 0.11128548508393261,
  "глава": 0.11128548508393261,
  "результат": 0.10948183054448475,
  "отдел": 0.10785854145898169,
  "ряд": 0.10749781055109212,
  "кабинет": 0.10713707964320254,
  "участие": 0.10695671418925776,
  "финансовый": 0.10695671418925776,
  "история": 0.10587452146558905,
  "ситуация": 0.10515305964980991,
  "международный": 0.10515305964980991,
  "первое": 0.10515305964980991,
  "месяц": 0.10497269419586512,
  "михаил": 0.10479232874192033,
  "закон": 0.10461196328797555,
  "заявить": 0.10461196328797555,
  "поэтому": 0.10443159783403078,
  "начало": 0.1040708669261412,
  "музей": 0.10371013601825162,
  "некоторый": 0.10334940511036204,
  "находиться": 0.10334940511036204,
  "мнение": 0.1028083087485277,
  "исполнительный": 0.10226721238669334,
  "средство": 0.10208684693274855,
  "заниматься": 0.10208684693274855,
  "известный": 0.10190648147880377,
  "возможность": 0.10154575057091421,
  "фонд": 0.10136538511696941,
  "сразу": 0.10046355784724549,
  "бизнес": 0.1002831923933007,
  "служба": 0.09974209603146635,
  "машина": 0.0990206342156872,
  "остаться": 0.09829917239990807,
  "иван": 0.09811880694596327,
  "научный": 0.09811880694596327,
  "например": 0.09775807603807371,
  "назначить": 0.09739734513018414,
  "район": 0.09739734513018414,
  "вместе": 0.09739734513018414,
  "департамент": 0.09613478695257063,
  "роль": 0.09613478695257063,
  "цена": 0.09595442149862586,
  "специалист": 0.09559369059073629,
  "документ": 0.0952329596828467,
  "появиться": 0.09487222877495713,
  "государство": 0.09433113241312278,
  "орган": 0.094150766959178,
  "среди": 0.09342930514339885,
  "доллар": 0.09216674696578536,
  "создание": 0.091625650603951,
  "администрация": 0.09126491969606143,
  "важный": 0.09108455424211664,
  "найти": 0.09054345788028229,
  "интерес": 0.0903630924263375,
  "кроме": 0.08982199606450315,
  "игорь": 0.08892016879477922,
  "условие": 0.08892016879477922,
  "уровень": 0.08855943788688965,
  "предложить": 0.08837907243294486,
  "банка": 0.08819870697900008,
  "взять": 0.08801834152505529,
  "строительство": 0.08801834152505529,
  "газета": 0.08747724516322095,
  "юрий": 0.08747724516322095,
  "понимать": 0.08729687970927615,
  "необходимый": 0.08729687970927615,
  "борис": 0.08729687970927615,
  "комиссия": 0.08711651425533137,
  "состав": 0.08675578334744179
}