{
  "дирек": 1.0,
  "финдиректор": 0.9672260656849687,
  "заведующий": 0.9628265338800278,
  "уководитель": 0.9232697856820586,
  "учередитель": 0.9213075167945318,
  "комиссаренко": 0.9193327333179361,
  "сооснователь": 0.9073925078517372,
  "гендир": 0.9022478910349127,
  "евстратов": 0.8913090194791446,
  "кушниренко": 0.8907177518418626,
  "милехин": 0.8893969023403495,
  "редседатель": 0.8891583780083928,
  "медников": 0.8878440659787814,
  "удовенко": 0.8857714072085714,
  "калаев": 0.884419924981576,
  "енеральный": 0.879014836605696,
  "майстренко": 0.877885908600726,
  "сиренко": 0.8774849747882396,
  "генконструктор": 0.8763169153443151,
  "горожанкин": 0.8750785313812193,
  "заведующая": 0.874654342847254,
  "биленко": 0.8742644293445446,
  "семенихин": 0.8740071331289844,
  "вальчук": 0.8693786030225721,
  "мингалев": 0.8684435577557158,
  "паринов": 0.8671072984990058,
  "петрунин": 0.8664983796875891,
  "заренков": 0.8653602992219568,
  "меренков": 0.8639982636474629,
  "долженко": 0.8638131598001887,
  "лобастов": 0.8632328190802281,
  "свинаренко": 0.8620215189292966,
  "комстрин": 0.8619724878900338,
  "поминов": 0.8616963263984143,
  "иванюк": 0.859117947480379,
  "сокуренко": 0.8590071840278728,
  "филимоненко": 0.8584053630430923,
  "шаповаленко": 0.858061211843695,
  "старенко": 0.8571690337140228,
  "балаев": 0.8567122512130045,
  "санкин": 0.8549436782786799,
  "седельников": 0.8541143532717198,
  "тимашов": 0.8530224086792224,
  "генеральный": 0.7834327013496984,
  "компания": 0.6822202330116875,
  "совет": 0.6749907709875439,
  "предприятие": 0.4366595062582755,
  "заместитель": 0.4089465684990582,
  "институт": 0.4082236222966439,
  "завод": 0.34532730268659423,
  "школа": 0.3380978406624506,
  "александр": 0.29809481746218913,
  "общество": 0.291106337505517,
  "председатель": 0.28845553476333097,
  "область": 0.2867686602910308,
  "решение": 0.2853227678862021,
  "президент": 0.28435883961631625,
  "главный": 0.2783342879295299,
  "театр": 0.2735146465801008,
  "рынок": 0.26917696936561464,
  "владимир": 0.2609835790715852,
  "имя": 0.2508623322377841,
  "однако": 0.24700661915824082,
  "руководитель": 0.24459679848352628,
  "центр": 0.2392951929991543,
  "оао": 0.23086082063765334,
  "деньга": 0.22724608962558157,
  "фирма": 0.22652314342316718,
  "член": 0.2238723406809812,
  "проблема": 0.21302814764476574,
  "принять": 0.21182323730740846,
  "управление": 0.21037734490257975,
  "акционер": 0.20820850629533663,
  "считать": 0.20507573941820775,
  "наука": 0.20411181114832194,
  "бывший": 0.20338886494590755,
  "оказаться": 0.2026659187434932,
  "высокий": 0.2021839546085503,
  "тысяча": 0.20170199047360737,
  "сергей": 0.19977413393383572,
  "московский": 0.19929216979889286,
  "организация": 0.19784627739406413,
  "проект": 0.19712333119164974,
  "собрание": 0.19640038498923537,
  "программа": 0.19591842085429248,
  "начальник": 0.1951954746518781,
  "группа": 0.19278565397716355,
  "новое": 0.1920627077747492,
  "являться": 0.19182172570727776,
  "производство": 0.18868895883014886,
  "крупный": 0.18820699469520594,
  "миллион": 0.1872430664253201,
  "государственный": 0.18483324575060556,
  "именно": 0.18435128161566264,
  "отношение": 0.1836283354132483,
  "развитие": 0.18290538921083394,
  "общий": 0.1819414609409481,
  "акция": 0.18073655060359084,
  "николай": 0.17856771199634774,
  "сегодня": 0.17688083752404757
}