{
  "кушниренко": 1.0,
  "майстренко": 0.9855938166556102,
  "генконструктор": 0.983832323462995,
  "генеральный": 0.8795521361617462,
  "компания": 0.7659219001765314,
  "совет": 0.7578054547490161,
  "предприятие": 0.49023330382192687,
  "заместитель": 0.4591202630164513,
  "институт": 0.4583086184736998,
  "завод": 0.3876955432543163,
  "школа": 0.37957909782680094,
  "александр": 0.33466809979454937,
  "общество": 0.3268222025479512,
  "председатель": 0.32384617255786224,
  "область": 0.321952335291442,
  "решение": 0.32032904620593894,
  "президент": 0.3192468534822702,
  "главный": 0.31248314895934076,
  "театр": 0.3070721853409972,
  "рынок": 0.302202318084488,
  "владимир": 0.29300367993330395,
  "имя": 0.2816406563347824,
  "однако": 0.2773118854401076,
  "руководитель": 0.27460640363093586,
  "центр": 0.2686543436507579,
  "оао": 0.25918515731865666,
  "деньга": 0.255126934604899,
  "фирма": 0.2543152900621474,
  "член": 0.2513392600720585,
  "проблема": 0.23916459193078551,
  "принять": 0.2378118510261996,
  "управление": 0.23618856194069654,
  "акционер": 0.2337536283124419,
  "считать": 0.23023650196051862,
  "наука": 0.2291543092368499,
  "бывший": 0.22834266469409834,
  "оказаться": 0.22753102015134682,
  "высокий": 0.22698992378951247,
  "тысяча": 0.2264488274276781,
  "сергей": 0.22428444198034067,
  "московский": 0.22374334561850637,
  "организация": 0.22212005653300326,
  "проект": 0.2213084119902517,
  "собрание": 0.22049676744750019,
  "программа": 0.21995567108566583,
  "начальник": 0.2191440265429143,
  "группа": 0.21643854473374252,
  "новое": 0.215626900190991,
  "являться": 0.21535635201007383,
  "производство": 0.2118392256581505,
  "крупный": 0.21129812929631614,
  "миллион": 0.21021593657264742,
  "государственный": 0.20751045476347563,
  "именно": 0.20696935840164127,
  "отношение": 0.20615771385888976,
  "развитие": 0.20534606931613822,
  "общий": 0.2042638765924695,
  "акция": 0.20291113568788363,
  "николай": 0.20047620205962902,
  "сегодня": 0.19858236479320876,
  "пока": 0.19750017206954004,
  "руководство": 0.19722962388862286,
  "представитель": 0.195876882984037,
  "рубль": 0.19371249753669956,
  "деятельность": 0.19019537118477625,
  "лишь": 0.1896542748229419,
  "число": 0.1861371484710186,
  "сотрудник": 0.1842433112045983,
  "решить": 0.18397276302368112,
  "начать": 0.18018508849084067,
  "право": 0.17910289576717195,
  "правительство": 0.1769385103198345,
  "связь": 0.17612686577708297,
  "власть": 0.17558576941524862,
  "андрей": 0.1736919321488284,
  "советский": 0.17260973942515967,
  "должность": 0.17260973942515967,
  "качество": 0.17152754670149095,
  "часть": 0.1709864503396566,
  "никто": 0.1696337094350707,
  "министр": 0.16936316125415352,
  "создать": 0.16692822762589893,
  "глава": 0.16692822762589893,
  "результат": 0.16422274581672713,
  "отдел": 0.16178781218847252,
  "ряд": 0.1612467158266382,
  "кабинет": 0.16070561946480383,
  "участие": 0.16043507128388665,
  "финансовый": 0.16043507128388665,
  "история": 0.15881178219838357,
  "ситуация": 0.15772958947471488,
  "международный": 0.15772958947471488,
  "первое": 0.15772958947471488,
  "месяц": 0.1574590412937977,
  "михаил": 0.15718849311288052,
  "закон": 0.15691794493196334,
  "заявить": 0.15691794493196334,
  "поэтому": 0.15664739675104616,
  "начало": 0.15610630038921178,
  "музей": 0.15556520402737742
}