{
  "машина": 1.0,
  "железный": 0.794954721862872,
  "путь": 0.6222509702457956,
  "земля": 0.4514877102199224,
  "оказаться": 0.4314359637774903,
  "ехать": 0.4298188874514877,
  "пока": 0.41623544631306597,
  "ряд": 0.41009055627425617,
  "улица": 0.39165588615782665,
  "увидеть": 0.3819534282018111,
  "выйти": 0.3761319534282018,
  "никто": 0.3745148771021992,
  "остаться": 0.3703104786545925,
  "нога": 0.36966364812419145,
  "километр": 0.3641655886157827,
  "сидеть": 0.36384217335058217,
  "далёкий": 0.36222509702457956,
  "автомобиль": 0.3576972833117723,
  "лишь": 0.35446313065976714,
  "тысяча": 0.34411384217335056,
  "часть": 0.3412031047865459,
  "деньга": 0.3386157826649418,
  "смотреть": 0.3357050452781371,
  "однако": 0.3357050452781371,
  "взять": 0.3292367399741268,
  "сразу": 0.3292367399741268,
  "найти": 0.32503234152652005,
  "понять": 0.3179172056921087,
  "главный": 0.3127425614489004,
  "решить": 0.3114489003880983,
  "война": 0.3088615782664942,
  "сила": 0.30853816300129366,
  "чёрный": 0.30692108667529105,
  "именно": 0.3040103492884864,
  "высокий": 0.3010996119016818,
  "вместе": 0.3001293661060802,
  "голова": 0.29948253557567917,
  "начать": 0.2985122897800776,
  "женщина": 0.296248382923674,
  "движение": 0.28654592496765846,
  "вода": 0.2849288486416559,
  "отец": 0.28007761966364814,
  "ещё": 0.27878395860284605,
  "находиться": 0.27716688227684344,
  "понимать": 0.2684346701164295,
  "водитель": 0.26617076326002587,
  "строительство": 0.2655239327296248,
  "минута": 0.2655239327296248,
  "дверь": 0.2629366106080207,
  "огромный": 0.26067270375161705,
  "поэтому": 0.26067270375161705,
  "свет": 0.259379042690815,
  "пойти": 0.259379042690815,
  "маленький": 0.2577619663648124,
  "поезд": 0.2574385510996119,
  "метр": 0.2574385510996119,
  "полный": 0.25711513583441137,
  "вести": 0.25452781371280725,
  "имя": 0.2538809831824062,
  "давать": 0.25323415265200516,
  "пройти": 0.2522639068564036,
  "прийтись": 0.2512936610608021,
  "ночь": 0.25097024579560157,
  "окно": 0.24902975420439843,
  "стоить": 0.24902975420439843,
  "час": 0.24708926261319533,
  "пять": 0.24676584734799484,
  "никакой": 0.24676584734799484,
  "снова": 0.2445019404915912,
  "ждать": 0.24385510996119017,
  "гора": 0.2422380336351876,
  "стоять": 0.24159120310478654,
  "область": 0.24159120310478654,
  "считать": 0.24126778783958602,
  "назад": 0.2409443725743855,
  "общий": 0.23997412677878396,
  "прямо": 0.23932729624838292,
  "район": 0.23835705045278138,
  "вдоль": 0.23771021992238034,
  "река": 0.23738680465717982,
  "любить": 0.23673997412677877,
  "власть": 0.23609314359637776,
  "новое": 0.23576972833117724,
  "правда": 0.2335058214747736,
  "особенно": 0.23124191461837,
  "вернуться": 0.23059508408796894,
  "некоторый": 0.2296248382923674,
  "вообще": 0.22897800776196636,
  "советский": 0.22865459249676584,
  "пора": 0.22833117723156532,
  "из-за": 0.22833117723156532,
  "нужно": 0.22833117723156532,
  "ходить": 0.22703751617076326,
  "берег": 0.22639068564036222,
  "начало": 0.22639068564036222,
  "станция": 0.22477360931435963,
  "среди": 0.2244501940491591,
  "стоялый": 0.2244501940491591,
  "принять": 0.2241267787839586,
  "домой": 0.2238033635187581
}