{
  "допсоглашение": 1.0,
  "сублизинг": 0.7538840176803363,
  "право": 0.5389726293002849,
  "условие": 0.38449579094019487,
  "федерация": 0.32116707243239806,
  "иной": 0.316643592538984,
  "закон": 0.306013414789461,
  "срок": 0.2845268852957442,
  "организация": 0.2716349675995141,
  "отношение": 0.27027792363148995,
  "международный": 0.2587430499032841,
  "заключение": 0.25738600593525984,
  "заключить": 0.25670748395124776,
  "являться": 0.2533148740311872,
  "государство": 0.23883973837226224,
  "суд": 0.23838739038292078,
  "услуга": 0.23476860646818956,
  "государственный": 0.2309236485587876,
  "соглашение": 0.2304713005694462,
  "документ": 0.22300755874531303,
  "решение": 0.21848407885189897,
  "компания": 0.2159961649105212,
  "соответствие": 0.2092109450704001,
  "рф": 0.20853242308638803,
  "порядок": 0.2064968571343517,
  "средство": 0.2064968571343517,
  "подписать": 0.206270683139681,
  "сумма": 0.20287807321962048,
  "предприятие": 0.20016398528357204,
  "требование": 0.19224789547009744,
  "настоящий": 0.18749824158201267,
  "имущество": 0.18727206758734197,
  "правило": 0.18365328367261072,
  "страхование": 0.1798083257632088,
  "сила": 0.17754658581650176,
  "действие": 0.1746063238857826,
  "счёт": 0.17415397589644122,
  "деньга": 0.17392780190177048,
  "товар": 0.16985666999769786,
  "обязательство": 0.16985666999769786,
  "аренда": 0.1660117120882959,
  "орган": 0.1657855380936252,
  "предусмотреть": 0.16465466812027169,
  "связь": 0.16442849412560098,
  "статья": 0.16148823219488184,
  "исполнение": 0.15651240431212637,
  "трудовой": 0.15244127240805372,
  "основание": 0.15244127240805372,
  "однако": 0.1515365764293709,
  "часть": 0.15063188045068812,
  "федеральный": 0.1501795324613467,
  "власть": 0.14746544452529828,
  "рубль": 0.14271579063721349,
  "принять": 0.13841848473847015,
  "общий": 0.13796613674912875,
  "число": 0.13773996275445805,
  "необходимый": 0.13706144077044594,
  "управление": 0.1350258748184096,
  "территория": 0.1347997008237389,
  "качество": 0.1341211788397268,
  "правительство": 0.1334426568557147,
  "деятельность": 0.13231178688236117,
  "положение": 0.13163326489834906,
  "область": 0.13140709090367836,
  "собственность": 0.13050239492499555,
  "указанный": 0.12982387294098344,
  "квартира": 0.12959769894631273,
  "цена": 0.1280144809836178,
  "тысяча": 0.1275621329942764,
  "клиент": 0.1273359589996057,
  "соответствующий": 0.1268836110102643,
  "либо": 0.12575274103691078,
  "сделка": 0.12371717508487445,
  "возможность": 0.12326482709553306,
  "предусмотренный": 0.12303865310086236,
  "президент": 0.12213395712217955,
  "гражданин": 0.12190778312750884,
  "иностранный": 0.12190778312750884,
  "юридический": 0.12145543513816742,
  "размер": 0.12032456516481391,
  "пункт": 0.11987221717547251,
  "результат": 0.11987221717547251,
  "ст": 0.1189675211967897,
  "страховой": 0.1189675211967897,
  "законодательство": 0.1185151732074483,
  "форма": 0.1182889992127776,
  "покупатель": 0.11738430323409478,
  "момент": 0.11715812923942409,
  "фирма": 0.11647960725541197,
  "миллион": 0.11557491127672916,
  "рынок": 0.11557491127672916,
  "общество": 0.11489638929271706,
  "оплата": 0.11467021529804634,
  "проект": 0.11399169331403425,
  "проблема": 0.11399169331403425,
  "кодекс": 0.11308699733535144,
  "установленный": 0.11150377937265651,
  "работник": 0.1112776053779858,
  "например": 0.10901586543127877,
  "плата": 0.10833734344726667,
  "заключать": 0.10811116945259598,
  "акт": 0.10811116945259598,
  "цель": 0.10811116945259598,
  "сша": 0.10720647347391316,
  "участок": 0.10720647347391316,
  "союз": 0.10517090752187683,
  "процент": 0.10517090752187683,
  "правовой": 0.10471855953253544,
  "обязать": 0.10449238553786472,
  "интерес": 0.10449238553786472,
  "объект": 0.10426621154319402,
  "обязанность": 0.10381386355385262,
  "война": 0.10245681958582838,
  "выполнение": 0.10245681958582838,
  "республика": 0.1017782976018163,
  "передача": 0.1017782976018163,
  "ответственность": 0.10155212360714559,
  "советский": 0.10155212360714559,
  "использование": 0.10109977561780417,
  "основа": 0.10087360162313347,
  "лишь": 0.09974273164977995,
  "военный": 0.09974273164977995,
  "вправе": 0.09748099170307294,
  "месяц": 0.09725481770840223,
  "именно": 0.09657629572439011,
  "заказчик": 0.09612394773504872,
  "сотрудничество": 0.09589777374037801,
  "гражданский": 0.09589777374037801,
  "фонд": 0.0952192517563659,
  "стоимость": 0.09431455577768309,
  "передать": 0.09408838178301239,
  "банк": 0.09250516382031747,
  "согласно": 0.09227898982564676,
  "поставка": 0.09046959786828115,
  "кроме": 0.09001724987893973,
  "полный": 0.09001724987893973,
  "определённый": 0.09001724987893973,
  "считать": 0.08956490188959833,
  "участник": 0.08956490188959833,
  "ситуация": 0.08911255390025692,
  "новое": 0.08911255390025692,
  "любой": 0.08888637990558623,
  "помещение": 0.08888637990558623,
  "заключённый": 0.08843403191624481,
  "политический": 0.08820785792157412,
  "образ": 0.087529335937562,
  "информация": 0.0866246399588792,
  "экономический": 0.08639846596420848,
  "течение": 0.08639846596420848,
  "поэтому": 0.08639846596420848
}