{
  "проселочный": 1.0,
  "проселок": 0.8903125759474002,
  "пешеходник": 0.8519416339186048,
  "федералка": 0.8385651129731615,
  "тратуар": 0.8203280379138962,
  "велодорога": 0.8172105225960236,
  "перекресток": 0.8098465116208814,
  "трасс": 0.8012581202354124,
  "наезженный": 0.7981183449009894,
  "проезжаемый": 0.7979497252756207,
  "велодорожка": 0.7969128855047304,
  "шестиполосной": 0.7922106955086521,
  "велополоса": 0.779739441736275,
  "четырехполосной": 0.7728135555868786,
  "подъездной": 0.7621456016552548,
  "автобанов": 0.7545985020439863,
  "екада": 0.7519106050455349,
  "автопавильон": 0.7517779989469422,
  "автозимник": 0.7506952081418873,
  "асфальтировка": 0.7444523865003494,
  "населенка": 0.7380434097352752,
  "велотрасса": 0.7372422081395817,
  "разъезжий": 0.7360372257436774,
  "машина": 0.6668948318363075,
  "железный": 0.5301511955542186,
  "путь": 0.414975956162049,
  "земля": 0.3010948205832747,
  "оказаться": 0.28772241451152464,
  "ехать": 0.28664399466702867,
  "пока": 0.2775852679732625,
  "ряд": 0.2734872725641779,
  "улица": 0.2611932863369238,
  "увидеть": 0.25472276726994797,
  "выйти": 0.2508404558297625,
  "никто": 0.2497620359852665,
  "остаться": 0.24695814438957697,
  "нога": 0.2465267764517786,
  "километр": 0.24286014898049232,
  "сидеть": 0.24264446501159312,
  "далёкий": 0.24156604516709715,
  "автомобиль": 0.23854646960250842,
  "лишь": 0.2363896299135165,
  "тысяча": 0.22948774290874227,
  "часть": 0.22754658718864954,
  "деньга": 0.225821115437456,
  "смотреть": 0.22387995971736324,
  "однако": 0.22387995971736324,
  "взять": 0.21956628033937936,
  "сразу": 0.21956628033937936,
  "найти": 0.21676238874368986,
  "понять": 0.2120173414279076,
  "главный": 0.20856639792552048,
  "решить": 0.2077036620499237,
  "война": 0.20597819029873016,
  "сила": 0.20576250632983095,
  "чёрный": 0.20468408648533498,
  "именно": 0.20274293076524225,
  "высокий": 0.2008017750451495,
  "вместе": 0.20015472313845192,
  "голова": 0.1997233552006535,
  "начать": 0.19907630329395593,
  "женщина": 0.1975665155116616,
  "движение": 0.19109599644468578,
  "вода": 0.1900175766001898,
  "отец": 0.1867823170667019,
  "ещё": 0.18591958119110513,
  "находиться": 0.18484116134660913,
  "понимать": 0.17901769418633093,
  "водитель": 0.17750790640403655,
  "строительство": 0.17707653846623816,
  "минута": 0.17707653846623816,
  "дверь": 0.17535106671504463,
  "огромный": 0.17384127893275025,
  "поэтому": 0.17384127893275025,
  "свет": 0.1729785430571535,
  "пойти": 0.1729785430571535,
  "маленький": 0.17190012321265752,
  "поезд": 0.1716844392437583,
  "метр": 0.1716844392437583,
  "полный": 0.17146875527485914,
  "вести": 0.16974328352366558,
  "имя": 0.1693119155858672,
  "давать": 0.16888054764806879,
  "пройти": 0.1682334957413712,
  "прийтись": 0.16758644383467367,
  "ночь": 0.16737075986577446,
  "окно": 0.16607665605237928,
  "стоить": 0.16607665605237928,
  "час": 0.1647825522389841,
  "пять": 0.16456686827008493,
  "никакой": 0.16456686827008493,
  "снова": 0.16305708048779058,
  "ждать": 0.1626257125499922,
  "гора": 0.16154729270549623,
  "стоять": 0.16111592476769782,
  "область": 0.16111592476769782,
  "считать": 0.16090024079879864,
  "назад": 0.16068455682989943,
  "общий": 0.16003750492320187,
  "прямо": 0.15960613698540346
}