{
  "нехотеевка": 1.0,
  "машина": 0.6238464455414758,
  "железный": 0.4959296776005652,
  "путь": 0.38818905602257425,
  "земля": 0.28165900322635845,
  "оказаться": 0.2691497924813483,
  "ехать": 0.2681409851632023,
  "пока": 0.259667003690776,
  "ряд": 0.2558335358818213,
  "улица": 0.24433313245495708,
  "увидеть": 0.23828028854608121,
  "выйти": 0.23464858220075563,
  "никто": 0.23363977488260967,
  "остаться": 0.23101687585543013,
  "нога": 0.23061335292817173,
  "километр": 0.22718340804647538,
  "сидеть": 0.2269816465828462,
  "далёкий": 0.22597283926470021,
  "автомобиль": 0.22314817877389145,
  "лишь": 0.22113056413759946,
  "тысяча": 0.21467419730146517,
  "часть": 0.21285834412880242,
  "деньга": 0.21124425241976885,
  "смотреть": 0.2094283992471061,
  "однако": 0.2094283992471061,
  "взять": 0.20539316997452214,
  "сразу": 0.20539316997452214,
  "найти": 0.2027702709473426,
  "понять": 0.19833151874750027,
  "главный": 0.19510333532943314,
  "решить": 0.1942962894749163,
  "война": 0.19268219776588277,
  "сила": 0.19248043630225356,
  "чёрный": 0.19147162898410758,
  "именно": 0.1896557758114448,
  "высокий": 0.18783992263878202,
  "вместе": 0.18723463824789446,
  "голова": 0.18683111532063604,
  "начать": 0.18622583092974848,
  "женщина": 0.1848135006843441,
  "движение": 0.17876065677546818,
  "вода": 0.1777518494573222,
  "отец": 0.17472542750288428,
  "ещё": 0.17391838164836745,
  "находиться": 0.1729095743302215,
  "понимать": 0.16746201481223316,
  "водитель": 0.16604968456682878,
  "строительство": 0.1656461616395704,
  "минута": 0.1656461616395704,
  "дверь": 0.16403206993053684,
  "огромный": 0.16261973968513246,
  "поэтому": 0.16261973968513246,
  "свет": 0.1618126938306157,
  "пойти": 0.1618126938306157,
  "маленький": 0.16080388651246968,
  "поезд": 0.1606021250488405,
  "метр": 0.1606021250488405,
  "полный": 0.16040036358521131,
  "вести": 0.15878627187617772,
  "имя": 0.15838274894891932,
  "давать": 0.15797922602166095,
  "пройти": 0.15737394163077334,
  "прийтись": 0.15676865723988578,
  "ночь": 0.15656689577625657,
  "окно": 0.1553563269944814,
  "стоить": 0.1553563269944814,
  "час": 0.1541457582127062,
  "пять": 0.15394399674907702,
  "никакой": 0.15394399674907702,
  "снова": 0.15253166650367264,
  "ждать": 0.15212814357641424,
  "гора": 0.15111933625826826,
  "стоять": 0.15071581333100986,
  "область": 0.15071581333100986,
  "считать": 0.15051405186738068,
  "назад": 0.1503122904037515,
  "общий": 0.14970700601286388,
  "прямо": 0.14930348308560548,
  "район": 0.1486981986947179,
  "вдоль": 0.1482946757674595,
  "река": 0.1480929143038303,
  "любить": 0.14768939137657192,
  "власть": 0.14728586844931352,
  "новое": 0.14708410698568433,
  "правда": 0.14567177674027995,
  "особенно": 0.14425944649487557,
  "вернуться": 0.1438559235676172,
  "некоторый": 0.1432506391767296,
  "вообще": 0.1428471162494712,
  "советский": 0.142645354785842,
  "пора": 0.14244359332221282,
  "из-за": 0.14244359332221282,
  "нужно": 0.14244359332221282,
  "ходить": 0.141636547467696,
  "берег": 0.14123302454043762,
  "начало": 0.14123302454043762,
  "станция": 0.14022421722229164,
  "среди": 0.14002245575866246,
  "стоялый": 0.14002245575866246,
  "принять": 0.13982069429503324,
  "домой": 0.13961893283140406,
  "помнить": 0.13961893283140406,
  "четыре": 0.13961893283140406,
  "история": 0.13941717136777484,
  "дерево": 0.13780307965874128,
  "вокруг": 0.1376013181951121,
  "туда": 0.1367942723405953,
  "писать": 0.1361889879497077,
  "уйти": 0.13578546502244931,
  "деревня": 0.13497841916793255,
  "оставаться": 0.13497841916793255,
  "сегодня": 0.13356608892252816,
  "леса": 0.13336432745889895,
  "участок": 0.13316256599526977,
  "московский": 0.13235552014075297,
  "поехать": 0.13215375867712378,
  "почему": 0.13175023574986539,
  "всякий": 0.131346712822607,
  "книга": 0.1307414284317194,
  "центр": 0.1305396669680902,
  "ваш": 0.130337905504461,
  "народ": 0.1301361440408318,
  "жена": 0.12993438257720263,
  "иван": 0.12993438257720263,
  "разный": 0.12993438257720263,
  "кроме": 0.12973262111357342,
  "собственный": 0.12892557525905662,
  "небо": 0.12872381379542744,
  "бог": 0.12832029086816904,
  "рубль": 0.12751324501365224,
  "местный": 0.12751324501365224,
  "число": 0.12731148355002306,
  "появиться": 0.1261009147682479,
  "военный": 0.1256973918409895,
  "часы": 0.12549563037736028,
  "образ": 0.1244868230592143,
  "проблема": 0.12367977720469751,
  "мост": 0.12367977720469751,
  "остановиться": 0.12327625427743913,
  "словно": 0.12307449281380994,
  "приехать": 0.12287273135018073,
  "начинать": 0.12267096988655153,
  "снег": 0.12246920842292235,
  "немой": 0.12226744695929313,
  "нужный": 0.12186392403203475,
  "первое": 0.12166216256840556,
  "быстро": 0.12166216256840556,
  "отношение": 0.12146040110477635,
  "транспорт": 0.12125863964114715,
  "важный": 0.12065335525025958
}