{
  "допсоглашение": 1.0,
  "право": 0.8084589439504274,
  "условие": 0.5767436864102923,
  "федерация": 0.48175060864859715,
  "иной": 0.474965388808476,
  "закон": 0.45902012218419147,
  "срок": 0.42679032794361627,
  "организация": 0.40745245139927116,
  "отношение": 0.40541688544723486,
  "международный": 0.38811457485492606,
  "заключение": 0.38607900890288976,
  "заключить": 0.38506122592687164,
  "являться": 0.3799723110467808,
  "государство": 0.3582596075583933,
  "суд": 0.35758108557438123,
  "услуга": 0.35215290970228436,
  "государственный": 0.34638547283818144,
  "соглашение": 0.3457069508541693,
  "документ": 0.3345113381179695,
  "решение": 0.3277261182778484,
  "компания": 0.32399424736578186,
  "соответствие": 0.3138164176056002,
  "рф": 0.3127986346295821,
  "порядок": 0.30974528570152754,
  "средство": 0.30974528570152754,
  "подписать": 0.3094060247095215,
  "сумма": 0.3043171098294307,
  "предприятие": 0.30024597792535807,
  "требование": 0.28837184320514614,
  "настоящий": 0.281247362373019,
  "имущество": 0.2809081013810129,
  "правило": 0.2754799255089161,
  "страхование": 0.2697124886448131,
  "сила": 0.2663198787247526,
  "действие": 0.2619094858286739,
  "счёт": 0.2612309638446618,
  "деньга": 0.2608917028526557,
  "товар": 0.25478500499654677,
  "обязательство": 0.25478500499654677,
  "аренда": 0.24901756813244383,
  "орган": 0.2486783071404378,
  "предусмотреть": 0.2469820021804075,
  "связь": 0.24664274118840146,
  "статья": 0.24223234829232276,
  "исполнение": 0.23476860646818956,
  "трудовой": 0.22866190861208058,
  "основание": 0.22866190861208058,
  "однако": 0.22730486464405636,
  "часть": 0.22594782067603217,
  "федеральный": 0.22526929869202006,
  "власть": 0.2211981667879474,
  "рубль": 0.21407368595582027,
  "принять": 0.20762772710770525,
  "общий": 0.2069492051236931,
  "число": 0.20660994413168704,
  "необходимый": 0.20559216115566892,
  "управление": 0.20253881222761438,
  "территория": 0.20219955123560834,
  "качество": 0.2011817682595902,
  "правительство": 0.20016398528357204,
  "деятельность": 0.19846768032354176,
  "положение": 0.19744989734752358,
  "область": 0.19711063635551754,
  "собственность": 0.19575359238749332,
  "указанный": 0.19473580941147517,
  "квартира": 0.19439654841946913,
  "цена": 0.1920217214754267,
  "тысяча": 0.19134319949141462,
  "клиент": 0.19100393849940858,
  "соответствующий": 0.19032541651539645,
  "либо": 0.18862911155536619,
  "сделка": 0.1855757626273117,
  "возможность": 0.18489724064329957,
  "предусмотренный": 0.18455797965129353,
  "президент": 0.1832009356832693,
  "гражданин": 0.18286167469126324,
  "иностранный": 0.18286167469126324,
  "юридический": 0.18218315270725116,
  "размер": 0.18048684774722087,
  "пункт": 0.1798083257632088,
  "результат": 0.1798083257632088,
  "ст": 0.17845128179518455,
  "страховой": 0.17845128179518455,
  "законодательство": 0.17777275981117246,
  "форма": 0.17743349881916637,
  "покупатель": 0.17607645485114218,
  "момент": 0.1757371938591361,
  "фирма": 0.17471941088311796,
  "миллион": 0.17336236691509374,
  "рынок": 0.17336236691509374,
  "общество": 0.1723445839390756,
  "оплата": 0.17200532294706952,
  "проект": 0.17098753997105137,
  "проблема": 0.17098753997105137,
  "кодекс": 0.16963049600302713,
  "установленный": 0.16725566905898476,
  "работник": 0.16691640806697872,
  "например": 0.16352379814691817,
  "плата": 0.1625060151709,
  "заключать": 0.16216675417889395
}