{
  "курганмашзавод": 1.0,
  "станкостроитель": 0.9812492762775645,
  "минизавод": 0.9771211890115596,
  "фармзавод": 0.9757381883822506,
  "мотозавод": 0.9751165310021862,
  "стеклозавод": 0.9666695743092266,
  "петрозаводскмаш": 0.9598514075625573,
  "химконцентрат": 0.9595359878579567,
  "промкомбинат": 0.9565010721719392,
  "кэмза": 0.9528703448175012,
  "станкомаш": 0.9478304310469571,
  "автостроительный": 0.9417742026810505,
  "атоммаш": 0.9387671731575961,
  "молкомбинат": 0.9308174913574151,
  "энергомашспецсталь": 0.9270311796203843,
  "строймаш": 0.9250562781869165,
  "центролит": 0.9124000412851236,
  "меткомбинат": 0.9118261644640849,
  "электровозоремонтный": 0.9114446001421854,
  "вагоностроитель": 0.9111670137983793,
  "резинотехника": 0.9109674747022345,
  "механообрабатывающий": 0.9089290642339051,
  "предприятие": 0.713189287700689,
  "производство": 0.6628618535046257,
  "компания": 0.42087294711111956,
  "директор": 0.3374284966306002,
  "тысяча": 0.3296055793980515,
  "продукция": 0.30457224425389573,
  "миллион": 0.29701009092909864,
  "рабочий": 0.27119446406168796,
  "область": 0.2638930746446425,
  "машина": 0.2571132130431003,
  "рынок": 0.2555486295965906,
  "крупный": 0.23859897559273507,
  "оао": 0.23781668386948018,
  "автомобиль": 0.20913265401680164,
  "строительство": 0.20652501493928543,
  "рубль": 0.20235279241525944,
  "новое": 0.20078820896874974,
  "проект": 0.19635522253697216,
  "оборудование": 0.1947906390904624,
  "имя": 0.18775001358116858,
  "сегодня": 0.1801878602563715,
  "главный": 0.1799270963486199,
  "качество": 0.17914480462536503,
  "фирма": 0.17627640164009717,
  "деньга": 0.1757548738245939,
  "однако": 0.17184341520831956,
  "начать": 0.17053959566956148,
  "высокий": 0.17027883176180983,
  "часть": 0.16923577613080334,
  "московский": 0.16010903935949655,
  "являться": 0.15828369200523518,
  "проблема": 0.15176459431144462,
  "около": 0.15176459431144462,
  "цена": 0.15098230258818973,
  "война": 0.1496784830494316,
  "создать": 0.14863542741842511,
  "цех": 0.14837466351067352,
  "число": 0.14550626052540566,
  "мощность": 0.14342014926339267,
  "выпуск": 0.14237709363238618,
  "оказаться": 0.14211632972463456,
  "группа": 0.14081251018587643,
  "решение": 0.13950869064711832,
  "развитие": 0.1392479267393667,
  "акция": 0.1392479267393667,
  "ряд": 0.13898716283161508,
  "условие": 0.13846563501611184,
  "выпускать": 0.13846563501611184,
  "пока": 0.13846563501611184,
  "управление": 0.13846563501611184,
  "производственный": 0.13768334329285695,
  "советский": 0.1371618154773537,
  "поэтому": 0.13272882904557612,
  "организация": 0.1311642455990664,
  "технология": 0.13090348169131474,
  "принять": 0.1303819538758115,
  "начало": 0.1303819538758115,
  "доллар": 0.12959966215255664,
  "институт": 0.1277743147982953,
  "например": 0.12725278698279205,
  "специалист": 0.1267312591672888,
  "создание": 0.1267312591672888,
  "военный": 0.12594896744403392,
  "именно": 0.12490591181302743,
  "металлургический": 0.12438438399752419,
  "общий": 0.12438438399752419,
  "промышленность": 0.12334132836651768,
  "средство": 0.12308056445876607,
  "остаться": 0.12047292538124985,
  "район": 0.12021216147349821,
  "руководство": 0.12021216147349821,
  "техника": 0.12021216147349821,
  "результат": 0.11942986975024333,
  "месяц": 0.11942986975024333,
  "лишь": 0.11838681411923685,
  "власть": 0.11838681411923685,
  "центр": 0.11656146676497549,
  "технический": 0.11603993894947225
}