{
  "фармзавод": 1.0,
  "химконцентрат": 0.9833949304052999,
  "предприятие": 0.7309227989560795,
  "производство": 0.6793439689017748,
  "компания": 0.4313379881225273,
  "директор": 0.3458186844055455,
  "тысяча": 0.3378012496820784,
  "продукция": 0.3121454585669839,
  "миллион": 0.30439527166763236,
  "рабочий": 0.2779377370801911,
  "область": 0.2704547980049552,
  "машина": 0.2635063545779504,
  "рынок": 0.26190286763325704,
  "крупный": 0.2445317590657451,
  "оао": 0.24373001559339835,
  "автомобиль": 0.21433275494068582,
  "строительство": 0.21166027669953016,
  "рубль": 0.20738431151368103,
  "новое": 0.20578082456898766,
  "проект": 0.201237611559023,
  "оборудование": 0.19963412461432958,
  "имя": 0.1924184333632092,
  "сегодня": 0.18466824646385774,
  "главный": 0.1844009986397422,
  "качество": 0.18359925516739548,
  "фирма": 0.18065952910212424,
  "деньга": 0.18012503345389308,
  "однако": 0.17611631609215955,
  "начать": 0.1747800769715817,
  "высокий": 0.17451282914746616,
  "часть": 0.17344383785100387,
  "московский": 0.16409016400695897,
  "являться": 0.16221942923815,
  "проблема": 0.15553823363526081,
  "около": 0.15553823363526081,
  "цена": 0.15473649016291408,
  "война": 0.15340025104233623,
  "создать": 0.15233125974587397,
  "цех": 0.15206401192175842,
  "число": 0.14912428585648715,
  "мощность": 0.1469863032635626,
  "выпуск": 0.14591731196710034,
  "оказаться": 0.1456500641429848,
  "группа": 0.14431382502240692,
  "решение": 0.14297758590182907,
  "развитие": 0.14271033807771352,
  "акция": 0.14271033807771352,
  "ряд": 0.14244309025359794,
  "условие": 0.1419085946053668,
  "выпускать": 0.1419085946053668,
  "пока": 0.1419085946053668,
  "управление": 0.1419085946053668,
  "производственный": 0.1411068511330201,
  "советский": 0.14057235548478897,
  "поэтому": 0.1360291424748243,
  "организация": 0.1344256555301309,
  "технология": 0.1341584077060153,
  "принять": 0.13362391205778418,
  "начало": 0.13362391205778418,
  "доллар": 0.13282216858543747,
  "институт": 0.13095143381662852,
  "например": 0.13041693816839736,
  "специалист": 0.12988244252016623,
  "создание": 0.12988244252016623,
  "военный": 0.12908069904781952,
  "именно": 0.12801170775135726,
  "металлургический": 0.12747721210312613,
  "общий": 0.12747721210312613,
  "промышленность": 0.12640822080666383,
  "средство": 0.12614097298254828,
  "остаться": 0.1234684947413926,
  "район": 0.12320124691727702,
  "руководство": 0.12320124691727702,
  "техника": 0.12320124691727702,
  "результат": 0.12239950344493031,
  "месяц": 0.12239950344493031,
  "лишь": 0.12133051214846803,
  "власть": 0.12133051214846803,
  "центр": 0.11945977737965906,
  "технический": 0.11892528173142793,
  "возможность": 0.11812353825908123,
  "комплекс": 0.1175890426108501,
  "самолёт": 0.11678729913850339,
  "производить": 0.11571830784204111,
  "построить": 0.11545106001792553,
  "кроме": 0.1149165643696944,
  "необходимый": 0.11464931654557883,
  "считать": 0.11464931654557883,
  "отец": 0.11384757307323212,
  "государственный": 0.11358032524911654,
  "объём": 0.11277858177676986,
  "решить": 0.11277858177676986,
  "двигатель": 0.11277858177676986,
  "автомобильный": 0.11251133395265428,
  "генеральный": 0.11197683830442315,
  "программа": 0.111442342656192,
  "собственный": 0.11037335135972974,
  "заниматься": 0.10957160788738303,
  "партия": 0.10930436006326746,
  "правительство": 0.10876986441503633
}