{
  "фармзавод": 1.0,
  "химконцентрат": 0.9833949304052999,
  "томскнефтехим": 0.9175884153822133,
  "киришинефтеоргсинтез": 0.9085423765084428,
  "предприятие": 0.48728186597071965,
  "производство": 0.45289597926784986,
  "компания": 0.28755865874835157,
  "директор": 0.230545789603697,
  "тысяча": 0.2252008331213856,
  "продукция": 0.20809697237798924,
  "миллион": 0.2029301811117549,
  "рабочий": 0.1852918247201274,
  "область": 0.18030319866997013,
  "машина": 0.17567090305196695,
  "рынок": 0.17460191175550469,
  "крупный": 0.1630211727104967,
  "оао": 0.16248667706226558,
  "автомобиль": 0.14288850329379055,
  "строительство": 0.1411068511330201,
  "рубль": 0.13825620767578736,
  "новое": 0.1371872163793251,
  "проект": 0.1341584077060153,
  "оборудование": 0.13308941640955305,
  "имя": 0.1282789555754728,
  "сегодня": 0.12311216430923849,
  "главный": 0.12293399909316144,
  "качество": 0.12239950344493031,
  "фирма": 0.12043968606808282,
  "деньга": 0.12008335563592872,
  "однако": 0.11741087739477304,
  "начать": 0.11652005131438781,
  "высокий": 0.11634188609831077,
  "часть": 0.11562922523400258,
  "московский": 0.10939344267130599,
  "являться": 0.10814628615876667,
  "проблема": 0.10369215575684052,
  "около": 0.10369215575684052,
  "цена": 0.10315766010860938,
  "война": 0.10226683402822417,
  "создать": 0.10155417316391598,
  "цех": 0.10137600794783892,
  "число": 0.09941619057099144,
  "мощность": 0.09799086884237507,
  "выпуск": 0.09727820797806688,
  "оказаться": 0.09710004276198984,
  "группа": 0.0962092166816046,
  "решение": 0.0953183906012194,
  "развитие": 0.09514022538514234,
  "акция": 0.09514022538514234,
  "ряд": 0.09496206016906529,
  "условие": 0.0946057297369112,
  "выпускать": 0.0946057297369112,
  "пока": 0.0946057297369112,
  "управление": 0.0946057297369112,
  "производственный": 0.09407123408868007,
  "советский": 0.09371490365652596,
  "поэтому": 0.0906860949832162,
  "организация": 0.08961710368675392,
  "технология": 0.08943893847067688,
  "принять": 0.08908260803852279,
  "начало": 0.08908260803852279,
  "доллар": 0.08854811239029166,
  "институт": 0.08730095587775234,
  "например": 0.08694462544559824,
  "специалист": 0.08658829501344414,
  "создание": 0.08658829501344414,
  "военный": 0.08605379936521301,
  "именно": 0.08534113850090484,
  "металлургический": 0.08498480806875075,
  "общий": 0.08498480806875075,
  "промышленность": 0.08427214720444255,
  "средство": 0.08409398198836551,
  "остаться": 0.08231232982759507,
  "район": 0.08213416461151801,
  "руководство": 0.08213416461151801,
  "техника": 0.08213416461151801,
  "результат": 0.08159966896328687,
  "месяц": 0.08159966896328687,
  "лишь": 0.0808870080989787,
  "власть": 0.0808870080989787,
  "центр": 0.07963985158643937,
  "технический": 0.07928352115428527,
  "возможность": 0.07874902550605414,
  "комплекс": 0.07839269507390005,
  "самолёт": 0.07785819942566892,
  "производить": 0.07714553856136074,
  "построить": 0.07696737334528368,
  "кроме": 0.0766110429131296,
  "необходимый": 0.07643287769705255,
  "считать": 0.07643287769705255,
  "отец": 0.07589838204882142,
  "государственный": 0.07572021683274438,
  "объём": 0.07518572118451324,
  "решить": 0.07518572118451324,
  "двигатель": 0.07518572118451324,
  "автомобильный": 0.0750075559684362,
  "генеральный": 0.07465122553628209,
  "программа": 0.074294895104128,
  "собственный": 0.07358223423981983,
  "заниматься": 0.0730477385915887,
  "партия": 0.07286957337551164,
  "правительство": 0.07251324294335755,
  "совет": 0.07251324294335755,
  "начальник": 0.07251324294335755,
  "труба": 0.07180058207904937,
  "материал": 0.07180058207904937,
  "связь": 0.07108792121474118,
  "база": 0.07108792121474118,
  "уровень": 0.07090975599866414,
  "территория": 0.07019709513435596,
  "появиться": 0.06984076470220187,
  "александр": 0.06930626905397073,
  "фабрика": 0.06912810383789368,
  "отношение": 0.06894993862181664,
  "руководитель": 0.06805911254143142,
  "некоторый": 0.06716828646104618,
  "производитель": 0.06699012124496914,
  "состав": 0.06699012124496914,
  "прошлое": 0.06681195602889209,
  "вместе": 0.06663379081281505,
  "среди": 0.06663379081281505,
  "труд": 0.06609929516458392,
  "план": 0.06592112994850687,
  "сила": 0.06574296473242983,
  "отечественный": 0.06574296473242983,
  "владимир": 0.06520846908419868,
  "представитель": 0.06467397343596754,
  "участие": 0.06467397343596754,
  "инженер": 0.0644958082198905,
  "полный": 0.0644958082198905,
  "срок": 0.06431764300381346,
  "начаться": 0.0641394777877364,
  "огромный": 0.06378314735558231,
  "готовый": 0.06378314735558231,
  "президент": 0.06378314735558231,
  "ситуация": 0.06360498213950527,
  "продажа": 0.06360498213950527,
  "основный": 0.06360498213950527,
  "бывший": 0.06342681692342823,
  "сразу": 0.06289232127519709,
  "урал": 0.06235782562696595,
  "никто": 0.06217966041088891,
  "промышленный": 0.062001495194811865,
  "взять": 0.06146699954658072,
  "современный": 0.06128883433050368,
  "местный": 0.06093250389834959,
  "счёт": 0.06075433868227254,
  "разработка": 0.060576173466195496,
  "затем": 0.06021984303404141,
  "выйти": 0.06004167781796436
}