{
  "ученость": 1.0,
  "осведомленность": 0.9845179486192023,
  "самообучение": 0.9837418102965287,
  "наука": 0.9730563656682155,
  "суперпрофессионал": 0.9636467179823512,
  "обучень": 0.9519570262267707,
  "теоритический": 0.9445619626567385,
  "взаимообучение": 0.9443528774188639,
  "суперпрофессиональный": 0.9442132165997787,
  "просвещенность": 0.9311389223799039,
  "совершенствовани": 0.9243754064257432,
  "самосовершенство": 0.9226613714646035,
  "сайтостроение": 0.9222506248197692,
  "выучивание": 0.9171942419839446,
  "почерпать": 0.9123923573516689,
  "чувствознание": 0.9104746310298036,
  "самоорганизованность": 0.9081771873563808,
  "человекознание": 0.9049063518529302,
  "професионализм": 0.9039411958353236,
  "самосовершенствоваться": 0.9027641706432494,
  "общеучебный": 0.902440074024874,
  "осмысливание": 0.8997501532905087,
  "наукоучение": 0.8935447586245776,
  "профессианализм": 0.8931949685913954,
  "подучиваться": 0.8927327191195893,
  "поучительность": 0.8921550522765294,
  "подучивать": 0.8907890673882012,
  "многознание": 0.8898057577840607,
  "язык": 0.7679998547110153,
  "история": 0.6888359469956351,
  "научный": 0.6421072514691953,
  "являться": 0.6344107604413112,
  "область": 0.581634821964391,
  "опыт": 0.5623935943946805,
  "развитие": 0.5563463514442001,
  "сила": 0.5491996097754505,
  "процесс": 0.5470006123389121,
  "проблема": 0.5371051238744896,
  "социальный": 0.5283091341283362,
  "школа": 0.5074186584812219,
  "общество": 0.5063191597629528,
  "возможность": 0.5046699116855491,
  "уровень": 0.500821666171607,
  "именно": 0.484878934756704,
  "отношение": 0.4744336969331469,
  "высокий": 0.4628889603913206,
  "книга": 0.4568417174408402,
  "важный": 0.4447472315398793,
  "задача": 0.44034923666680265,
  "решение": 0.43705074051199516,
  "образование": 0.43705074051199516,
  "лишь": 0.43705074051199516,
  "образ": 0.4337522443571876,
  "информация": 0.42770500140670714,
  "общий": 0.42440650525189966,
  "необходимый": 0.4189090116605538,
  "современный": 0.41396126742834255,
  "деятельность": 0.4117622699918042,
  "исследование": 0.4068145257595929,
  "новое": 0.4051652776821892,
  "культура": 0.39966778409084336,
  "основа": 0.3947200398586321,
  "смысл": 0.39307079178122833,
  "исторический": 0.38427480203507497,
  "качество": 0.3787773084437291,
  "например": 0.37712806036632535,
  "иной": 0.37712806036632535,
  "форма": 0.3760285616480562,
  "результат": 0.3705310680567103,
  "однако": 0.3639340757470953,
  "теория": 0.3556878353600765,
  "поэтому": 0.35513808600094193,
  "разный": 0.3540385872826728,
  "представление": 0.3446928481773848,
  "некоторый": 0.3386456052269044,
  "главный": 0.33644660779036606,
  "часть": 0.32050387637546307,
  "метод": 0.31885462829805933,
  "число": 0.316655630861521,
  "оказаться": 0.3155561321432518,
  "век": 0.31500638278411724,
  "автор": 0.3122576359884443,
  "специалист": 0.3111581372701751,
  "предмет": 0.3084093904745022,
  "давать": 0.307309891756233,
  "условие": 0.30401139560142554,
  "цель": 0.29961340072834886,
  "считать": 0.2979641526509451,
  "многий": 0.2974144032918105,
  "идея": 0.2963149045735413,
  "использовать": 0.2908174109821955,
  "правило": 0.28916816290479175,
  "прошлое": 0.28586966674998426,
  "человеческий": 0.28422041867258047,
  "закон": 0.28422041867258047,
  "труд": 0.28422041867258047,
  "понятие": 0.28312091995431127,
  "программа": 0.2814716718769076,
  "различный": 0.2814716718769076,
  "группа": 0.2814716718769076
}