{
  "наука": 1.0,
  "суперпрофессионал": 0.9903298020362854,
  "сайтостроение": 0.9477874636650085,
  "общеучебный": 0.9274283647537231,
  "наукоучение": 0.9182867407798767,
  "язык": 0.7892655367231638,
  "история": 0.707909604519774,
  "научный": 0.6598870056497175,
  "являться": 0.6519774011299435,
  "область": 0.5977401129943503,
  "опыт": 0.5779661016949152,
  "развитие": 0.5717514124293785,
  "сила": 0.5644067796610169,
  "процесс": 0.5621468926553672,
  "проблема": 0.5519774011299435,
  "социальный": 0.5429378531073447,
  "школа": 0.5214689265536723,
  "общество": 0.5203389830508475,
  "возможность": 0.5186440677966102,
  "уровень": 0.5146892655367231,
  "именно": 0.49830508474576274,
  "отношение": 0.48757062146892655,
  "высокий": 0.47570621468926555,
  "книга": 0.4694915254237288,
  "важный": 0.45706214689265534,
  "задача": 0.45254237288135596,
  "решение": 0.4491525423728814,
  "образование": 0.4491525423728814,
  "лишь": 0.4491525423728814,
  "образ": 0.4457627118644068,
  "информация": 0.43954802259887005,
  "общий": 0.43615819209039547,
  "необходимый": 0.43050847457627117,
  "современный": 0.42542372881355933,
  "деятельность": 0.4231638418079096,
  "исследование": 0.4180790960451977,
  "новое": 0.41638418079096046,
  "культура": 0.41073446327683616,
  "основа": 0.4056497175141243,
  "смысл": 0.403954802259887,
  "исторический": 0.3949152542372881,
  "качество": 0.38926553672316383,
  "например": 0.38757062146892657,
  "иной": 0.38757062146892657,
  "форма": 0.3864406779661017,
  "результат": 0.3807909604519774,
  "однако": 0.37401129943502825,
  "теория": 0.3655367231638418,
  "поэтому": 0.3649717514124294,
  "разный": 0.3638418079096045,
  "представление": 0.35423728813559324,
  "некоторый": 0.3480225988700565,
  "главный": 0.34576271186440677,
  "часть": 0.32937853107344633,
  "метод": 0.327683615819209,
  "число": 0.3254237288135593,
  "оказаться": 0.32429378531073444,
  "век": 0.32372881355932204,
  "автор": 0.32090395480225986,
  "специалист": 0.319774011299435,
  "предмет": 0.3169491525423729,
  "давать": 0.315819209039548,
  "условие": 0.31242937853107344,
  "цель": 0.307909604519774,
  "считать": 0.30621468926553674,
  "многий": 0.3056497175141243,
  "идея": 0.3045197740112994,
  "использовать": 0.29887005649717513,
  "правило": 0.29717514124293787,
  "прошлое": 0.2937853107344633,
  "человеческий": 0.292090395480226,
  "закон": 0.292090395480226,
  "труд": 0.292090395480226,
  "понятие": 0.2909604519774011,
  "программа": 0.28926553672316385,
  "различный": 0.28926553672316385,
  "группа": 0.28926553672316385,
  "психология": 0.2887005649717514,
  "связь": 0.28757062146892653,
  "мысль": 0.28700564971751413,
  "понимать": 0.2847457627118644,
  "существовать": 0.2847457627118644,
  "объект": 0.2830508474576271,
  "собственный": 0.2824858757062147,
  "учёный": 0.2824858757062147,
  "обучение": 0.2824858757062147,
  "бог": 0.280225988700565,
  "искусство": 0.2774011299435028,
  "роль": 0.2768361581920904,
  "практика": 0.27231638418079096,
  "журнал": 0.2711864406779661,
  "действие": 0.26949152542372884,
  "любой": 0.2672316384180791,
  "нужно": 0.26666666666666666,
  "прежде": 0.2655367231638418,
  "средство": 0.2632768361581921,
  "право": 0.2627118644067797,
  "определённый": 0.2621468926553672,
  "позволять": 0.2621468926553672,
  "путь": 0.26101694915254237
}