{
  "суперпрофессионал": 1.0,
  "сайтостроение": 0.9570422516985729,
  "общеучебный": 0.9364843538453288,
  "наукоучение": 0.9272534653523745,
  "фессиональный": 0.9067594857338653,
  "наука": 0.6731764158726591,
  "язык": 0.5313149451831101,
  "история": 0.476548050332453,
  "научный": 0.444220369344218,
  "являться": 0.43889581012262635,
  "область": 0.402384546888855,
  "опыт": 0.38907314883487587,
  "развитие": 0.3848895665893396,
  "сила": 0.3799453330264331,
  "процесс": 0.3784240303916926,
  "проблема": 0.37157816853536046,
  "социальный": 0.3654929579963985,
  "школа": 0.3510405829663641,
  "общество": 0.3502799316489938,
  "возможность": 0.3491389546729385,
  "уровень": 0.34647667506214264,
  "именно": 0.3354472309602742,
  "отношение": 0.328221043445257,
  "высокий": 0.3202342046128695,
  "книга": 0.3160506223673332,
  "важный": 0.30768345787626056,
  "задача": 0.30464085260677964,
  "решение": 0.302358898654669,
  "образование": 0.302358898654669,
  "лишь": 0.302358898654669,
  "образ": 0.30007694470255825,
  "информация": 0.2958933624570219,
  "общий": 0.2936114085049112,
  "необходимый": 0.28980815191806003,
  "современный": 0.286385220989894,
  "деятельность": 0.2848639183551535,
  "исследование": 0.2814409874269875,
  "новое": 0.2803000104509321,
  "культура": 0.2764967538640809,
  "основа": 0.2730738229359148,
  "смысл": 0.27193284595985945,
  "исторический": 0.26584763542089757,
  "качество": 0.2620443788340464,
  "например": 0.26090340185799105,
  "иной": 0.26090340185799105,
  "форма": 0.2601427505406208,
  "результат": 0.25633949395376965,
  "однако": 0.25177558604954825,
  "теория": 0.24607070116927146,
  "поэтому": 0.2456903755105863,
  "разный": 0.2449297241932161,
  "представление": 0.2384641879955691,
  "некоторый": 0.2342806057500328,
  "главный": 0.2327593031152923,
  "часть": 0.2217298590134239,
  "метод": 0.22058888203736854,
  "число": 0.21906757940262805,
  "оказаться": 0.21830692808525784,
  "век": 0.2179266024265727,
  "автор": 0.2160249741331471,
  "специалист": 0.2152643228157769,
  "предмет": 0.2133626945223513,
  "давать": 0.21260204320498105,
  "условие": 0.21032008925287035,
  "цель": 0.2072774839833894,
  "считать": 0.20613650700733405,
  "многий": 0.20575618134864893,
  "идея": 0.20499553003127868,
  "использовать": 0.2011922734444275,
  "правило": 0.20005129646837214,
  "прошлое": 0.19776934251626144,
  "человеческий": 0.19662836554020607,
  "закон": 0.19662836554020607,
  "труд": 0.19662836554020607,
  "понятие": 0.19586771422283586,
  "программа": 0.1947267372467805,
  "различный": 0.1947267372467805,
  "группа": 0.1947267372467805,
  "психология": 0.19434641158809537,
  "связь": 0.19358576027072513,
  "мысль": 0.19320543461204,
  "понимать": 0.19168413197729955,
  "существовать": 0.19168413197729955,
  "объект": 0.1905431550012442,
  "собственный": 0.19016282934255907,
  "учёный": 0.19016282934255907,
  "обучение": 0.19016282934255907,
  "бог": 0.1886415267078186,
  "искусство": 0.186739898414393,
  "роль": 0.18635957275570791,
  "практика": 0.18331696748622694,
  "журнал": 0.18255631616885673,
  "действие": 0.18141533919280137,
  "любой": 0.17989403655806088,
  "нужно": 0.1795137108993758,
  "прежде": 0.17875305958200552,
  "средство": 0.17723175694726506,
  "право": 0.17685143128857994,
  "определённый": 0.17647110562989482,
  "позволять": 0.17647110562989482,
  "путь": 0.17571045431252458,
  "интерес": 0.17571045431252458,
  "известный": 0.17533012865383948,
  "понять": 0.17342850036041388,
  "писать": 0.17304817470172879,
  "понимание": 0.17190719772567342,
  "модель": 0.17190719772567342,
  "принцип": 0.1715268720669883,
  "реальность": 0.1715268720669883,
  "советский": 0.17000556943224782,
  "имя": 0.17000556943224782,
  "ситуация": 0.16962524377356272,
  "студент": 0.16848426679750736,
  "организация": 0.1677236154801371,
  "специальный": 0.1677236154801371,
  "вообще": 0.1658219871867115,
  "мера": 0.16277938191723057,
  "природа": 0.16277938191723057,
  "помощь": 0.16277938191723057,
  "тип": 0.16277938191723057,
  "профессиональный": 0.16277938191723057,
  "технология": 0.16201873059986033,
  "оно": 0.16163840494117523,
  "анализ": 0.16163840494117523,
  "многие": 0.16125807928249009,
  "база": 0.16087775362380496,
  "подход": 0.16087775362380496,
  "структура": 0.1593564509890645,
  "никто": 0.1589761253303794,
  "обладать": 0.1589761253303794,
  "точка": 0.15745482269563893,
  "подготовка": 0.1570744970369538,
  "институт": 0.15631384571958357,
  "ваш": 0.15555319440221332,
  "нужный": 0.15555319440221332,
  "практический": 0.15517286874352823,
  "учитель": 0.15441221742615796,
  "конкретный": 0.1528909147914175,
  "следовать": 0.15251058913273238,
  "состояние": 0.15251058913273238,
  "оставаться": 0.15213026347404726,
  "сегодня": 0.15213026347404726,
  "полный": 0.15213026347404726,
  "умение": 0.15213026347404726,
  "учебный": 0.15174993781536217,
  "власть": 0.15136961215667702,
  "создание": 0.14984830952193653,
  "пока": 0.14946798386325144,
  "общественный": 0.14908765820456632,
  "материал": 0.1487073325458812
}