{
  "фгбоувпо": 1.0,
  "белгосуниверситет": 0.961160144401971,
  "финуниверситет": 0.9332414372769025,
  "наука": 0.8164371893082121,
  "научный": 0.7807360931326321,
  "имя": 0.641537879761179,
  "исследование": 0.6202614689090656,
  "государственный": 0.5921333325283058,
  "директор": 0.5394832310976525,
  "проблема": 0.5355164426336991,
  "развитие": 0.49656979226033926,
  "школа": 0.4889968324655193,
  "высокий": 0.4713265929442726,
  "учёный": 0.4688022730126659,
  "московский": 0.45005018209215936,
  "общество": 0.4475258621605527,
  "право": 0.446083393628206,
  "власть": 0.442837839430426,
  "центр": 0.4403135194988193,
  "отношение": 0.432019325437826,
  "история": 0.42444636564300603,
  "сотрудник": 0.4230038971106594,
  "создать": 0.40316995479089274,
  "государство": 0.40064563485928606,
  "университет": 0.3945151435968127,
  "область": 0.39090897226594606,
  "являться": 0.38153292680569273,
  "социальный": 0.37864798974099945,
  "рана": 0.3782873726079128,
  "политический": 0.3779267554748261,
  "число": 0.36891132714765945,
  "советский": 0.3642233044175328,
  "именно": 0.3602565159535795,
  "группа": 0.3602565159535795,
  "организация": 0.3588140474212328,
  "ссср": 0.35592911035653946,
  "образование": 0.3537654075580195,
  "главный": 0.35088047049332616,
  "международный": 0.34691368202937284,
  "однако": 0.34619244776319946,
  "деятельность": 0.3458318306301128,
  "учиться": 0.34547121349702614,
  "академия": 0.34222565929924614,
  "оказаться": 0.34042257363381284,
  "проект": 0.3397013393676395,
  "результат": 0.3386194879683795,
  "новое": 0.3310465281735595,
  "книга": 0.3270797397096062,
  "заниматься": 0.32635850544343287,
  "специалист": 0.32599788831034615,
  "процесс": 0.32527665404417283,
  "важный": 0.32167048271330617,
  "решение": 0.32022801418095953,
  "общий": 0.3166218428500928,
  "язык": 0.3133762886523129,
  "деньга": 0.31229443725305284,
  "создание": 0.3119338201199662,
  "экономический": 0.30977011732144616,
  "курс": 0.30616394599057956,
  "студент": 0.30616394599057956,
  "возможность": 0.30147592326045286,
  "ряд": 0.30147592326045286,
  "отец": 0.2928211120663729,
  "часть": 0.2906574092678529,
  "лишь": 0.28993617500167956,
  "принять": 0.28993617500167956,
  "профессор": 0.28669062080389957,
  "лаборатория": 0.28669062080389957,
  "начать": 0.28596938653772624,
  "уровень": 0.2809207466745129,
  "считать": 0.27875704387599287,
  "война": 0.27803580960981955,
  "экономика": 0.2776751924767329,
  "военный": 0.27515087254512627,
  "программа": 0.27515087254512627,
  "связь": 0.2744296382789529,
  "условие": 0.27298716974660625,
  "предприятие": 0.27154470121425955,
  "президент": 0.27046284981499963,
  "общественный": 0.26757791275030623,
  "современный": 0.2668566784841329,
  "некоторый": 0.26577482708487293,
  "управление": 0.26505359281869956,
  "окончить": 0.26469297568561295,
  "разный": 0.2618080386209196,
  "сила": 0.26144742148783295,
  "тысяча": 0.26144742148783295,
  "производство": 0.2596443358223996,
  "совет": 0.2589231015562263,
  "основа": 0.25820186729005296,
  "начало": 0.25820186729005296,
  "многий": 0.2578412501569663,
  "известный": 0.2563987816246196,
  "например": 0.2553169302253596,
  "сегодня": 0.25279261029375294,
  "качество": 0.2502682903621463,
  "культура": 0.2502682903621463,
  "вместе": 0.24990767322905963,
  "молодая": 0.24846520469671296,
  "необходимый": 0.24810458756362627
}