{
  "фгбоувпо": 1.0,
  "белгосуниверситет": 0.961160144401971,
  "финуниверситет": 0.9332414372769025,
  "агроуниверситет": 0.909248021246851,
  "зооинженерный": 0.908398162779625,
  "наука": 0.5442914595388081,
  "научный": 0.5204907287550881,
  "имя": 0.427691919840786,
  "исследование": 0.41350764593937717,
  "государственный": 0.3947555550188705,
  "директор": 0.359655487398435,
  "проблема": 0.35701096175579944,
  "развитие": 0.3310465281735595,
  "школа": 0.32599788831034615,
  "высокий": 0.3142177286295151,
  "учёный": 0.3125348486751106,
  "московский": 0.3000334547281062,
  "общество": 0.29835057477370175,
  "право": 0.29738892908547065,
  "власть": 0.2952252262869507,
  "центр": 0.2935423463325462,
  "отношение": 0.2880128836252173,
  "история": 0.282964243762004,
  "сотрудник": 0.2820025980737729,
  "создать": 0.26877996986059516,
  "государство": 0.2670970899061907,
  "университет": 0.2630100957312085,
  "область": 0.2606059815106307,
  "являться": 0.2543552845371285,
  "социальный": 0.2524319931606663,
  "рана": 0.2521915817386085,
  "политический": 0.25195117031655073,
  "число": 0.24594088476510628,
  "советский": 0.2428155362783552,
  "именно": 0.2401710106357196,
  "группа": 0.2401710106357196,
  "организация": 0.2392093649474885,
  "ссср": 0.23728607357102632,
  "образование": 0.23584360503867963,
  "главный": 0.2339203136622174,
  "международный": 0.23127578801958187,
  "однако": 0.23079496517546633,
  "деятельность": 0.23055455375340855,
  "учиться": 0.23031414233135078,
  "академия": 0.22815043953283076,
  "оказаться": 0.22694838242254187,
  "проект": 0.2264675595784263,
  "результат": 0.225746325312253,
  "новое": 0.22069768544903964,
  "книга": 0.21805315980640413,
  "заниматься": 0.21757233696228856,
  "специалист": 0.21733192554023079,
  "процесс": 0.21685110269611524,
  "важный": 0.21444698847553745,
  "решение": 0.21348534278730635,
  "общий": 0.21108122856672856,
  "язык": 0.20891752576820857,
  "деньга": 0.20819629150203522,
  "создание": 0.20795588007997745,
  "экономический": 0.2065134115476308,
  "курс": 0.20410929732705302,
  "студент": 0.20410929732705302,
  "возможность": 0.2009839488403019,
  "ряд": 0.2009839488403019,
  "отец": 0.19521407471091526,
  "часть": 0.1937716061785686,
  "лишь": 0.19329078333445304,
  "принять": 0.19329078333445304,
  "профессор": 0.19112708053593305,
  "лаборатория": 0.19112708053593305,
  "начать": 0.19064625769181748,
  "уровень": 0.1872804977830086,
  "считать": 0.18583802925066195,
  "война": 0.18535720640654638,
  "экономика": 0.1851167949844886,
  "военный": 0.18343391503008416,
  "программа": 0.18343391503008416,
  "связь": 0.1829530921859686,
  "условие": 0.1819914464977375,
  "предприятие": 0.1810298008095064,
  "президент": 0.18030856654333305,
  "общественный": 0.17838527516687083,
  "современный": 0.17790445232275529,
  "некоторый": 0.17718321805658194,
  "управление": 0.17670239521246642,
  "окончить": 0.17646198379040862,
  "разный": 0.1745386924139464,
  "сила": 0.17429828099188863,
  "тысяча": 0.17429828099188863,
  "производство": 0.17309622388159973,
  "совет": 0.17261540103748418,
  "основа": 0.17213457819336864,
  "начало": 0.17213457819336864,
  "многий": 0.17189416677131084,
  "известный": 0.17093252108307974,
  "например": 0.17021128681690642,
  "сегодня": 0.16852840686250195,
  "качество": 0.16684552690809754,
  "культура": 0.16684552690809754,
  "вместе": 0.16660511548603976,
  "молодая": 0.16564346979780864,
  "необходимый": 0.16540305837575087,
  "метр": 0.16444141268751974,
  "поступить": 0.16227770988899975,
  "роль": 0.16083524135665309,
  "семья": 0.16035441851253754,
  "крупный": 0.16035441851253754,
  "компания": 0.159873595668422,
  "поэтому": 0.1596331842463642,
  "интерес": 0.15698865860372865,
  "рынок": 0.15698865860372865,
  "пока": 0.1565078357596131,
  "руководитель": 0.1565078357596131,
  "идея": 0.15602701291549753,
  "научно-исследовательский": 0.15578660149343976,
  "разработка": 0.1553057786493242,
  "закон": 0.15482495580520864,
  "отдел": 0.15410372153903532,
  "сша": 0.15362289869491977,
  "гражданский": 0.15362289869491977,
  "писать": 0.15314207585080422,
  "александр": 0.15266125300668865,
  "первое": 0.15169960731845752,
  "образ": 0.15073796163022643,
  "задача": 0.15049755020816866,
  "технология": 0.15049755020816866,
  "автор": 0.14929549309787976,
  "решить": 0.14785302456553312,
  "остаться": 0.14737220172141755,
  "правительство": 0.14713179029935977,
  "никто": 0.14641055603318645,
  "рф": 0.14617014461112865,
  "национальный": 0.1456893217670131,
  "помощь": 0.14544891034495533,
  "структура": 0.14544891034495533,
  "многие": 0.14520849892289756,
  "финансовый": 0.14496808750083978,
  "средство": 0.144727676078782,
  "член": 0.144727676078782,
  "участие": 0.1437660303905509,
  "медицинский": 0.14328520754643534,
  "суд": 0.14280438470231976,
  "среди": 0.14208315043614644,
  "политика": 0.14208315043614644,
  "давать": 0.1416023275920309,
  "факультет": 0.14015985905968423,
  "руководство": 0.14015985905968423,
  "материал": 0.14015985905968423,
  "пора": 0.13991944763762645,
  "мировой": 0.1394386247935109
}