{
  "универститет": 1.0,
  "сследовательский": 0.9889537058847981,
  "фгаоу": 0.9685855884567243,
  "фгбун": 0.9600119164738322,
  "фгбоу": 0.959456922870854,
  "унивеситет": 0.9570896091119456,
  "завкафедрой": 0.955517281196451,
  "фгбоувпо": 0.9491288503374025,
  "лгпи": 0.9490311167768247,
  "спбга": 0.934814301616114,
  "фгоу": 0.93401525123899,
  "университ": 0.9295677276023409,
  "спбгпу": 0.927593842231429,
  "мгпи": 0.9269747398467486,
  "бгпи": 0.9205900040183458,
  "кгпи": 0.9202657650791891,
  "афедра": 0.918664431173126,
  "мпгу": 0.9159419325934034,
  "ннгу": 0.91491351318895,
  "угпи": 0.9141091973931559,
  "белгосуниверситет": 0.9122648228463744,
  "ягпу": 0.9073456285478068,
  "двгу": 0.9052342880368764,
  "рггу": 0.9003795720230755,
  "рудн": 0.89032834966075,
  "сгпу": 0.886715810574254,
  "мгупс": 0.8861171232338908,
  "ранх": 0.8858054473989294,
  "финуниверситет": 0.8857663724498515,
  "государствоведение": 0.884938962712522,
  "патентоведение": 0.883822693954468,
  "пгпу": 0.8831136175735658,
  "фгбно": 0.881701838739625,
  "лгпу": 0.8797627790325486,
  "фгоб": 0.8780085632335213,
  "юргпу": 0.8762691275570766,
  "тгпи": 0.8752322095821382,
  "мгпу": 0.873696092966971,
  "наука": 0.7749040908608036,
  "научный": 0.7410191504918904,
  "имя": 0.6089021102656226,
  "исследование": 0.58870805489425,
  "государственный": 0.5620108291490458,
  "директор": 0.5120390989080221,
  "проблема": 0.5082741055336985,
  "развитие": 0.4713087160403386,
  "школа": 0.4641210014166297,
  "высокий": 0.4473496672946423,
  "учёный": 0.44495376242007273,
  "московский": 0.42715561192326984,
  "общество": 0.4247597070487002,
  "право": 0.4233906185489461,
  "власть": 0.42031016942449945,
  "центр": 0.4179142645499298,
  "отношение": 0.4100420056763439,
  "история": 0.4028542910526351,
  "сотрудник": 0.401485202552881,
  "создать": 0.38266023568126256,
  "государство": 0.3802643308066929,
  "университет": 0.37444570468273813,
  "область": 0.37102298343335294,
  "являться": 0.3621239081849515,
  "социальный": 0.35938573118544337,
  "рана": 0.35904345906050483,
  "политический": 0.35870118693556635,
  "число": 0.3501443838121034,
  "советский": 0.34569484618790264,
  "именно": 0.34192985281357896,
  "группа": 0.34192985281357896,
  "организация": 0.3405607643138249,
  "ссср": 0.33782258731431675,
  "образование": 0.3357689545646857,
  "главный": 0.3330307775651775,
  "международный": 0.32926578419085384,
  "однако": 0.32858123994097677,
  "деятельность": 0.3282389678160383,
  "учиться": 0.32789669569109975,
  "академия": 0.3248162465666531,
  "оказаться": 0.3231048859419605,
  "проект": 0.3224203416920835,
  "результат": 0.3213935253172679,
  "новое": 0.314205810693559,
  "книга": 0.31044081731923534,
  "заниматься": 0.3097562730693583,
  "специалист": 0.3094140009444198,
  "процесс": 0.30872945669454277,
  "важный": 0.30530673544515763,
  "решение": 0.30393764694540354,
  "общий": 0.30051492569601834,
  "язык": 0.2974344765715717,
  "деньга": 0.29640766019675613,
  "создание": 0.2960653880718176,
  "экономический": 0.2940117553221865,
  "курс": 0.29058903407280134,
  "студент": 0.29058903407280134,
  "возможность": 0.28613949644860065,
  "ряд": 0.28613949644860065,
  "отец": 0.27792496545007617,
  "часть": 0.27587133270044506,
  "лишь": 0.2751867884505681
}