{
  "видеоискусство": 1.0,
  "удожественный": 0.9729144534815146,
  "этномузыкология": 0.9711170599777689,
  "анималистика": 0.9708684612377952,
  "медальерный": 0.964252978015995,
  "киноведение": 0.9448662144959156,
  "видеотворчество": 0.9332435096037878,
  "стихотворчество": 0.9293457767258414,
  "новеллистика": 0.921199712905376,
  "фотомастерство": 0.9197936778140638,
  "ковроделие": 0.9138542847100453,
  "имиджелогия": 0.9108846866129825,
  "культуротворческий": 0.9107230235907897,
  "букинистика": 0.910666904271271,
  "фотожурналистика": 0.9078402627565613,
  "тележурналистика": 0.9028619868405119,
  "американистика": 0.9020362452040134,
  "иранистика": 0.9005801949998671,
  "ваяние": 0.8977848621581521,
  "народоведение": 0.8959825459070802,
  "икэбан": 0.8947449672292711,
  "театр": 0.825899952052441,
  "художник": 0.7227061842186968,
  "культура": 0.6104173724402836,
  "произведение": 0.5229650268184666,
  "история": 0.49952779819181947,
  "век": 0.4736419038877616,
  "художественный": 0.42956592169436575,
  "современный": 0.41837202145477315,
  "книга": 0.3973834585055371,
  "именно": 0.38514013011848264,
  "выставка": 0.38269146444107177,
  "музей": 0.3770945143212755,
  "образ": 0.3648511859342211,
  "высокий": 0.35855461704945024,
  "литература": 0.35715537951950116,
  "советский": 0.3522580481646794,
  "имя": 0.3456116698974213,
  "картина": 0.334767579040316,
  "форма": 0.33301853212787963,
  "спектакль": 0.3302200570679815,
  "новое": 0.3298702476854942,
  "музыка": 0.31937596621087616,
  "наука": 0.3102809222662072,
  "лишь": 0.3071326378238218,
  "писать": 0.30608320967636,
  "школа": 0.3057334002938727,
  "являться": 0.2997866407915891,
  "отношение": 0.2994368314091019,
  "главный": 0.2934900719068183,
  "автор": 0.2808969341372767,
  "мастер": 0.2791478872248403,
  "роль": 0.2728513183400695,
  "сила": 0.2714520808101204,
  "фильм": 0.2637562743954005,
  "известный": 0.26095779933550234,
  "творчество": 0.25955856180555326,
  "сцена": 0.25291218353829514,
  "смысл": 0.25151294600834606,
  "творческий": 0.24976389909590974,
  "театральный": 0.2494140897134225,
  "идея": 0.24906428033093522,
  "важный": 0.24836466156596065,
  "разный": 0.2469654240360116,
  "любить": 0.2466156146535243,
  "стиль": 0.2424179020636771,
  "оказаться": 0.2420680926811898,
  "любовь": 0.2420680926811898,
  "вообще": 0.2417182832987026,
  "язык": 0.23996923638626624,
  "считать": 0.2389198082388044,
  "создать": 0.23647114256139354,
  "оно": 0.23612133317890627,
  "однако": 0.23507190503144446,
  "например": 0.2287753361466736,
  "понимать": 0.2287753361466736,
  "многий": 0.22737609861672456,
  "возможность": 0.22527724232180096,
  "московский": 0.22317838602687734,
  "часть": 0.22247876726190277,
  "играть": 0.22177914849692826,
  "живопись": 0.221429339114441,
  "собственный": 0.22107952973195372,
  "область": 0.22107952973195372,
  "актёр": 0.21968029220200463,
  "начать": 0.21793124528956828,
  "иной": 0.21758143590708107,
  "народ": 0.21723162652459377,
  "становиться": 0.21618219837713198,
  "некоторый": 0.21548257961215742,
  "кино": 0.21513277022967014,
  "общий": 0.21478296084718287,
  "начало": 0.212334295169772,
  "война": 0.21198448578728474,
  "власть": 0.21198448578728474,
  "никто": 0.20918601072738657,
  "мысль": 0.2081365825799248,
  "развитие": 0.207087154432463,
  "поэтому": 0.2056879169025139,
  "общество": 0.20323925122510303
}