{
  "иссле": 1.0,
  "исследо": 0.9932068070500829,
  "социсследование": 0.9863011581365354,
  "научноисследовательский": 0.9350157313990197,
  "иссл": 0.9012682829768675,
  "генодиагностика": 0.8952251517622543,
  "гельминтологический": 0.8811201893097549,
  "микологический": 0.8789415992907991,
  "палинологический": 0.8686281616025952,
  "исслед": 0.8594327102953169,
  "аллергодиагностика": 0.8469486770879413,
  "хронобиология": 0.8468993776726057,
  "гистопатологический": 0.8443506423136438,
  "бактериология": 0.8430343923380714,
  "серология": 0.8343969571157266,
  "нейровизуализация": 0.8331629616601556,
  "иридодиагностика": 0.8330773316846898,
  "палеоантропология": 0.8304135643566115,
  "иммунодиагностика": 0.8252192713635241,
  "копрология": 0.8249838777587686,
  "цитогенетика": 0.8214766018756873,
  "наукометрия": 0.8183591022709709,
  "репродуктология": 0.811783448542958,
  "геокриологический": 0.8110126899359907,
  "клинико": 0.8096551350448669,
  "биостатистика": 0.8062099497767758,
  "рентгенодиагностика": 0.8038357609964345,
  "эмбриологический": 0.8037465779099535,
  "климатологический": 0.8026607471837154,
  "маркетологический": 0.801031023988829,
  "результат": 0.7451413871700714,
  "научный": 0.5829721720460036,
  "метод": 0.5005274355829292,
  "процесс": 0.47813762136579985,
  "наука": 0.466628838356995,
  "развитие": 0.4547015541478701,
  "являться": 0.44298352053890516,
  "проблема": 0.4208029569219359,
  "провести": 0.4153624413177736,
  "вирус": 0.40469066070960913,
  "институт": 0.3871136102961618,
  "область": 0.385230354894721,
  "анализ": 0.38020834049087887,
  "социальный": 0.35007625406782633,
  "показать": 0.33961372405982193,
  "уровень": 0.3385674710590215,
  "группа": 0.3375212180582211,
  "учёный": 0.3249661820486158,
  "однако": 0.3119926448386904,
  "число": 0.3067613798346882,
  "изучение": 0.30466887383308733,
  "высокий": 0.30278561843164653,
  "основа": 0.3025763678314865,
  "отношение": 0.29818210522812466,
  "различный": 0.2904398330222014,
  "возможность": 0.2766292934116356,
  "материал": 0.2736997850093944,
  "деятельность": 0.2734905344092343,
  "важный": 0.26553901160315097,
  "условие": 0.2565412357962672,
  "структура": 0.25591348399578695,
  "решение": 0.2554949827954668,
  "задача": 0.2534024767938659,
  "использование": 0.2506822189917848,
  "разработка": 0.24984521659114442,
  "общий": 0.2435676985863418,
  "история": 0.24126594198458085,
  "образ": 0.24001043838362032,
  "объект": 0.23791793238201944,
  "использовать": 0.23603467698057864,
  "качество": 0.23603467698057864,
  "связь": 0.23498842397977823,
  "современный": 0.2335236697786576,
  "необходимый": 0.2316404143772168,
  "цель": 0.2236888915711335,
  "например": 0.22306113977065323,
  "автор": 0.2207593831688923,
  "именно": 0.21950387956793177,
  "направление": 0.21950387956793177,
  "центр": 0.2165743711656905,
  "часть": 0.21301711096296905,
  "информация": 0.2119708579621686,
  "новое": 0.2100876025607278,
  "лишь": 0.20904134955992737,
  "теория": 0.2086228483596072,
  "разный": 0.20799509655912693,
  "форма": 0.20736734475864668,
  "ряд": 0.20694884355832652,
  "клетка": 0.20443783635640547,
  "создание": 0.20171757855432432,
  "некоторый": 0.19753256655112256,
  "оценка": 0.19753256655112256,
  "позволять": 0.19606781235000195,
  "действие": 0.19523080994936157,
  "оказаться": 0.19523080994936157,
  "технология": 0.1935568051480809,
  "состояние": 0.19292905334760063,
  "общество": 0.19083654734599975,
  "программа": 0.1851867811416774,
  "организация": 0.18455902934119714
}