{
  "имиджелогия": 1.0,
  "театр": 0.9067008856230231,
  "художник": 0.793411278990752,
  "культура": 0.670136825672247,
  "произведение": 0.5741286844584581,
  "история": 0.5483985026131626,
  "век": 0.5199800928138811,
  "художественный": 0.4715919896421314,
  "современный": 0.45930294756676643,
  "книга": 0.43626099367545706,
  "именно": 0.4228198539055266,
  "выставка": 0.4201316259515406,
  "музей": 0.4139871049138581,
  "образ": 0.4005459651439276,
  "высокий": 0.3936333789765348,
  "литература": 0.39209724871711416,
  "советский": 0.38672079280914196,
  "имя": 0.37942417407689405,
  "картина": 0.3675191645663842,
  "форма": 0.3655990017421084,
  "спектакль": 0.36252674122326717,
  "новое": 0.362142708658412,
  "музыка": 0.35062173171275735,
  "наука": 0.3406368850265233,
  "лишь": 0.33718059194282685,
  "писать": 0.3360284942482614,
  "школа": 0.3356444616834062,
  "являться": 0.3291159080808686,
  "отношение": 0.32873187551601346,
  "главный": 0.3222033219134758,
  "автор": 0.3083781495786902,
  "мастер": 0.30645798675441444,
  "роль": 0.2995454005870216,
  "сила": 0.298009270327601,
  "фильм": 0.28956055390078755,
  "известный": 0.2864882933819463,
  "творчество": 0.2849521631225257,
  "сцена": 0.27765554439027773,
  "смысл": 0.2761194141308571,
  "творческий": 0.2741992513065813,
  "театральный": 0.2738152187417262,
  "идея": 0.273431186176871,
  "важный": 0.2726631210471607,
  "разный": 0.27112699078774005,
  "любить": 0.2707429582228849,
  "стиль": 0.26613456744462305,
  "оказаться": 0.26575053487976785,
  "любовь": 0.26575053487976785,
  "вообще": 0.26536650231491277,
  "язык": 0.26344633949063695,
  "считать": 0.26229424179607147,
  "создать": 0.25960601384208537,
  "оно": 0.25922198127723023,
  "однако": 0.25806988358266475,
  "например": 0.25115729741527193,
  "понимать": 0.25115729741527193,
  "многий": 0.24962116715585134,
  "возможность": 0.24731697176672043,
  "московский": 0.24501277637758948,
  "часть": 0.24424471124787914,
  "играть": 0.24347664611816885,
  "живопись": 0.24309261355331369,
  "собственный": 0.24270858098845852,
  "область": 0.24270858098845852,
  "актёр": 0.2411724507290379,
  "начать": 0.2392522879047621,
  "иной": 0.238868255339907,
  "народ": 0.23848422277505182,
  "становиться": 0.23733212508048637,
  "некоторый": 0.23656405995077603,
  "кино": 0.23618002738592087,
  "общий": 0.2357959948210657,
  "начало": 0.23310776686707962,
  "война": 0.23272373430222446,
  "власть": 0.23272373430222446,
  "никто": 0.22965147378338321,
  "мысль": 0.22849937608881776,
  "развитие": 0.2273472783942523,
  "поэтому": 0.22581114813483166,
  "общество": 0.22312292018084556,
  "правда": 0.22273888761599042,
  "сегодня": 0.22158678992142494,
  "заниматься": 0.22158678992142494,
  "написать": 0.22081872479171463,
  "ряд": 0.219282594532294,
  "число": 0.2158263014485976,
  "полный": 0.2150582363188873,
  "режиссёр": 0.2150582363188873,
  "александр": 0.2150582363188873,
  "среди": 0.21390613862432184,
  "зал": 0.21352210605946667,
  "вместе": 0.21237000836490122,
  "существовать": 0.21121791067033577,
  "путь": 0.2100658129757703,
  "никакой": 0.20929774784605998,
  "тема": 0.2089137152812048,
  "найти": 0.2081456501514945,
  "особенно": 0.2081456501514945,
  "качество": 0.2073775850217842,
  "предмет": 0.20584145476236357
}