{
  "хронобиология": 1.0,
  "геокриологический": 0.957625795126646,
  "биостатистика": 0.9519548260766822,
  "результат": 0.8798464219182933,
  "научный": 0.6883606097906108,
  "метод": 0.5910116936895696,
  "процесс": 0.5645742976925864,
  "наука": 0.5509849819932024,
  "развитие": 0.5369015093592956,
  "являться": 0.5230651151926501,
  "проблема": 0.49687479766292836,
  "провести": 0.49045075751412864,
  "вирус": 0.47784975568379084,
  "институт": 0.4570951644338227,
  "область": 0.4548714582284689,
  "анализ": 0.4489415750141923,
  "социальный": 0.4133622757285326,
  "показать": 0.40100835236545634,
  "уровень": 0.3997729600291487,
  "группа": 0.3985375676928411,
  "учёный": 0.3837128596571495,
  "однако": 0.3683939946869349,
  "число": 0.3622170330053968,
  "изучение": 0.3597462483327815,
  "высокий": 0.3575225421274278,
  "основа": 0.35727546366016627,
  "отношение": 0.35208681584767426,
  "различный": 0.3429449125589978,
  "возможность": 0.3266377337197371,
  "материал": 0.3231786351780757,
  "деятельность": 0.3229315567108142,
  "важный": 0.3135425749548762,
  "условие": 0.3029182008626306,
  "структура": 0.302176965460846,
  "решение": 0.30168280852632295,
  "задача": 0.2992120238537077,
  "использование": 0.2960000037793079,
  "разработка": 0.2950116899102618,
  "общий": 0.287599335892416,
  "история": 0.2848814727525392,
  "образ": 0.28339900194897005,
  "объект": 0.2809282172763548,
  "использовать": 0.2787045110710011,
  "качество": 0.2787045110710011,
  "связь": 0.27746911873469343,
  "современный": 0.27573956946386274,
  "необходимый": 0.273515863258509,
  "цель": 0.2641268815025711,
  "например": 0.26338564610078646,
  "автор": 0.2606677829609097,
  "именно": 0.25918531215734053,
  "направление": 0.25918531215734053,
  "центр": 0.25572621361567915,
  "часть": 0.2515258796722332,
  "информация": 0.2502904873359256,
  "новое": 0.2480667811305719,
  "лишь": 0.24683138879426422,
  "теория": 0.24633723185974118,
  "разный": 0.24559599645795663,
  "форма": 0.24485476105617204,
  "ряд": 0.244360604121649,
  "клетка": 0.2413956625145107,
  "создание": 0.23818364244011084,
  "некоторый": 0.23324207309488035,
  "оценка": 0.23324207309488035,
  "позволять": 0.23151252382404963,
  "действие": 0.23052420995500353,
  "оказаться": 0.23052420995500353,
  "технология": 0.22854758221691135,
  "состояние": 0.22780634681512676,
  "общество": 0.2253355621425115,
  "программа": 0.21866444352645031,
  "организация": 0.21792320812466573,
  "модель": 0.2176761296574042,
  "проводить": 0.215699501919312,
  "культура": 0.21520534498478894,
  "изменение": 0.21347579571395828,
  "средство": 0.2129816387794352,
  "помощь": 0.21026377563955845,
  "государственный": 0.20952254023777386,
  "значение": 0.20878130483598928,
  "метр": 0.2080400694342047,
  "книга": 0.2060634416961125,
  "период": 0.20556928476158945,
  "наиболее": 0.20260434315445114,
  "влияние": 0.19790985227648214,
  "экономический": 0.1954390676038669,
  "подход": 0.19494491066934383,
  "тип": 0.1944507537348208,
  "роль": 0.1937095183330362,
  "производство": 0.19296828293125165,
  "считать": 0.19247412599672858,
  "основный": 0.19148581212768248,
  "проведение": 0.19148581212768248,
  "знание": 0.18926210592232875,
  "применение": 0.18654424278245196,
  "показатель": 0.18629716431519044,
  "поэтому": 0.1860500858479289,
  "свойство": 0.18456761504435973,
  "сша": 0.18407345810983672
}