{
  "хронобиология": 1.0,
  "геокриологический": 0.957625795126646,
  "биостатистика": 0.9519548260766822,
  "сследовательский": 0.9414522895693208,
  "онкогинекологический": 0.9270073030980244,
  "эластография": 0.9249400026620033,
  "гелиогеофизический": 0.9209780439268304,
  "урогинекология": 0.9201525921545581,
  "результат": 0.5865642812788622,
  "научный": 0.4589070731937406,
  "метод": 0.3940077957930464,
  "процесс": 0.3763828651283909,
  "наука": 0.3673233213288017,
  "развитие": 0.35793433957286364,
  "являться": 0.3487100767951001,
  "проблема": 0.3312498651086189,
  "провести": 0.3269671716760858,
  "вирус": 0.3185665037891939,
  "институт": 0.30473010962254843,
  "область": 0.3032476388189793,
  "анализ": 0.2992943833427949,
  "социальный": 0.2755748504856884,
  "показать": 0.26733890157697093,
  "уровень": 0.26651530668609913,
  "группа": 0.2656917117952274,
  "учёный": 0.25580857310476635,
  "однако": 0.24559599645795663,
  "число": 0.24147802200359786,
  "изучение": 0.23983083222185433,
  "высокий": 0.23834836141828517,
  "основа": 0.23818364244011084,
  "отношение": 0.2347245438984495,
  "различный": 0.2286299417059985,
  "возможность": 0.21775848914649137,
  "материал": 0.21545242345205048,
  "деятельность": 0.21528770447387613,
  "важный": 0.2090283833032508,
  "условие": 0.20194546724175375,
  "структура": 0.20145131030723068,
  "решение": 0.201121872350882,
  "задача": 0.19947468256913847,
  "использование": 0.1973333358528719,
  "разработка": 0.19667445994017452,
  "общий": 0.191732890594944,
  "история": 0.18992098183502615,
  "образ": 0.18893266796598004,
  "объект": 0.18728547818423652,
  "использовать": 0.18580300738066738,
  "качество": 0.18580300738066738,
  "связь": 0.18497941248979563,
  "современный": 0.18382637964257517,
  "необходимый": 0.18234390883900603,
  "цель": 0.1760845876683807,
  "например": 0.17559043073385763,
  "автор": 0.17377852197393978,
  "именно": 0.17279020810489368,
  "направление": 0.17279020810489368,
  "центр": 0.1704841424104528,
  "часть": 0.16768391978148883,
  "информация": 0.16686032489061706,
  "новое": 0.16537785408704792,
  "лишь": 0.16455425919617617,
  "теория": 0.16422482123982746,
  "разный": 0.16373066430530442,
  "форма": 0.16323650737078138,
  "ряд": 0.16290706941443267,
  "клетка": 0.16093044167634044,
  "создание": 0.1587890949600739,
  "некоторый": 0.15549471539658688,
  "оценка": 0.15549471539658688,
  "позволять": 0.15434168254936645,
  "действие": 0.15368280663666903,
  "оказаться": 0.15368280663666903,
  "технология": 0.15236505481127421,
  "состояние": 0.15187089787675118,
  "общество": 0.15022370809500768,
  "программа": 0.14577629568430023,
  "организация": 0.14528213874977716,
  "модель": 0.1451174197716028,
  "проводить": 0.143799667946208,
  "культура": 0.14347022998985928,
  "изменение": 0.14231719714263885,
  "средство": 0.14198775918629014,
  "помощь": 0.1401758504263723,
  "государственный": 0.13968169349184925,
  "значение": 0.13918753655732619,
  "метр": 0.13869337962280315,
  "книга": 0.1373756277974083,
  "период": 0.13704618984105962,
  "наиболее": 0.13506956210296742,
  "влияние": 0.13193990151765475,
  "экономический": 0.13029271173591125,
  "подход": 0.12996327377956257,
  "тип": 0.12963383582321386,
  "роль": 0.1291396788886908,
  "производство": 0.12864552195416773,
  "считать": 0.12831608399781905,
  "основный": 0.12765720808512165,
  "проведение": 0.12765720808512165,
  "знание": 0.12617473728155248,
  "применение": 0.12436282852163463,
  "показатель": 0.1241981095434603,
  "поэтому": 0.12403339056528595,
  "свойство": 0.12304507669623983,
  "сша": 0.12271563873989115,
  "среди": 0.12139788691449632,
  "иной": 0.121233167936322,
  "специалист": 0.121233167936322,
  "вывод": 0.12106844895814764,
  "опыт": 0.12090372997997328,
  "век": 0.12090372997997328,
  "создать": 0.12040957304545022,
  "следовать": 0.11810350735100933,
  "представить": 0.11727991246013757,
  "ситуация": 0.11695047450378888,
  "образование": 0.11645631756926582,
  "составлять": 0.11563272267839406,
  "обнаружить": 0.11530328472204537,
  "количество": 0.11497384676569666,
  "среда": 0.11497384676569666,
  "известный": 0.11349137596212751,
  "проект": 0.11349137596212751,
  "штамм": 0.11349137596212751,
  "фактор": 0.11200890515855835,
  "внимание": 0.11167946720220964,
  "определение": 0.11167946720220964,
  "психология": 0.11151474822403529,
  "особенность": 0.11135002924586095,
  "рынок": 0.10986755844229179,
  "определённый": 0.1092086825295944,
  "интерес": 0.10904396355142004,
  "тысяча": 0.10887924457324569,
  "привести": 0.10871452559507133,
  "теоретический": 0.10871452559507133,
  "имя": 0.10854980661689699,
  "многий": 0.10854980661689699,
  "больной": 0.10854980661689699,
  "фундаментальный": 0.10854980661689699,
  "возраст": 0.10838508763872264,
  "степень": 0.10805564968237394,
  "экспериментальный": 0.10772621172602524,
  "состав": 0.10690261683515348,
  "отдельный": 0.10624374092245609,
  "принцип": 0.10624374092245609,
  "политический": 0.10607902194428173,
  "начало": 0.10525542705340998,
  "главный": 0.10492598909706129,
  "содержание": 0.10426711318436387,
  "следующий": 0.10377295624984083,
  "идея": 0.10344351829349213
}