{
  "имиджелогия": 1.0,
  "театр": 0.6044672570820153,
  "художник": 0.5289408526605014,
  "культура": 0.44675788378149806,
  "произведение": 0.38275245630563876,
  "история": 0.3655990017421084,
  "век": 0.34665339520925403,
  "художественный": 0.31439465976142095,
  "современный": 0.30620196504451097,
  "книга": 0.2908406624503047,
  "именно": 0.28187990260368445,
  "выставка": 0.28008775063436037,
  "музей": 0.2759914032759054,
  "образ": 0.26703064342928506,
  "высокий": 0.2624222526510232,
  "литература": 0.26139816581140946,
  "советский": 0.25781386187276134,
  "имя": 0.252949449384596,
  "картина": 0.24501277637758948,
  "форма": 0.2437326678280723,
  "спектакль": 0.2416844941488448,
  "новое": 0.24142847243894133,
  "музыка": 0.23374782114183823,
  "наука": 0.22709125668434887,
  "лишь": 0.22478706129521792,
  "писать": 0.2240189961655076,
  "школа": 0.2237629744556042,
  "являться": 0.21941060538724574,
  "отношение": 0.2191545836773423,
  "главный": 0.21480221460898385,
  "автор": 0.2055854330524601,
  "мастер": 0.20430532450294295,
  "роль": 0.19969693372468109,
  "сила": 0.1986728468850673,
  "фильм": 0.1930403692671917,
  "известный": 0.1909921955879642,
  "творчество": 0.18996810874835043,
  "сцена": 0.18510369626018514,
  "смысл": 0.1840796094205714,
  "творческий": 0.1827995008710542,
  "театральный": 0.18254347916115077,
  "идея": 0.18228745745124733,
  "важный": 0.18177541403144046,
  "разный": 0.1807513271918267,
  "любить": 0.18049530548192327,
  "стиль": 0.17742304496308203,
  "оказаться": 0.1771670232531786,
  "любовь": 0.1771670232531786,
  "вообще": 0.17691100154327516,
  "язык": 0.17563089299375798,
  "считать": 0.17486282786404767,
  "создать": 0.1730706758947236,
  "оно": 0.17281465418482014,
  "однако": 0.17204658905510983,
  "например": 0.16743819827684797,
  "понимать": 0.16743819827684797,
  "многий": 0.16641411143723422,
  "возможность": 0.1648779811778136,
  "московский": 0.16334185091839298,
  "часть": 0.1628298074985861,
  "играть": 0.16231776407877924,
  "живопись": 0.1620617423688758,
  "собственный": 0.16180572065897234,
  "область": 0.16180572065897234,
  "актёр": 0.16078163381935862,
  "начать": 0.1595015252698414,
  "иной": 0.159245503559938,
  "народ": 0.15898948185003456,
  "становиться": 0.15822141672032425,
  "некоторый": 0.15770937330051735,
  "кино": 0.15745335159061394,
  "общий": 0.15719732988071047,
  "начало": 0.15540517791138642,
  "война": 0.15514915620148298,
  "власть": 0.15514915620148298,
  "никто": 0.15310098252225549,
  "мысль": 0.15233291739254518,
  "развитие": 0.15156485226283486,
  "поэтому": 0.15054076542322112,
  "общество": 0.14874861345389706,
  "правда": 0.14849259174399362,
  "сегодня": 0.14772452661428329,
  "заниматься": 0.14772452661428329,
  "написать": 0.14721248319447644,
  "ряд": 0.14618839635486267,
  "число": 0.14388420096573173,
  "полный": 0.1433721575459249,
  "режиссёр": 0.1433721575459249,
  "александр": 0.1433721575459249,
  "среди": 0.14260409241621458,
  "зал": 0.14234807070631111,
  "вместе": 0.1415800055766008,
  "существовать": 0.1408119404468905,
  "путь": 0.14004387531718018,
  "никакой": 0.1395318318973733,
  "тема": 0.13927581018746987,
  "найти": 0.138763766767663,
  "особенно": 0.138763766767663,
  "качество": 0.13825172334785613,
  "предмет": 0.13722763650824238,
  "зритель": 0.1367155930884355,
  "взгляд": 0.1362035496686286,
  "эпоха": 0.1362035496686286,
  "понять": 0.1359475279587252,
  "многие": 0.13543548453891832,
  "человеческий": 0.134667419409208,
  "центр": 0.13338731085969083,
  "называть": 0.13236322402007708,
  "огромный": 0.1318511806002702,
  "ваш": 0.1318511806002702,
  "давать": 0.13159515889036677,
  "увидеть": 0.1313391371804633,
  "пора": 0.1310831154705599,
  "женщина": 0.12903494179133237,
  "проблема": 0.12852289837152553,
  "культурный": 0.12801085495171863,
  "совершенно": 0.12801085495171863,
  "ещё": 0.12775483324181522,
  "деньга": 0.126474724692298,
  "свет": 0.126474724692298,
  "больший": 0.12545063785268426,
  "бог": 0.12493859443287739,
  "музыкальный": 0.12468257272297394,
  "великое": 0.12442655101307053,
  "немой": 0.12417052930316708,
  "первое": 0.12391450759326363,
  "молодая": 0.12391450759326363,
  "оставаться": 0.12340246417345677,
  "знаменитый": 0.12340246417345677,
  "поэт": 0.12289042075364988,
  "подобный": 0.12237837733384302,
  "представить": 0.12237837733384302,
  "чувство": 0.12212235562393957,
  "артист": 0.12212235562393957,
  "метр": 0.12186633391403615,
  "любой": 0.12161031220413271,
  "всякий": 0.12109826878432584,
  "традиция": 0.1208422470744224,
  "народный": 0.12007418194471209,
  "знание": 0.12007418194471209,
  "часто": 0.11956213852490519,
  "пока": 0.11956213852490519,
  "писатель": 0.11930611681500178,
  "принять": 0.11853805168529147,
  "нужно": 0.11853805168529147,
  "природа": 0.11776998655558116,
  "читать": 0.11751396484567771,
  "движение": 0.11725794313577426,
  "государственный": 0.11597783458625709,
  "игра": 0.11572181287635364
}