{
  "гиперреалистичный": 1.0,
  "фотосюжет": 0.9559711542938154,
  "фотошедевр": 0.9097666528339573,
  "фотохудожница": 0.8932251999370899,
  "фильм": 0.593085490633262,
  "художник": 0.43517097763182605,
  "образ": 0.26638366209586495,
  "роль": 0.2614650133302464,
  "история": 0.2508510870465434,
  "именно": 0.24567356203010285,
  "искусство": 0.24386142827434865,
  "общий": 0.23350637824146764,
  "главный": 0.22159807070365442,
  "режиссёр": 0.21823267944296806,
  "увидеть": 0.21771492694132402,
  "лишь": 0.21409065942981567,
  "смотреть": 0.21383178317899365,
  "книга": 0.21279627817570554,
  "писать": 0.20943088691501918,
  "оказаться": 0.20295898064446855,
  "однако": 0.19933471313296017,
  "свет": 0.18923853935090112,
  "написать": 0.1869086530935029,
  "советский": 0.18639090059185884,
  "кино": 0.18250775682952847,
  "ряд": 0.18250775682952847,
  "век": 0.18224888057870642,
  "женщина": 0.17344708805075754,
  "никто": 0.17267045929829145,
  "автор": 0.17215270679664743,
  "часть": 0.17215270679664743,
  "полный": 0.17163495429500336,
  "музей": 0.16956394428842714,
  "разный": 0.16930506803760512,
  "деньга": 0.16904619178678312,
  "отношение": 0.168010686783495,
  "например": 0.16671630552938485,
  "война": 0.1659396767769188,
  "пока": 0.16490417177363068,
  "понимать": 0.16464529552280865,
  "имя": 0.1630920380178765,
  "выставка": 0.16179765676376637,
  "высокий": 0.16050327550965623,
  "понять": 0.16050327550965623,
  "огромный": 0.15920889425554613,
  "сила": 0.15817338925225802,
  "известный": 0.15791451300143597,
  "сцена": 0.15765563675061395,
  "играть": 0.15532575049321573,
  "давать": 0.15325474048663948,
  "некоторый": 0.1522192354833514,
  "сразу": 0.15144260673088533,
  "результат": 0.15118373048006328,
  "новое": 0.15118373048006328,
  "сидеть": 0.15066597797841924,
  "герой": 0.15066597797841924,
  "представить": 0.14988934922595315,
  "иной": 0.14988934922595315,
  "считать": 0.1491127204734871,
  "любить": 0.14859496797184304,
  "поэтому": 0.14859496797184304,
  "важный": 0.148336091721021,
  "начать": 0.14755946296855493,
  "совершенно": 0.1452295767111567,
  "стена": 0.1452295767111567,
  "происходить": 0.14367631920622453,
  "правда": 0.1431585667045805,
  "найти": 0.14264081420293645,
  "земля": 0.1423819379521144,
  "современный": 0.14186418545047036,
  "никакой": 0.13875767044060605,
  "остаться": 0.13875767044060605,
  "являться": 0.138498794189784,
  "начало": 0.13823991793896198,
  "взгляд": 0.13798104168813996,
  "процесс": 0.13798104168813996,
  "вообще": 0.1374632891864959,
  "любовь": 0.13694553668485185,
  "вместе": 0.13668666043402983,
  "тысяча": 0.13435677417663158,
  "зритель": 0.13383902167498754,
  "стоить": 0.13383902167498754,
  "форма": 0.13280351667169943,
  "выйти": 0.13280351667169943,
  "живой": 0.13176801166841132,
  "собственный": 0.13176801166841132,
  "группа": 0.13125025916676727,
  "среди": 0.1304736304143012,
  "комната": 0.1302147541634792,
  "находиться": 0.1294381254110131,
  "голова": 0.12814374415690297,
  "почему": 0.12814374415690297,
  "состояние": 0.12788486790608092,
  "многий": 0.12710823915361488,
  "смысл": 0.12684936290279283,
  "художественный": 0.1263316104011488,
  "культура": 0.1263316104011488,
  "возможность": 0.12607273415032677,
  "немой": 0.12581385789950472,
  "показать": 0.1255549816486827,
  "становиться": 0.12426060039457258,
  "далёкий": 0.12400172414375053,
  "александр": 0.12348397164210649,
  "чёрный": 0.12322509539128447,
  "сегодня": 0.12322509539128447,
  "событие": 0.12296621914046243,
  "окно": 0.12296621914046243,
  "помнить": 0.12270734288964041,
  "стол": 0.12270734288964041,
  "актёр": 0.12193071413717432,
  "зал": 0.1216718378863523,
  "маленький": 0.12115408538470825,
  "пора": 0.12115408538470825,
  "начинать": 0.1206363328830642,
  "число": 0.12037745663224218,
  "ещё": 0.12011858038142015,
  "портрет": 0.1196008278797761,
  "создать": 0.11934195162895408,
  "первое": 0.11882419912731002,
  "отец": 0.11727094162237785,
  "народ": 0.11727094162237785,
  "оставаться": 0.1164943128699118,
  "кажется": 0.11597656036826773,
  "проблема": 0.11571768411744571,
  "бог": 0.11519993161580165,
  "момент": 0.11519993161580165,
  "молодая": 0.11494105536497963,
  "андрей": 0.11494105536497963,
  "ваш": 0.11416442661251354,
  "снимать": 0.11416442661251354,
  "смерть": 0.11390555036169152,
  "пространство": 0.11338779786004746,
  "подобный": 0.11209341660593733,
  "нога": 0.1115756641042933,
  "идея": 0.1115756641042933,
  "решить": 0.1115756641042933,
  "жена": 0.1115756641042933,
  "музыка": 0.11079903535182721,
  "представлять": 0.11054015910100518,
  "ситуация": 0.11054015910100518,
  "чувство": 0.11028128285018317,
  "действие": 0.11028128285018317,
  "власть": 0.11002240659936113,
  "мысль": 0.10924577784689504,
  "особенно": 0.108728025345251,
  "природа": 0.108728025345251,
  "живопись": 0.10743364409114087,
  "произведение": 0.10743364409114087,
  "прошлое": 0.10743364409114087,
  "взять": 0.10717476784031885
}