{
  "гиперреалистичный": 1.0,
  "фотосюжет": 0.9559711542938154,
  "фотошедевр": 0.9097666528339573,
  "фильм": 0.889628235949893,
  "художник": 0.652756466447739,
  "образ": 0.3995754931437974,
  "роль": 0.39219751999536967,
  "история": 0.37627663056981503,
  "именно": 0.3685103430451543,
  "искусство": 0.365792142411523,
  "общий": 0.35025956736220143,
  "главный": 0.3323971060554816,
  "режиссёр": 0.3273490191644521,
  "увидеть": 0.32657239041198605,
  "лишь": 0.32113598914472347,
  "смотреть": 0.3207476747684905,
  "книга": 0.3191944172635583,
  "писать": 0.31414633037252876,
  "оказаться": 0.3044384709667028,
  "однако": 0.29900206969944026,
  "свет": 0.2838578090263517,
  "написать": 0.28036297964025436,
  "советский": 0.2795863508877883,
  "кино": 0.2737616352442927,
  "ряд": 0.2737616352442927,
  "век": 0.27337332086805965,
  "женщина": 0.26017063207613633,
  "никто": 0.2590056889474372,
  "автор": 0.25822906019497116,
  "часть": 0.25822906019497116,
  "полный": 0.257452431442505,
  "музей": 0.25434591643264076,
  "разный": 0.25395760205640766,
  "деньга": 0.2535692876801746,
  "отношение": 0.2520160301752425,
  "например": 0.25007445829407726,
  "война": 0.24890951516537818,
  "пока": 0.24735625766044603,
  "понимать": 0.24696794328421298,
  "имя": 0.24463805702681476,
  "выставка": 0.24269648514564957,
  "высокий": 0.24075491326448437,
  "понять": 0.24075491326448437,
  "огромный": 0.23881334138331917,
  "сила": 0.237260083878387,
  "известный": 0.23687176950215397,
  "сцена": 0.2364834551259209,
  "играть": 0.2329886257398236,
  "давать": 0.22988211072995926,
  "некоторый": 0.22832885322502708,
  "сразу": 0.227163910096328,
  "результат": 0.22677559572009492,
  "новое": 0.22677559572009492,
  "сидеть": 0.22599896696762886,
  "герой": 0.22599896696762886,
  "представить": 0.22483402383892973,
  "иной": 0.22483402383892973,
  "считать": 0.22366908071023064,
  "любить": 0.22289245195776453,
  "поэтому": 0.22289245195776453,
  "важный": 0.2225041375815315,
  "начать": 0.22133919445283237,
  "совершенно": 0.21784436506673505,
  "стена": 0.21784436506673505,
  "происходить": 0.2155144788093368,
  "правда": 0.21473785005687074,
  "найти": 0.21396122130440465,
  "земля": 0.2135729069281716,
  "современный": 0.21279627817570554,
  "никакой": 0.20813650566090905,
  "остаться": 0.20813650566090905,
  "являться": 0.207748191284676,
  "начало": 0.20735987690844299,
  "взгляд": 0.20697156253220994,
  "процесс": 0.20697156253220994,
  "вообще": 0.20619493377974385,
  "любовь": 0.2054183050272778,
  "вместе": 0.20502999065104474,
  "тысяча": 0.2015351612649474,
  "зритель": 0.2007585325124813,
  "стоить": 0.2007585325124813,
  "форма": 0.19920527500754917,
  "выйти": 0.19920527500754917,
  "живой": 0.197652017502617,
  "собственный": 0.197652017502617,
  "группа": 0.1968753887501509,
  "среди": 0.1957104456214518,
  "комната": 0.19532213124521877,
  "находиться": 0.19415718811651964,
  "голова": 0.19221561623535444,
  "почему": 0.19221561623535444,
  "состояние": 0.1918273018591214,
  "многий": 0.19066235873042228,
  "смысл": 0.19027404435418924,
  "художественный": 0.18949741560172317,
  "культура": 0.18949741560172317,
  "возможность": 0.18910910122549013,
  "немой": 0.18872078684925708,
  "показать": 0.18833247247302404,
  "становиться": 0.18639090059185884
}