{
  "босх": 1.0,
  "гиперреалистичный": 0.984698923188325,
  "моне": 0.9774238601182849,
  "киносюжет": 0.9729423836726135,
  "веронезе": 0.9534856496469979,
  "фантасмагоричный": 0.949648814905645,
  "киношедевр": 0.94311248428601,
  "фотосюжет": 0.9413437662322202,
  "кинороман": 0.939956110478618,
  "киноплакат": 0.9373215695882,
  "мантенья": 0.9314203776119581,
  "киноистория": 0.928216070782975,
  "рембрант": 0.9262712850289614,
  "куинджа": 0.9177524696993336,
  "кинодрама": 0.9169825129058877,
  "фоторепродукция": 0.9158997905358285,
  "тропинин": 0.9116675866882793,
  "фотореалистический": 0.9047467476035056,
  "дейка": 0.9043152459799442,
  "натуралистичный": 0.9035324443898628,
  "климта": 0.8991343024784609,
  "пиросмань": 0.8981629016792431,
  "фотошедевр": 0.8958462433982445,
  "герник": 0.8947951630881898,
  "фильм": 0.8760159659777887,
  "художник": 0.6427685896153046,
  "образ": 0.39346155783114123,
  "роль": 0.38619647561657205,
  "история": 0.37051919294302804,
  "именно": 0.3628717379803236,
  "искусство": 0.3601951287433771,
  "общий": 0.34490021881796834,
  "главный": 0.32731107240374824,
  "режиссёр": 0.32234022667799034,
  "увидеть": 0.3215754811817199,
  "лишь": 0.31622226270782683,
  "смотреть": 0.31583988995969164,
  "книга": 0.31431039896715074,
  "писать": 0.30933955324139284,
  "оказаться": 0.2997802345380124,
  "однако": 0.2944270160641193,
  "свет": 0.2795144788868457,
  "написать": 0.2760731241536287,
  "советский": 0.27530837865735835,
  "кино": 0.26957278743533003,
  "ряд": 0.26957278743533003,
  "век": 0.2691904146871948,
  "женщина": 0.25618974125059735,
  "никто": 0.2550426230061917,
  "автор": 0.25427787750992126,
  "часть": 0.25427787750992126,
  "полный": 0.2535131320136508,
  "музей": 0.250454150028569,
  "разный": 0.2500717772804338,
  "деньга": 0.24968940453229857,
  "отношение": 0.24815991353975766,
  "например": 0.24624804979908158,
  "война": 0.24510093155467594,
  "пока": 0.24357144056213506,
  "понимать": 0.24318906781399985,
  "имя": 0.24089483132518855,
  "выставка": 0.23898296758451243,
  "высокий": 0.23707110384383634,
  "понять": 0.23707110384383634,
  "огромный": 0.23515924010316025,
  "сила": 0.23362974911061934,
  "известный": 0.23324737636248413,
  "сцена": 0.2328650036143489,
  "играть": 0.22942364888113195,
  "давать": 0.22636466689605017,
  "некоторый": 0.22483517590350927,
  "сразу": 0.22368805765910363,
  "результат": 0.2233056849109684,
  "новое": 0.2233056849109684,
  "сидеть": 0.22254093941469796,
  "герой": 0.22254093941469796,
  "представить": 0.22139382117029227,
  "иной": 0.22139382117029227,
  "считать": 0.22024670292588666,
  "любить": 0.21948195742961618,
  "поэтому": 0.21948195742961618,
  "важный": 0.21909958468148097,
  "начать": 0.21795246643707533,
  "совершенно": 0.21451111170385836,
  "стена": 0.21451111170385836,
  "происходить": 0.212216875215047,
  "правда": 0.2114521297187766,
  "найти": 0.21068738422250616,
  "земля": 0.21030501147437092,
  "современный": 0.2095402659781005,
  "никакой": 0.20495179300047786,
  "остаться": 0.20495179300047786,
  "являться": 0.20456942025234262,
  "начало": 0.2041870475042074,
  "взгляд": 0.2038046747560722,
  "процесс": 0.2038046747560722,
  "вообще": 0.20303992925980177,
  "любовь": 0.20227518376353132,
  "вместе": 0.2018928110153961,
  "тысяча": 0.1984514562821791
}