{
  "хкомнатный": 1.0,
  "однушка": 0.9928816403124704,
  "однакомнатный": 0.9530072320586155,
  "покомнатный": 0.9500429172365932,
  "жилье": 0.9449952675249118,
  "хрущевка": 0.9204555726294856,
  "сталинка": 0.8332193604920878,
  "комн": 0.8239490132770765,
  "комнатенка": 0.8187419460146733,
  "этажка": 0.8185114106062723,
  "трешка": 0.8115164613188328,
  "котедж": 0.801796472942718,
  "многоквартирник": 0.7714911517283058,
  "дома": 0.75953692712586,
  "новосел": 0.7480855326705129,
  "приквартирный": 0.7467812819591476,
  "хэтажный": 0.7461330038405137,
  "съемщик": 0.7417017337965954,
  "тиэтажный": 0.7394301457542565,
  "двухэтажка": 0.7291204469070082,
  "мебелировка": 0.7268930834148225,
  "стройвариант": 0.7246122321221136,
  "внутрикомнатный": 0.7238926867385366,
  "дверь": 0.6266594851575089,
  "комната": 0.6098073284302612,
  "деньга": 0.49786085874211616,
  "жена": 0.4249150946227442,
  "семья": 0.38952556549552414,
  "улица": 0.34113580117871306,
  "отец": 0.3228391738748442,
  "жильё": 0.31585756608784155,
  "окно": 0.3117648994540814,
  "женщина": 0.3103204288774602,
  "никто": 0.3076722328203213,
  "муж": 0.30646850733980363,
  "пока": 0.3062277622437001,
  "оказаться": 0.30550552695538946,
  "остаться": 0.30478329166707885,
  "этаж": 0.29394976234241965,
  "мама": 0.28504219378658874,
  "тысяча": 0.280227291864518,
  "купить": 0.2727641938853083,
  "сидеть": 0.27156046840479064,
  "машина": 0.2703567429242729,
  "сразу": 0.26578258609830574,
  "стол": 0.25783799792688894,
  "взять": 0.25567129206195716,
  "найти": 0.25518980186975004,
  "кухня": 0.2537453312931288,
  "выйти": 0.2472452136983333,
  "решить": 0.23665242946977766,
  "любить": 0.23665242946977766,
  "сын": 0.2349672137970529,
  "месяц": 0.2318375275477069,
  "вместе": 0.2267818805295326,
  "вернуться": 0.226059645241222,
  "понять": 0.22004101783863356,
  "ваш": 0.21811505706980525,
  "общий": 0.2147446257243557,
  "родитель": 0.21426313553214862,
  "рубль": 0.21330015514773448,
  "лишь": 0.2120964296672168,
  "понимать": 0.21041121399449203,
  "хозяин": 0.20992972380228495,
  "собственный": 0.20992972380228495,
  "именно": 0.20992972380228495,
  "книга": 0.20944823361007786,
  "иван": 0.20896674341787078,
  "маленький": 0.20848525322566375,
  "вообще": 0.20848525322566375,
  "однако": 0.2082445081295602,
  "право": 0.20752227284124958,
  "правда": 0.20463333168800713,
  "пять": 0.20222588072697176,
  "московский": 0.19765172390100452,
  "увидеть": 0.19452203765165854,
  "никакой": 0.19452203765165854,
  "метр": 0.19379980236334793,
  "ходить": 0.191151606306209,
  "главный": 0.19018862592179486,
  "давать": 0.1892256455373807,
  "поэтому": 0.1892256455373807,
  "свет": 0.1885034102490701,
  "ряд": 0.18802192005686302,
  "имя": 0.18802192005686302,
  "начать": 0.18633670438413824,
  "находиться": 0.1853737239997241,
  "сосед": 0.18441074361530993,
  "уйти": 0.18392925342310287,
  "сергей": 0.1834477632308958,
  "советский": 0.18200329265427456,
  "смотреть": 0.18104031226986045,
  "стена": 0.18055882207765336,
  "нужно": 0.1795958416932392,
  "прийтись": 0.17863286130882505,
  "стоить": 0.17863286130882505,
  "почему": 0.1783921162127215,
  "телефон": 0.17766988092441088,
  "гость": 0.17766988092441088,
  "ещё": 0.17742913582830735
}