{
  "паркоместо": 1.0,
  "дверь": 0.6246663363353568,
  "комната": 0.6078677794611829,
  "деньга": 0.496277365939884,
  "жена": 0.4235636126131021,
  "семья": 0.3882866431773367,
  "улица": 0.3400507870100655,
  "отец": 0.32181235383239093,
  "жильё": 0.31485295169880456,
  "окно": 0.31077330217221943,
  "женщина": 0.30933342586871876,
  "никто": 0.3066936526456343,
  "муж": 0.3054937557260504,
  "пока": 0.3052537763421337,
  "оказаться": 0.3045338381903834,
  "остаться": 0.30381390003863307,
  "этаж": 0.2930148277623783,
  "мама": 0.2841355905574578,
  "тысяча": 0.2793360028791223,
  "купить": 0.2718966419777024,
  "сидеть": 0.2706967450581186,
  "машина": 0.2694968481385347,
  "сразу": 0.26493723984411605,
  "стол": 0.2570179201748625,
  "взять": 0.2548581057196116,
  "найти": 0.2543781469517781,
  "кухня": 0.25293827064827745,
  "выйти": 0.24645882728252458,
  "решить": 0.23589973439018663,
  "любить": 0.23589973439018663,
  "сын": 0.23421987870276922,
  "месяц": 0.2311001467118512,
  "вместе": 0.226060579649599,
  "вернуться": 0.2253406414978487,
  "понять": 0.2193411568999294,
  "ваш": 0.2174213218285952,
  "общий": 0.2140616104537604,
  "родитель": 0.21358165168592685,
  "рубль": 0.21262173415025978,
  "лишь": 0.2114218372306759,
  "понимать": 0.20974198154325852,
  "хозяин": 0.20926202277542497,
  "собственный": 0.20926202277542497,
  "именно": 0.20926202277542497,
  "книга": 0.20878206400759142,
  "иван": 0.2083021052397579,
  "маленький": 0.20782214647192435,
  "вообще": 0.20782214647192435,
  "однако": 0.20758216708800756,
  "право": 0.20686222893625725,
  "правда": 0.20398247632925598,
  "пять": 0.20158268249008826,
  "московский": 0.1970230741956696,
  "увидеть": 0.19390334220475156,
  "никакой": 0.19390334220475156,
  "метр": 0.19318340405300125,
  "ходить": 0.19054363082991677,
  "главный": 0.1895837132942497,
  "давать": 0.1886237957585826,
  "поэтому": 0.1886237957585826,
  "свет": 0.1879038576068323,
  "ряд": 0.18742389883899874,
  "имя": 0.18742389883899874,
  "начать": 0.18574404315158136,
  "находиться": 0.18478412561591426,
  "сосед": 0.18382420808024716,
  "уйти": 0.1833442493124136,
  "сергей": 0.1828642905445801,
  "советский": 0.18142441424107944,
  "смотреть": 0.18046449670541234,
  "стена": 0.17998453793757882,
  "нужно": 0.17902462040191175,
  "прийтись": 0.17806470286624465,
  "стоить": 0.17806470286624465,
  "почему": 0.17782472348232786,
  "телефон": 0.17710478533057755,
  "гость": 0.17710478533057755,
  "ещё": 0.1768648059466608,
  "часть": 0.17566490902707693,
  "помнить": 0.17494497087532662,
  "сегодня": 0.17494497087532662,
  "четыре": 0.1742250327235763,
  "приехать": 0.17350509457182597,
  "высокий": 0.17302513580399242,
  "пора": 0.17230519765224214,
  "например": 0.17206521826832535,
  "считать": 0.17206521826832535,
  "подъезд": 0.17182523888440857,
  "огромный": 0.17110530073265826,
  "бывший": 0.1706253419648247,
  "андрей": 0.1706253419648247,
  "прийти": 0.17014538319699118,
  "ждать": 0.1699054038130744,
  "полный": 0.16870550689349054,
  "район": 0.16702565120607313,
  "оставить": 0.16630571305432282,
  "бывать": 0.16630571305432282,
  "писать": 0.16582575428648927,
  "ночь": 0.1655857749025725,
  "ключ": 0.16534579551865575,
  "вещий": 0.16510581613473896,
  "дочь": 0.16510581613473896,
  "голова": 0.1648658367508222,
  "оставаться": 0.1639059192151551,
  "новое": 0.16270602229557124,
  "проблема": 0.16270602229557124,
  "отношение": 0.16174610475990414,
  "мать": 0.16174610475990414,
  "нужный": 0.1615061253759874,
  "молодая": 0.16006624907248676,
  "цена": 0.15982626968856997,
  "кроме": 0.1595862903046532,
  "брат": 0.15838639338506935,
  "нога": 0.15766645523331904,
  "домой": 0.15766645523331904,
  "двор": 0.1547867026263178,
  "центр": 0.15334682632281715,
  "войти": 0.15310684693890037,
  "ранний": 0.15238690878715005,
  "первое": 0.1521469294032333,
  "половина": 0.15166697063539974,
  "знакомый": 0.1511870118675662,
  "появиться": 0.1502270943318991,
  "вода": 0.14974713556406558,
  "позвонить": 0.14974713556406558,
  "минута": 0.1495071561801488,
  "образ": 0.1495071561801488,
  "вечер": 0.14902719741231527,
  "всякий": 0.14758732110881462,
  "назад": 0.14758732110881462,
  "некоторый": 0.14758732110881462,
  "дача": 0.14734734172489786,
  "давно": 0.14662740357314755,
  "история": 0.14662740357314755,
  "мебель": 0.14662740357314755,
  "принять": 0.14638742418923076,
  "коммунальный": 0.14566748603748045,
  "узнать": 0.1444675891178966,
  "голос": 0.14374765096614628,
  "александр": 0.14374765096614628,
  "старый": 0.14326769219831273,
  "как-то": 0.14230777466264563,
  "собираться": 0.14230777466264563,
  "разный": 0.1420677952787289,
  "совершенно": 0.1420677952787289,
  "сколько": 0.14062791897522825,
  "власть": 0.14038793959131146,
  "война": 0.14038793959131146,
  "сила": 0.14038793959131146,
  "доллар": 0.13990798082347794
}