{
  "дверь": 1.0,
  "комната": 0.9731079523626585,
  "деньга": 0.7944679216288898,
  "жена": 0.6780637725701114,
  "семья": 0.6215904725316942,
  "улица": 0.5443718786016135,
  "отец": 0.5151747983096427,
  "жильё": 0.5040338071456012,
  "окно": 0.49750288129081827,
  "женщина": 0.495197848636189,
  "никто": 0.49097195543603533,
  "муж": 0.48905109489051096,
  "пока": 0.48866692278140605,
  "оказаться": 0.48751440645409144,
  "остаться": 0.4863618901267768,
  "этаж": 0.46907414521705726,
  "мама": 0.4548597771801767,
  "тысяча": 0.44717633499807913,
  "купить": 0.4352669996158279,
  "сидеть": 0.4333461390703035,
  "машина": 0.4314252785247791,
  "сразу": 0.4241260084517864,
  "стол": 0.4114483288513254,
  "взять": 0.4079907798693815,
  "найти": 0.4072224356511717,
  "кухня": 0.40491740299654244,
  "выйти": 0.3945447560507107,
  "решить": 0.37764118325009605,
  "любить": 0.37764118325009605,
  "сын": 0.3749519784863619,
  "месяц": 0.36995774106799845,
  "вместе": 0.361890126776796,
  "вернуться": 0.3607376104494814,
  "понять": 0.3511333077218594,
  "ваш": 0.34805993084902037,
  "общий": 0.34268152132155205,
  "родитель": 0.3419131771033423,
  "рубль": 0.34037648866692277,
  "лишь": 0.3384556281213984,
  "понимать": 0.3357664233576642,
  "хозяин": 0.33499807913945445,
  "собственный": 0.33499807913945445,
  "именно": 0.33499807913945445,
  "книга": 0.3342297349212447,
  "иван": 0.33346139070303493,
  "маленький": 0.33269304648482523,
  "вообще": 0.33269304648482523,
  "однако": 0.3323088743757203,
  "право": 0.3311563580484057,
  "правда": 0.32654629273914715,
  "пять": 0.32270457164809835,
  "московский": 0.31540530157510566,
  "увидеть": 0.31041106415674224,
  "никакой": 0.31041106415674224,
  "метр": 0.3092585478294276,
  "ходить": 0.3050326546292739,
  "главный": 0.3034959661928544,
  "давать": 0.3019592777564349,
  "поэтому": 0.3019592777564349,
  "свет": 0.3008067614291203,
  "ряд": 0.3000384172109105,
  "имя": 0.3000384172109105,
  "начать": 0.2973492124471763,
  "находиться": 0.2958125240107568,
  "сосед": 0.2942758355743373,
  "уйти": 0.2935074913561275,
  "сергей": 0.29273914713791777,
  "советский": 0.2904341144832885,
  "смотреть": 0.288897426046869,
  "стена": 0.28812908182865926,
  "нужно": 0.28659239339223974,
  "прийтись": 0.2850557049558202,
  "стоить": 0.2850557049558202,
  "почему": 0.2846715328467153,
  "телефон": 0.2835190165194007,
  "гость": 0.2835190165194007,
  "ещё": 0.2831348444102958,
  "часть": 0.2812139838647714,
  "помнить": 0.28006146753745675,
  "сегодня": 0.28006146753745675,
  "четыре": 0.27890895121014214,
  "приехать": 0.27775643488282753,
  "высокий": 0.27698809066461777,
  "пора": 0.2758355743373031,
  "например": 0.27545140222819825,
  "считать": 0.27545140222819825,
  "подъезд": 0.27506723011909334,
  "огромный": 0.27391471379177873,
  "бывший": 0.27314636957356897,
  "андрей": 0.27314636957356897,
  "прийти": 0.2723780253553592,
  "ждать": 0.2719938532462543,
  "полный": 0.27007299270072993,
  "район": 0.2673837879369958,
  "оставить": 0.26623127160968113,
  "бывать": 0.26623127160968113,
  "писать": 0.26546292739147137,
  "ночь": 0.2650787552823665,
  "ключ": 0.2646945831732616,
  "вещий": 0.26431041106415676
}