{
  "пракультурный": 1.0,
  "агрокультура": 0.9932788759087314,
  "велокультура": 0.9875474113194429,
  "поликультурность": 0.9705834645807465,
  "медиакультура": 0.9656125123266412,
  "метакультура": 0.9287027345668966,
  "русскокультурный": 0.9196202247814862,
  "пермакультурный": 0.9114273779426911,
  "лингвокультура": 0.862376607082523,
  "аквакультурный": 0.8504043175485784,
  "некультурность": 0.8480474813727401,
  "лингвокультурология": 0.8437074266058244,
  "зоокультура": 0.8294315952533111,
  "лингвокультурный": 0.82555187746086,
  "этнодеревня": 0.8182581639945365,
  "пермакультура": 0.8133526690956142,
  "этномузыкология": 0.8022918616266793,
  "этнопедагогика": 0.7988541898881664,
  "маук": 0.795863392263832,
  "росохранкультура": 0.7941239907148974,
  "исскуства": 0.7905941215952542,
  "молодежь": 0.7850024850583142,
  "этносоциология": 0.7792757556819537,
  "история": 0.7788597068754641,
  "музеология": 0.7781969163364939,
  "лингвокультурологический": 0.7766284002658775,
  "субкультурный": 0.7675351201922385,
  "этнофестиваль": 0.7641638342820317,
  "народоведение": 0.7614041336180527,
  "староства": 0.7599077599091062,
  "народ": 0.6451296968079772,
  "язык": 0.6195933129759948,
  "искусство": 0.5799447170263379,
  "век": 0.5567603685473012,
  "развитие": 0.5426481564296267,
  "отношение": 0.5376080806733143,
  "общество": 0.5372720756228936,
  "клетка": 0.5120716968413319,
  "высокий": 0.48720732311019116,
  "являться": 0.4835112675555621,
  "советский": 0.46402297463115444,
  "наука": 0.457302873622738,
  "именно": 0.453606818068109,
  "национальный": 0.4502467675639008,
  "область": 0.4398306110008553,
  "социальный": 0.4203423180764477,
  "вирус": 0.41563824737055616,
  "образование": 0.410262166563823,
  "книга": 0.4082461362612981,
  "образ": 0.40690211605961485,
  "современный": 0.3924538988915195,
  "государство": 0.39043786858899454,
  "общий": 0.382037742328474,
  "театр": 0.38102972717721156,
  "важный": 0.37766967667300333,
  "имя": 0.37666166152174085,
  "проблема": 0.37296560596711187,
  "разный": 0.3706135706141661,
  "лишь": 0.3672535201099579,
  "уровень": 0.36658151000911626,
  "новое": 0.36187743930322475,
  "число": 0.36154143425280394,
  "процесс": 0.35011726253849595,
  "идея": 0.3467572120342878,
  "однако": 0.34272515142923793,
  "традиция": 0.3393651009250297,
  "государственный": 0.3383570857737672,
  "форма": 0.3329810049670341,
  "часть": 0.3309649746645092,
  "главный": 0.3265969090090385,
  "школа": 0.32525288880735514,
  "власть": 0.32323685850483025,
  "например": 0.3208848231518845,
  "литература": 0.3148367322443097,
  "политический": 0.3114766817401015,
  "возможность": 0.2987084898241103,
  "иной": 0.2983724847736895,
  "смысл": 0.2977004746728478,
  "условие": 0.297364469622427,
  "многий": 0.29635645447116454,
  "считать": 0.2929964039669563,
  "сегодня": 0.2929964039669563,
  "создать": 0.29064436861401055,
  "основа": 0.2872843181098024,
  "автор": 0.2866123080089607,
  "оказаться": 0.2845962777064358,
  "исторический": 0.28258024740391086,
  "роль": 0.28258024740391086,
  "ценность": 0.2802282120509651,
  "результат": 0.2802282120509651,
  "известный": 0.2798922070005443,
  "некоторый": 0.2782121817484402,
  "связь": 0.2772041665971777,
  "сила": 0.27619615144591525,
  "духовный": 0.2731721059921279,
  "мировой": 0.2708200706391821,
  "начало": 0.26880404033665717,
  "поэтому": 0.26846803528623636,
  "качество": 0.26813203023581555,
  "центр": 0.26544398983244893
}