{
  "пракультурный": 1.0,
  "лингвокультура": 0.862376607082523,
  "росохранкультура": 0.7941239907148974,
  "бахчеводство": 0.7256667388709266,
  "история": 0.5192398045836427,
  "народ": 0.4300864645386515,
  "язык": 0.4130622086506632,
  "искусство": 0.3866298113508919,
  "век": 0.37117357903153414,
  "развитие": 0.3617654376197511,
  "отношение": 0.3584053871155429,
  "общество": 0.3581813837485957,
  "клетка": 0.34138113122755465,
  "высокий": 0.32480488207346075,
  "являться": 0.3223408450370414,
  "советский": 0.309348649754103,
  "наука": 0.3048685824151587,
  "именно": 0.30240454537873934,
  "национальный": 0.3001645117092672,
  "область": 0.29322040733390353,
  "социальный": 0.2802282120509651,
  "вирус": 0.27709216491370414,
  "образование": 0.2735081110425487,
  "книга": 0.2721640908408654,
  "образ": 0.27126807737307657,
  "современный": 0.2616359325943463,
  "государство": 0.260291912392663,
  "общий": 0.2546918282189827,
  "театр": 0.254019818118141,
  "важный": 0.2517797844486689,
  "имя": 0.2511077743478273,
  "проблема": 0.24864373731140788,
  "разный": 0.24707571374277737,
  "лишь": 0.24483568007330525,
  "уровень": 0.2443876733394108,
  "новое": 0.24125162620214982,
  "число": 0.2410276228352026,
  "процесс": 0.2334115083589973,
  "идея": 0.23117147468952517,
  "однако": 0.2284834342861586,
  "традиция": 0.22624340061668646,
  "государственный": 0.2255713905158448,
  "форма": 0.2219873366446894,
  "часть": 0.2206433164430061,
  "главный": 0.21773127267269232,
  "школа": 0.21683525920490349,
  "власть": 0.2154912390032202,
  "например": 0.2139232154345897,
  "литература": 0.20989115482953982,
  "политический": 0.20765112116006765,
  "возможность": 0.19913899321607356,
  "иной": 0.19891498984912634,
  "смысл": 0.1984669831152319,
  "условие": 0.19824297974828467,
  "многий": 0.19757096964744303,
  "считать": 0.19533093597797088,
  "сегодня": 0.19533093597797088,
  "создать": 0.19376291240934038,
  "основа": 0.19152287873986823,
  "автор": 0.1910748720059738,
  "оказаться": 0.18973085180429053,
  "исторический": 0.18838683160260725,
  "роль": 0.18838683160260725,
  "ценность": 0.18681880803397674,
  "результат": 0.18681880803397674,
  "известный": 0.18659480466702952,
  "некоторый": 0.18547478783229346,
  "связь": 0.18480277773145182,
  "сила": 0.18413076763061018,
  "духовный": 0.18211473732808525,
  "мировой": 0.18054671375945475,
  "начало": 0.17920269355777144,
  "поэтому": 0.17897869019082424,
  "качество": 0.17875468682387702,
  "центр": 0.1769626598882993,
  "писать": 0.17651465315440487,
  "европейский": 0.1753946363196688,
  "программа": 0.17315460265019667,
  "существовать": 0.1722585891824078,
  "ряд": 0.1720345858154606,
  "группа": 0.1720345858154606,
  "исследование": 0.17091456898072452,
  "война": 0.16912254204514682,
  "тысяча": 0.16621049827483303,
  "различный": 0.1655384881739914,
  "сфера": 0.16307445113757202,
  "труд": 0.1628504477706248,
  "общественный": 0.1628504477706248,
  "цивилизация": 0.16195443430283593,
  "деятельность": 0.16173043093588874,
  "массовый": 0.16173043093588874,
  "московский": 0.1612824242019943,
  "вообще": 0.1610584208350471,
  "знание": 0.16016240736725823,
  "человеческий": 0.15881838716557495,
  "право": 0.15859438379862772,
  "необходимый": 0.1565783534961028,
  "организация": 0.1563543501291556,
  "западный": 0.15613034676220838,
  "использовать": 0.15568234002831396,
  "политика": 0.15501032992747232,
  "период": 0.153666309725789,
  "собственный": 0.1532183029918946,
  "особенно": 0.15254629289105295,
  "министерство": 0.1518742827902113,
  "среди": 0.1514262760563169,
  "называть": 0.15097826932242245,
  "многие": 0.15053026258852803,
  "начать": 0.15053026258852803,
  "прежде": 0.14963424912073917,
  "прошлое": 0.14941024575379194,
  "министр": 0.14896223901989752,
  "европа": 0.14851423228600308,
  "интерес": 0.14829022891905588,
  "земля": 0.14761821881821421,
  "среда": 0.14739421545126702,
  "эпоха": 0.14649820198347815,
  "сознание": 0.14605019524958374,
  "путь": 0.14493017841484765,
  "тип": 0.14448217168095323,
  "народный": 0.14336215484621717,
  "происходить": 0.14313815147926995,
  "принять": 0.14291414811232273,
  "создание": 0.14224213801148108,
  "население": 0.14224213801148108,
  "институт": 0.14157012791063944,
  "становиться": 0.14112212117674502,
  "опыт": 0.14112212117674502,
  "художник": 0.1408981178097978,
  "музей": 0.14022610770895616,
  "метр": 0.13821007740643124,
  "понимать": 0.13731406393864237,
  "оставаться": 0.13709006057169518,
  "представитель": 0.1357460403700119,
  "писатель": 0.13552203700306467,
  "цель": 0.13529803363611745,
  "музыка": 0.13529803363611745,
  "давать": 0.13485002690222303,
  "церковь": 0.13373001006748694,
  "александр": 0.13350600670053975,
  "полный": 0.13328200333359252,
  "речь": 0.1330579999666453,
  "художественный": 0.13216198649885644,
  "внимание": 0.13171397976496202,
  "растение": 0.13126597303106757,
  "вместе": 0.13081796629717315,
  "закон": 0.13081796629717315,
  "памятник": 0.13059396293022593,
  "средство": 0.13059396293022593,
  "ситуация": 0.13036995956327874
}