{
  "замгубернатор": 1.0,
  "госминистр": 0.9938563761913926,
  "минестерство": 0.8913932688078852,
  "облгосадминистрация": 0.8773461775063605,
  "абдылдаев": 0.8688578183457728,
  "бакытжан": 0.8406349724975392,
  "абромавичус": 0.8336228256349979,
  "облправительство": 0.823350163851812,
  "правительство": 0.5161671582297943,
  "президент": 0.42021902514306286,
  "оборона": 0.3428596693079682,
  "заместитель": 0.33196927455448394,
  "совет": 0.3233320649224103,
  "иностранный": 0.3113150776082208,
  "военный": 0.28258696731023664,
  "ссср": 0.24296846225876823,
  "власть": 0.23038817866422615,
  "глава": 0.21855895677682088,
  "государственный": 0.21855895677682088,
  "кабинет": 0.21292599397329456,
  "председатель": 0.21179940141258932,
  "принять": 0.20879515458404194,
  "решение": 0.19565157470914724,
  "рф": 0.18250799483425248,
  "однако": 0.1791282171521367,
  "отношение": 0.1768750320307262,
  "политический": 0.17274419264147356,
  "государство": 0.1719931309343367,
  "бывший": 0.16654793355759462,
  "сила": 0.16429474843618408,
  "внутренний": 0.1627926250219104,
  "главный": 0.16185379788798934,
  "член": 0.16147826703442092,
  "реформа": 0.1611027361808525,
  "заявить": 0.15809848935230514,
  "армия": 0.1571596622183841,
  "высокий": 0.15659636593803145,
  "развитие": 0.15640860051124725,
  "встреча": 0.1556575388041104,
  "федерация": 0.1541554153898367,
  "связь": 0.15152669941485777,
  "экономический": 0.15133893398807358,
  "политика": 0.15096340313450515,
  "советский": 0.14833468715952622,
  "руководитель": 0.14833468715952622,
  "проблема": 0.14758362545238934,
  "партия": 0.14608150203811568,
  "начальник": 0.14326502063635252,
  "александр": 0.13950971210066831,
  "сергей": 0.13781982325961042,
  "владимир": 0.13763205783282623,
  "финансы": 0.13669323069890515,
  "сша": 0.13650546527212096,
  "пост": 0.13650546527212096,
  "закон": 0.13631769984533673,
  "заседание": 0.133876749297142,
  "михаил": 0.1323746258828683,
  "генерал": 0.13181132960251568,
  "рубль": 0.1304969716150262,
  "представитель": 0.1299336753346736,
  "область": 0.1299336753346736,
  "война": 0.12880708277396832,
  "именно": 0.12805602106683148,
  "деньга": 0.12805602106683148,
  "тысяча": 0.12692942850612624,
  "культура": 0.1250517742382841,
  "считать": 0.12392518167757886,
  "часть": 0.12373741625079465,
  "лишь": 0.12261082369008938,
  "миллион": 0.12016987314189463,
  "число": 0.11979434228832622,
  "организация": 0.11960657686154201,
  "право": 0.11810445344726833,
  "республика": 0.11791668802048412,
  "мнение": 0.11772892259369992,
  "федеральный": 0.11510020661872096,
  "оказаться": 0.11453691033836834,
  "ситуация": 0.11341031777766307,
  "решить": 0.1122837252169578,
  "управление": 0.11190819436338939,
  "международный": 0.11059383637589991,
  "программа": 0.11059383637589991,
  "компания": 0.11040607094911571,
  "некоторый": 0.1102183055223315,
  "новое": 0.11003054009554729,
  "руководство": 0.10927947838841044,
  "пока": 0.10927947838841044,
  "документ": 0.10909171296162623,
  "проект": 0.1083406512544894,
  "служба": 0.10815288582770517,
  "депутат": 0.10758958954735255,
  "ведомство": 0.10589970070629466,
  "касьянов": 0.10571193527951045,
  "должность": 0.10514863899915783,
  "путин": 0.10514863899915783,
  "ряд": 0.10402204643845256,
  "группа": 0.1032709847313157,
  "находиться": 0.10270768845096308,
  "директор": 0.10195662674382623,
  "деятельность": 0.10176886131704202,
  "войско": 0.1012055650366894,
  "борис": 0.10083003418312098,
  "безопасность": 0.10083003418312098,
  "участие": 0.10083003418312098,
  "экономика": 0.10064226875633678,
  "имя": 0.09989120704919992,
  "мера": 0.09970344162241572,
  "переговоры": 0.09895237991527886,
  "начало": 0.09876461448849465,
  "результат": 0.09801355278135782,
  "состояться": 0.09745025650100518,
  "миллиард": 0.09688696022065256,
  "комитет": 0.09632366394029993,
  "начать": 0.09613589851351571,
  "общий": 0.09613589851351571,
  "комиссия": 0.0959481330867315,
  "против": 0.09576036765994729,
  "сегодня": 0.09538483680637887,
  "средство": 0.09425824424567361,
  "первое": 0.09294388625818414,
  "бюджет": 0.09294388625818414,
  "американский": 0.09238058997783151,
  "интерес": 0.09238058997783151,
  "план": 0.0921928245510473,
  "никто": 0.09181729369747887,
  "союз": 0.09162952827069466,
  "являться": 0.09162952827069466,
  "важный": 0.09144176284391045,
  "орган": 0.09144176284391045,
  "чиновник": 0.09144176284391045,
  "уровень": 0.09087846656355782,
  "николай": 0.09087846656355782,
  "алексей": 0.08993963942963677,
  "предложение": 0.08956410857606835,
  "информация": 0.08937634314928414,
  "возможность": 0.0884375160153631,
  "ход": 0.0884375160153631,
  "сообщить": 0.08824975058857888,
  "остаться": 0.08806198516179467,
  "суд": 0.08787421973501046,
  "мвд": 0.0869353926010894,
  "положение": 0.08655986174752099,
  "крупный": 0.08599656546716836,
  "газета": 0.08580880004038414,
  "отставка": 0.08580880004038414,
  "образование": 0.08524550376003151,
  "создание": 0.08468220747967888,
  "действие": 0.08449444205289466,
  "генеральный": 0.08336784949218941,
  "провести": 0.0831800840654052
}