{
  "ибероамериканский": 1.0,
  "всеамериканский": 0.9960084766904909,
  "южнороссийский": 0.9331062522108815,
  "всеиндийский": 0.8879142428425191,
  "южноевропейский": 0.8480760952769734,
  "мультинациональный": 0.8409479691823418,
  "война": 0.6908550104986826,
  "рынок": 0.4515840919328519,
  "развитие": 0.28766090839474956,
  "история": 0.2769447860796949,
  "компания": 0.25869389026186734,
  "экономика": 0.2566846173277946,
  "цена": 0.24178250973342164,
  "международный": 0.23826628209879433,
  "сша": 0.23826628209879433,
  "советский": 0.23675932739823977,
  "являться": 0.23525237269768517,
  "уровень": 0.23341053917478516,
  "проблема": 0.22403393214911232,
  "государство": 0.21968050745862133,
  "производство": 0.21097365807763938,
  "экономический": 0.21013646102177574,
  "однако": 0.2069551122094939,
  "именно": 0.20142961164079382,
  "высокий": 0.20075985399610288,
  "отношение": 0.19255532284863913,
  "век": 0.185187988757039,
  "лишь": 0.1823415187671026,
  "число": 0.17798809407661165,
  "новое": 0.17782065466543892,
  "военный": 0.17748577584309347,
  "сила": 0.17530906349784797,
  "условие": 0.17413698761963886,
  "решение": 0.17396954820846613,
  "соглашение": 0.17196027527439336,
  "культура": 0.17179283586322064,
  "миллион": 0.1716253964520479,
  "политический": 0.17112307821852973,
  "американский": 0.17011844175149335,
  "начало": 0.1687789264621115,
  "власть": 0.1676068505839024,
  "сегодня": 0.16660221411686604,
  "современный": 0.16626733529452056,
  "процесс": 0.16626733529452056,
  "политика": 0.16609989588334784,
  "важный": 0.1659324564721751,
  "возможность": 0.16224878942637505,
  "общий": 0.16141159237051142,
  "часть": 0.16040695590347503,
  "главный": 0.15990463766995683,
  "право": 0.15956975884761138,
  "тысяча": 0.15940231943643865,
  "народ": 0.15839768296940226,
  "европа": 0.15588609180181132,
  "доллар": 0.15354194004539312,
  "оказаться": 0.15303962181187492,
  "наука": 0.15203498534483853,
  "имя": 0.15086290946662945,
  "крупный": 0.1500257124107658,
  "рост": 0.14868619712138395,
  "образ": 0.14851875771021122,
  "результат": 0.14249093890799294,
  "роль": 0.1411514236186111,
  "область": 0.14098398420743838,
  "считать": 0.13964446891805654,
  "национальный": 0.13847239303984746,
  "суд": 0.13797007480632925,
  "создать": 0.13780263539515653,
  "качество": 0.13344921070466556,
  "нефть": 0.13344921070466556,
  "например": 0.13311433188232008,
  "правительство": 0.13294689247114735,
  "интерес": 0.13294689247114735,
  "сообщество": 0.1309376195370746,
  "поэтому": 0.13060274071472916,
  "общество": 0.12959810424769277,
  "закон": 0.12876090719182912,
  "книга": 0.12825858895831094,
  "германия": 0.12725395249127455,
  "создание": 0.12658419484658362,
  "проект": 0.1264167554354109,
  "связь": 0.12424004309016543,
  "государственный": 0.12273308838961085,
  "необходимый": 0.12256564897843812,
  "ситуация": 0.1223982095672654,
  "опыт": 0.12156101251140174,
  "президент": 0.12156101251140174,
  "центр": 0.12139357310022901,
  "предприятие": 0.12055637604436537,
  "принять": 0.12005405781084719,
  "идея": 0.11971917898850172,
  "европейский": 0.11888198193263808,
  "известный": 0.11871454252146535,
  "начать": 0.11787734546560169,
  "средство": 0.11620295135387439,
  "отечественный": 0.11553319370918347,
  "пока": 0.11436111783097437,
  "технология": 0.11385879959745618,
  "деньга": 0.11369136018628344,
  "основа": 0.11352392077511071,
  "революция": 0.11335648136393799,
  "цель": 0.11318904195276526,
  "многий": 0.11201696607455616,
  "задача": 0.1116820872522107,
  "ссср": 0.1116820872522107,
  "собственный": 0.11134720842986524,
  "союз": 0.1111797690186925,
  "некоторый": 0.11034257196282886,
  "судья": 0.10950537490696521,
  "западный": 0.1088356172622743,
  "ряд": 0.10866817785110156,
  "продукция": 0.10816585961758336,
  "организация": 0.10682634432820153,
  "оставаться": 0.1061565866835106,
  "событие": 0.10598914727233788,
  "борьба": 0.10565426844999241,
  "автор": 0.10464963198295606,
  "период": 0.10431475316061059,
  "практика": 0.10431475316061059,
  "мера": 0.10331011669357422,
  "научный": 0.10314267728240148,
  "составлять": 0.10314267728240148,
  "литература": 0.10264035904888329,
  "пора": 0.10163572258184692,
  "иной": 0.10012876788129234,
  "язык": 0.09996132847011961,
  "миллиард": 0.0987892525919105,
  "институт": 0.0987892525919105,
  "деятельность": 0.09828693435839231,
  "земля": 0.09778461612487413,
  "полный": 0.09761717671370139,
  "менее": 0.09677997965783776,
  "население": 0.09677997965783776,
  "финансовый": 0.09661254024666503,
  "остаться": 0.09560790377962865,
  "действие": 0.0952730249572832,
  "около": 0.0952730249572832,
  "путь": 0.09493814613493773,
  "многие": 0.09460326731259226,
  "никто": 0.09426838849024681,
  "армия": 0.09376607025672862,
  "разный": 0.09359863084555589,
  "лидер": 0.09359863084555589,
  "внутренний": 0.09343119143438317,
  "среди": 0.09326375202321043,
  "порядок": 0.09292887320086497,
  "америка": 0.09242655496734678,
  "находиться": 0.09225911555617405,
  "существовать": 0.09225911555617405,
  "прошлое": 0.09175679732265586
}