{
  "война": 1.0,
  "ибероамериканский": 0.9649878144264221,
  "всеамериканский": 0.9611360430717468,
  "южнороссийский": 0.9004361629486084,
  "всеиндийский": 0.8568264245986938,
  "рынок": 0.6536597188560349,
  "развитие": 0.41638390693165295,
  "история": 0.40087251575375665,
  "компания": 0.37445467765390206,
  "экономика": 0.37154629180804655,
  "цена": 0.34997576345128456,
  "международный": 0.34488608822103733,
  "сша": 0.34488608822103733,
  "советский": 0.3427047988366457,
  "являться": 0.340523509452254,
  "уровень": 0.33785748909355307,
  "проблема": 0.32428502181289387,
  "государство": 0.3179835191468735,
  "производство": 0.3053805138148328,
  "экономический": 0.30416868637905964,
  "однако": 0.29956374212312165,
  "именно": 0.2915656810470189,
  "высокий": 0.2905962190984004,
  "отношение": 0.27872031022782356,
  "век": 0.2680562287930199,
  "лишь": 0.2639360155113912,
  "число": 0.2576345128453708,
  "новое": 0.2573921473582162,
  "военный": 0.2569074163839069,
  "сила": 0.2537566650508968,
  "условие": 0.25206010664081435,
  "решение": 0.25181774115365974,
  "соглашение": 0.24890935530780417,
  "культура": 0.24866698982064955,
  "миллион": 0.2484246243334949,
  "политический": 0.24769752787203103,
  "американский": 0.24624333494910325,
  "начало": 0.2443044110518662,
  "власть": 0.2426078526417838,
  "сегодня": 0.24115365971885602,
  "современный": 0.2406689287445468,
  "процесс": 0.2406689287445468,
  "политика": 0.24042656325739215,
  "важный": 0.24018419777023753,
  "возможность": 0.23485215705283569,
  "общий": 0.23364032961706252,
  "часть": 0.23218613669413476,
  "главный": 0.23145904023267086,
  "право": 0.2309743092583616,
  "тысяча": 0.23073194377120698,
  "народ": 0.2292777508482792,
  "европа": 0.22564226854095976,
  "доллар": 0.22224915172079496,
  "оказаться": 0.22152205525933108,
  "наука": 0.2200678623364033,
  "имя": 0.2183713039263209,
  "крупный": 0.21715947649054776,
  "рост": 0.21522055259331072,
  "образ": 0.21497818710615607,
  "результат": 0.20625302956858943,
  "роль": 0.2043141056713524,
  "область": 0.20407174018419777,
  "считать": 0.20213281628696073,
  "национальный": 0.20043625787687833,
  "суд": 0.19970916141541445,
  "создать": 0.1994667959282598,
  "качество": 0.19316529326223947,
  "нефть": 0.19316529326223947,
  "например": 0.1926805622879302,
  "правительство": 0.19243819680077556,
  "интерес": 0.19243819680077556,
  "сообщество": 0.18952981095492002,
  "поэтому": 0.18904507998061076,
  "общество": 0.18759088705768298,
  "закон": 0.18637905962190984,
  "книга": 0.18565196316044597,
  "германия": 0.18419777023751818,
  "создание": 0.18322830828889966,
  "проект": 0.18298594280174504,
  "связь": 0.17983519146873486,
  "государственный": 0.1776539020843432,
  "необходимый": 0.17741153659718856,
  "ситуация": 0.17716917111003394,
  "опыт": 0.17595734367426077,
  "президент": 0.17595734367426077,
  "центр": 0.17571497818710616,
  "предприятие": 0.17450315075133302,
  "принять": 0.17377605428986911,
  "идея": 0.17329132331555985,
  "европейский": 0.17207949587978671,
  "известный": 0.1718371303926321,
  "начать": 0.17062530295685893,
  "средство": 0.16820164808531265,
  "отечественный": 0.16723218613669413,
  "пока": 0.16553562772661173,
  "технология": 0.16480853126514786,
  "деньга": 0.1645661657779932,
  "основа": 0.1643238002908386,
  "революция": 0.16408143480368395,
  "цель": 0.16383906931652933
}