{
  "замгубернатор": 1.0,
  "госминистр": 0.9938563761913926,
  "еврокомиссар": 0.9703830869672162,
  "кабмин": 0.9460042632390926,
  "госагентство": 0.9304090595907419,
  "госсоветник": 0.9133390281125499,
  "экономразвития": 0.896090031044392,
  "минестерство": 0.8913932688078852,
  "врио": 0.8870152111521683,
  "дворкович": 0.8789938792660658,
  "облгосадминистрация": 0.8773461775063605,
  "инистерство": 0.871922015674949,
  "абдылдаев": 0.8688578183457728,
  "минэкономразвитие": 0.868577694278962,
  "силуанов": 0.858557467198487,
  "убернатор": 0.8537264115460956,
  "минпрос": 0.8518045850818013,
  "азаров": 0.850286561843964,
  "мухамедиула": 0.8495970043799959,
  "редседатель": 0.8460950382044001,
  "урмас": 0.8449296851673153,
  "квиташвили": 0.8434974066603074,
  "казнев": 0.8413054243002782,
  "бакытжан": 0.8406349724975392,
  "голодец": 0.8402968853618792,
  "журавк": 0.840073155299952,
  "зариф": 0.838438559839254,
  "равительство": 0.8379462429455576,
  "нургалий": 0.8377662620789083,
  "миноблисполком": 0.8373704887680402,
  "правительство": 0.7742507373446915,
  "президент": 0.6303285377145943,
  "оборона": 0.5142895039619523,
  "заместитель": 0.49795391183172594,
  "совет": 0.48499809738361543,
  "иностранный": 0.46697261641233123,
  "военный": 0.4238804509653549,
  "ссср": 0.36445269338815234,
  "власть": 0.34558226799633923,
  "глава": 0.3278384351652313,
  "государственный": 0.3278384351652313,
  "кабинет": 0.3193889909599419,
  "председатель": 0.31769910211888397,
  "принять": 0.3131927318760629,
  "решение": 0.2934773620637208,
  "рф": 0.2737619922513787,
  "однако": 0.26869232572820506,
  "отношение": 0.2653125480460893,
  "политический": 0.2591162889622103,
  "государство": 0.25798969640150504,
  "бывший": 0.24982190033639193,
  "сила": 0.24644212265427615,
  "внутренний": 0.2441889375328656,
  "главный": 0.24278069683198403,
  "член": 0.2422174005516314,
  "реформа": 0.24165410427127876,
  "заявить": 0.23714773402845774,
  "армия": 0.23573949332757616,
  "высокий": 0.2348945489070472,
  "развитие": 0.23461290076687086,
  "встреча": 0.23348630820616562,
  "федерация": 0.23123312308475508,
  "связь": 0.22729004912228665,
  "экономический": 0.22700840098211034,
  "политика": 0.22644510470175774,
  "советский": 0.2225020307392893,
  "руководитель": 0.2225020307392893,
  "проблема": 0.22137543817858404,
  "партия": 0.21912225305717353,
  "начальник": 0.21489753095452876,
  "александр": 0.20926456815100244,
  "сергей": 0.20672973488941565,
  "владимир": 0.2064480867492393,
  "финансы": 0.20503984604835773,
  "сша": 0.20475819790818142,
  "пост": 0.20475819790818142,
  "закон": 0.2044765497680051,
  "заседание": 0.200815123945713,
  "михаил": 0.19856193882430245,
  "генерал": 0.19771699440377355,
  "рубль": 0.19574545742253932,
  "представитель": 0.19490051300201036,
  "область": 0.19490051300201036,
  "война": 0.1932106241609525,
  "именно": 0.19208403160024723,
  "деньга": 0.19208403160024723,
  "тысяча": 0.19039414275918934,
  "культура": 0.18757766135742618,
  "считать": 0.1858877725163683,
  "часть": 0.18560612437619195,
  "лишь": 0.18391623553513406,
  "миллион": 0.18025480971284197,
  "число": 0.17969151343248935,
  "организация": 0.179409865292313,
  "право": 0.1771566801709025,
  "республика": 0.1768750320307262,
  "мнение": 0.17659338389054988,
  "федеральный": 0.17265030992808145,
  "оказаться": 0.1718053655075525,
  "ситуация": 0.1701154766664946
}