{
  "всемирноизвестный": 1.0,
  "российский": 0.939646760636085,
  "война": 0.9316321727868065,
  "росссийский": 0.9237200925878417,
  "ибероамериканский": 0.8990136942668793,
  "всеамериканский": 0.8954252601506452,
  "признаный": 0.8948665212679496,
  "отчественный": 0.8794436733233335,
  "россиский": 0.8769603338706378,
  "росийский": 0.8472459981479766,
  "южнороссийский": 0.838875298943627,
  "россия": 0.8339487124128435,
  "порноиндустрия": 0.8187575895087251,
  "телеиндустрия": 0.8112007877207608,
  "пореволюционный": 0.8070380664325094,
  "широкоизвестный": 0.8057852630204151,
  "империалистский": 0.801908574726078,
  "россйский": 0.8016456975773322,
  "страна": 0.8002621219461217,
  "всеиндийский": 0.798247063650032,
  "либерийский": 0.7974036244839356,
  "ритейлерский": 0.7916558661585485,
  "кинопроизводитель": 0.7896378647934088,
  "извесной": 0.7865686324813093,
  "понский": 0.7847842441632277,
  "болливудский": 0.7847385988281477,
  "краностроение": 0.7842226177410868,
  "рынок": 0.6089704241410608,
  "развитие": 0.38791664392819525,
  "история": 0.37346573286218565,
  "компания": 0.34885402495288803,
  "экономика": 0.3461444791280113,
  "цена": 0.32604868092684164,
  "международный": 0.32130697573330724,
  "сша": 0.32130697573330724,
  "советский": 0.31927481636464966,
  "являться": 0.3172426569959921,
  "уровень": 0.3147589066565216,
  "проблема": 0.30211435947376325,
  "государство": 0.29624367685319686,
  "производство": 0.284502311612064,
  "экономический": 0.2833733341850321,
  "однако": 0.2790832199623104,
  "именно": 0.27163196894389924,
  "высокий": 0.27072878700227365,
  "отношение": 0.25966480821736004,
  "век": 0.24972980685947843,
  "лишь": 0.24589128360756962,
  "число": 0.24002060098700323,
  "новое": 0.23979480550159685,
  "военный": 0.239343214530784,
  "сила": 0.23640787322050086,
  "условие": 0.23482730482265604,
  "решение": 0.23460150933724966,
  "соглашение": 0.23189196351237285,
  "культура": 0.23166616802696643,
  "миллион": 0.23144037254156002,
  "политический": 0.23076298608534085,
  "американский": 0.22940821317290244,
  "начало": 0.22760184928965121,
  "власть": 0.22602128089180643,
  "сегодня": 0.22466650797936802,
  "современный": 0.22421491700855525,
  "процесс": 0.22421491700855525,
  "политика": 0.22398912152314882,
  "важный": 0.22376332603774243,
  "возможность": 0.21879582535880163,
  "общий": 0.21766684793176963,
  "часть": 0.21631207501933122,
  "главный": 0.21563468856311202,
  "право": 0.21518309759229923,
  "тысяча": 0.21495730210689282,
  "народ": 0.2136025291944544,
  "европа": 0.21021559691335842,
  "доллар": 0.20705446011766881,
  "оказаться": 0.20637707366144964,
  "наука": 0.20502230074901123,
  "имя": 0.20344173235116644,
  "крупный": 0.20231275492413445,
  "рост": 0.20050639104088322,
  "образ": 0.2002805955554768,
  "результат": 0.19215195808084642,
  "роль": 0.19034559419759522,
  "область": 0.19011979871218881,
  "считать": 0.18831343482893761,
  "национальный": 0.18673286643109283,
  "суд": 0.18605547997487362,
  "создать": 0.1858296844894672,
  "качество": 0.17995900186890085,
  "нефть": 0.17995900186890085,
  "например": 0.17950741089808803,
  "правительство": 0.17928161541268162,
  "интерес": 0.17928161541268162,
  "сообщество": 0.17657206958780483,
  "поэтому": 0.17612047861699204,
  "общество": 0.17476570570455363,
  "закон": 0.17363672827752163,
  "книга": 0.17295934182130243,
  "германия": 0.17160456890886402,
  "создание": 0.1707013869672384
}