{
  "дабстеп": 1.0,
  "аудиотрек": 0.932636781824974,
  "музыкотерапия": 0.8939530674012914,
  "играть": 0.5270319258429104,
  "музыкальный": 0.46999088137384615,
  "театр": 0.4078263897967822,
  "концерт": 0.39723793244024935,
  "слушать": 0.3542009767330513,
  "спектакль": 0.34600346136025156,
  "композитор": 0.34532033507918497,
  "зал": 0.30125868995038685,
  "искусство": 0.2951105534207871,
  "любить": 0.2882792906101208,
  "сцена": 0.2824727172210544,
  "музыкант": 0.26402830763225515,
  "фильм": 0.26061267622692197,
  "программа": 0.2571970448215888,
  "писать": 0.25241516085412236,
  "звук": 0.2479748400271892,
  "написать": 0.24148514035705615,
  "оркестр": 0.23431231440585648,
  "танец": 0.23328762498425654,
  "имя": 0.2329460618437232,
  "голос": 0.22987199357892332,
  "именно": 0.22748105159519008,
  "звучать": 0.2240654201898569,
  "петь": 0.21757572051972385,
  "песня": 0.2165510310981239,
  "сидеть": 0.21108602084959083,
  "смотреть": 0.21040289456852418,
  "главный": 0.2076703894442576,
  "оказаться": 0.20596257374159102,
  "культура": 0.2022053791957245,
  "любовь": 0.20049756349305795,
  "вместе": 0.1963988058066581,
  "понять": 0.1963988058066581,
  "вообще": 0.1943494269634582,
  "вечер": 0.19332473754185825,
  "стих": 0.19298317440132493,
  "начать": 0.1923000481202583,
  "песнь": 0.190933795558125,
  "понимать": 0.18854285357439177,
  "лишь": 0.18820129043385847,
  "книга": 0.1868350378717252,
  "история": 0.18581034845012526,
  "никто": 0.18546878530959193,
  "разный": 0.17932064877999218,
  "советский": 0.17932064877999218,
  "современный": 0.17897908563945886,
  "свет": 0.1776128330773256,
  "ряд": 0.1741972016719924,
  "роль": 0.17180625968825916,
  "образ": 0.17146469654772586,
  "мелодия": 0.17146469654772586,
  "век": 0.17078157026665924,
  "произведение": 0.16907375456399265,
  "группа": 0.16634124943972609,
  "новое": 0.16634124943972609,
  "высокий": 0.16497499687759282,
  "фестиваль": 0.16497499687759282,
  "часть": 0.16429187059652617,
  "известный": 0.1629256180343929,
  "остаться": 0.16155936547225963,
  "опера": 0.16155936547225963,
  "женщина": 0.16053467605065969,
  "автор": 0.16053467605065969,
  "школа": 0.15985154976959304,
  "слышать": 0.1588268603479931,
  "сразу": 0.15814373406692644,
  "например": 0.1571190446453265,
  "выйти": 0.1571190446453265,
  "полный": 0.15370341323999331,
  "увидеть": 0.15267872381839334,
  "правда": 0.15233716067786005,
  "некоторый": 0.15233716067786005,
  "пока": 0.15199559753732672,
  "заниматься": 0.1502877818346601,
  "никакой": 0.14857996613199353,
  "молодая": 0.1478968398509269,
  "художник": 0.14755527671039356,
  "прекрасный": 0.1461890241482603,
  "московский": 0.14550589786719365,
  "смысл": 0.14516433472666035,
  "инструмент": 0.1444812084455937,
  "чёрный": 0.1444812084455937,
  "собственный": 0.1441396453050604,
  "многий": 0.14345651902399376,
  "отношение": 0.14311495588346043,
  "общий": 0.1427733927429271,
  "читать": 0.14174870332132716,
  "первое": 0.14140714018079384,
  "нога": 0.14106557704026051,
  "совершенно": 0.14106557704026051,
  "классический": 0.1407240138997272,
  "помнить": 0.1407240138997272,
  "начало": 0.1403824507591939,
  "огромный": 0.13969932447812725,
  "народ": 0.13901619819706063,
  "поставить": 0.1386746350565273,
  "начинать": 0.13799150877546065,
  "поэтому": 0.13764994563492736,
  "отец": 0.13662525621332738,
  "картина": 0.13662525621332738,
  "давать": 0.13628369307279406,
  "игра": 0.13594212993226074,
  "однако": 0.13457587737012747,
  "деньга": 0.13423431422959414,
  "важный": 0.13389275108906082,
  "андрей": 0.13355118794852752,
  "особенно": 0.1332096248079942,
  "среди": 0.13252649852692758,
  "голова": 0.13218493538639425,
  "публика": 0.13184337224586093,
  "считать": 0.1315018091053276,
  "взять": 0.13116024596479428,
  "пора": 0.13081868282426096,
  "кажется": 0.13081868282426096,
  "найти": 0.13013555654319434,
  "исполнение": 0.13013555654319434,
  "хотеться": 0.1294524302621277,
  "чувство": 0.1294524302621277,
  "текст": 0.12911086712159436,
  "сила": 0.12842774084052774,
  "александр": 0.12842774084052774,
  "стол": 0.12808617769999445,
  "немой": 0.12808617769999445,
  "пьеса": 0.1274030514189278,
  "ещё": 0.12671992513786115,
  "происходить": 0.12671992513786115,
  "появиться": 0.12637836199732783,
  "маленький": 0.1256952357162612,
  "дверь": 0.12432898315412791,
  "далёкий": 0.1239874200135946,
  "возможность": 0.1239874200135946,
  "живой": 0.12364585687306127,
  "кроме": 0.12330429373252795,
  "сегодня": 0.12330429373252795,
  "танцевать": 0.12330429373252795,
  "решить": 0.12296273059199464,
  "комната": 0.12227960431092802,
  "пять": 0.12227960431092802,
  "душа": 0.12227960431092802,
  "тема": 0.12125491488932806,
  "часто": 0.12091335174879474,
  "режиссёр": 0.12057178860826141,
  "ансамбль": 0.1202302254677281,
  "минута": 0.11988866232719478,
  "форма": 0.11954709918666145,
  "улица": 0.11818084662452819,
  "бог": 0.11783928348399486
}