{
  "дабстеп": 1.0,
  "аудиотрек": 0.932636781824974,
  "играть": 0.7905478887643655,
  "музыкальный": 0.7049863220607693,
  "театр": 0.6117395846951733,
  "концерт": 0.5958568986603741,
  "слушать": 0.5313014650995769,
  "спектакль": 0.5190051920403774,
  "композитор": 0.5179805026187774,
  "зал": 0.45188803492558033,
  "искусство": 0.44266583013118077,
  "любить": 0.43241893591518116,
  "сцена": 0.42370907583158157,
  "музыкант": 0.3960424614483828,
  "фильм": 0.390919014340383,
  "программа": 0.3857955672323832,
  "писать": 0.3786227412811835,
  "звук": 0.3719622600407838,
  "написать": 0.3622277105355842,
  "оркестр": 0.3514684716087847,
  "танец": 0.3499314374763847,
  "имя": 0.3494190927655848,
  "голос": 0.344807990368385,
  "именно": 0.34122157739278514,
  "звучать": 0.33609813028478536,
  "петь": 0.3263635807795858,
  "песня": 0.32482654664718585,
  "сидеть": 0.3166290312743862,
  "смотреть": 0.31560434185278624,
  "главный": 0.3115055841663864,
  "оказаться": 0.30894386061238654,
  "культура": 0.3033080687935868,
  "любовь": 0.30074634523958693,
  "вместе": 0.29459820870998715,
  "понять": 0.29459820870998715,
  "вообще": 0.2915241404451873,
  "вечер": 0.28998710631278735,
  "стих": 0.2894747616019874,
  "начать": 0.28845007218038743,
  "песнь": 0.28640069333718754,
  "понимать": 0.2828142803615877,
  "лишь": 0.2823019356507877,
  "книга": 0.2802525568075878,
  "история": 0.27871552267518784,
  "никто": 0.27820317796438787,
  "разный": 0.2689809731699883,
  "советский": 0.2689809731699883,
  "современный": 0.2684686284591883,
  "свет": 0.2664192496159884,
  "ряд": 0.2612958025079886,
  "роль": 0.2577093895323888,
  "образ": 0.2571970448215888,
  "мелодия": 0.2571970448215888,
  "век": 0.2561723553999889,
  "произведение": 0.2536106318459889,
  "группа": 0.24951187415958914,
  "новое": 0.24951187415958914,
  "высокий": 0.24746249531638922,
  "фестиваль": 0.24746249531638922,
  "часть": 0.24643780589478928,
  "известный": 0.24438842705158936,
  "остаться": 0.24233904820838945,
  "опера": 0.24233904820838945,
  "женщина": 0.24080201407598953,
  "автор": 0.24080201407598953,
  "школа": 0.23977732465438956,
  "слышать": 0.23824029052198964,
  "сразу": 0.2372156011003897,
  "например": 0.23567856696798972,
  "выйти": 0.23567856696798972,
  "полный": 0.23055511985998997,
  "увидеть": 0.22901808572759,
  "правда": 0.22850574101679005,
  "некоторый": 0.22850574101679005,
  "пока": 0.22799339630599008,
  "заниматься": 0.22543167275199016,
  "никакой": 0.2228699491979903,
  "молодая": 0.22184525977639033,
  "художник": 0.22133291506559039,
  "прекрасный": 0.21928353622239047,
  "московский": 0.2182588468007905,
  "смысл": 0.21774650208999055,
  "инструмент": 0.21672181266839058,
  "чёрный": 0.21672181266839058,
  "собственный": 0.21620946795759058,
  "многий": 0.2151847785359906,
  "отношение": 0.21467243382519066,
  "общий": 0.21416008911439066,
  "читать": 0.21262305498199074,
  "первое": 0.21211071027119077,
  "нога": 0.21159836556039077,
  "совершенно": 0.21159836556039077,
  "классический": 0.21108602084959083,
  "помнить": 0.21108602084959083,
  "начало": 0.21057367613879083,
  "огромный": 0.20954898671719085,
  "народ": 0.2085242972955909,
  "поставить": 0.20801195258479094,
  "начинать": 0.206987263163191,
  "поэтому": 0.20647491845239102
}