{
  "музыкалка": 1.0,
  "дабстеп": 0.9978888579491707,
  "звукорежиссура": 0.9771359243889711,
  "аудиотека": 0.9727658067399872,
  "звукорежиссерский": 0.9329797741701502,
  "цветомузыкальный": 0.9318531546428245,
  "аудиотрек": 0.9306678530967132,
  "реггей": 0.930545975057697,
  "саундрек": 0.9274567993604412,
  "битбокс": 0.9232353616340535,
  "акапельный": 0.9212990430975229,
  "эмбиент": 0.9175373752266522,
  "акапелла": 0.9168172039127741,
  "аудиотренинг": 0.9159794804779312,
  "играть": 0.7888789298732007,
  "музыкальный": 0.7034979957910074,
  "театр": 0.6104481155337664,
  "концерт": 0.5945989601053354,
  "слушать": 0.5301798122349378,
  "спектакль": 0.5179094983548622,
  "композитор": 0.5168869721981891,
  "зал": 0.4509340350927823,
  "искусство": 0.4417312996827255,
  "любить": 0.43150603811599575,
  "сцена": 0.42281456578427545,
  "музыкант": 0.39520635955410516,
  "фильм": 0.3900937287707402,
  "программа": 0.38498109798737534,
  "писать": 0.3778234148906645,
  "звук": 0.37117699487229017,
  "написать": 0.3614629963838969,
  "оркестр": 0.3507264717388307,
  "танец": 0.3491926825038212,
  "имя": 0.3486814194254847,
  "голос": 0.3440800517204563,
  "именно": 0.34050121017210094,
  "звучать": 0.335388579388736,
  "петь": 0.3256745809003428,
  "песня": 0.32414079166533327,
  "сидеть": 0.3159605824119495,
  "смотреть": 0.3149380562552765,
  "главный": 0.3108479516285846,
  "оказаться": 0.30829163623690214,
  "культура": 0.3026677423752008,
  "любовь": 0.3001114269835184,
  "вместе": 0.2939762700434805,
  "понять": 0.2939762700434805,
  "вообще": 0.2909086915734616,
  "вечер": 0.2893749023384521,
  "стих": 0.28886363926011566,
  "начать": 0.2878411131034427,
  "песнь": 0.2857960607900967,
  "понимать": 0.2822172192417413,
  "лишь": 0.2817059561634048,
  "книга": 0.2796609038500589,
  "история": 0.27812711461504935,
  "никто": 0.2776158515367129,
  "разный": 0.26841311612665614,
  "советский": 0.26841311612665614,
  "современный": 0.2679018530483196,
  "свет": 0.2658568007349737,
  "ряд": 0.2607441699516088,
  "роль": 0.2571653284032534,
  "образ": 0.25665406532491686,
  "мелодия": 0.25665406532491686,
  "век": 0.25563153916824394,
  "произведение": 0.2530752237765615,
  "группа": 0.2489851191498696,
  "новое": 0.2489851191498696,
  "высокий": 0.24694006683652364,
  "фестиваль": 0.24694006683652364,
  "часть": 0.24591754067985067,
  "известный": 0.2438724883665047,
  "остаться": 0.24182743605315873,
  "опера": 0.24182743605315873,
  "женщина": 0.2402936468181493,
  "автор": 0.2402936468181493,
  "школа": 0.23927112066147632,
  "слышать": 0.23773733142646686,
  "сразу": 0.23671480526979388,
  "например": 0.2351810160347844,
  "выйти": 0.2351810160347844,
  "полный": 0.23006838525141954,
  "увидеть": 0.22853459601641005,
  "правда": 0.2280233329380736,
  "некоторый": 0.2280233329380736,
  "пока": 0.22751206985973713,
  "заниматься": 0.22495575446805463,
  "никакой": 0.22239943907637222,
  "молодая": 0.22137691291969924,
  "художник": 0.22086564984136275,
  "прекрасный": 0.2188205975280168,
  "московский": 0.21779807137134383,
  "смысл": 0.21728680829300737,
  "инструмент": 0.2162642821363344,
  "чёрный": 0.2162642821363344,
  "собственный": 0.21575301905799787,
  "многий": 0.2147304929013249,
  "отношение": 0.2142192298229884,
  "общий": 0.2137079667446519
}