{
  "нацио": 1.0,
  "национ": 0.937381223780212,
  "государственый": 0.7644072695540084,
  "замбийский": 0.7625757656942631,
  "татранский": 0.7607655583910264,
  "этнонационализм": 0.7596864192796192,
  "общерегиональный": 0.7543849396885779,
  "межамериканский": 0.7520184663293349,
  "общегерманский": 0.7510166763111672,
  "россиский": 0.7491866206172645,
  "водлозерский": 0.74660513722351,
  "костариканский": 0.7443851841730467,
  "киприотский": 0.7393537449185351,
  "прогосударственный": 0.7377800997649968,
  "этномира": 0.7358013089204375,
  "ланкийский": 0.7334486357298121,
  "общереспубликанский": 0.7297658648058815,
  "ританский": 0.7290501301347382,
  "осударственный": 0.7253779223028358,
  "госудаственный": 0.7252268019378504,
  "нацагентство": 0.7234424912473283,
  "интернациональ": 0.723213425485521,
  "этнопарк": 0.7220439889745172,
  "росссийский": 0.7189771996510431,
  "государс": 0.7185551019010413,
  "этнодеревня": 0.7148569974564245,
  "народ": 0.7145938572042034,
  "этнофестиваль": 0.7140996919069763,
  "русскокультурный": 0.7129117699849229,
  "рмянский": 0.711740033445816,
  "елорусский": 0.711563144247455,
  "номинационный": 0.7102126018199015,
  "этноэкологический": 0.7076405315041239,
  "центральноамериканский": 0.7072597490737489,
  "этнотуризм": 0.7060272747554793,
  "сударство": 0.7055824322831263,
  "южнороссийский": 0.7031785621706541,
  "общегреческий": 0.7025831530437848,
  "подноминация": 0.699723408842688,
  "государсвенный": 0.6985231775109726,
  "югославянский": 0.6980520124947749,
  "нальный": 0.696309996765479,
  "сероссийский": 0.6959407144756187,
  "государство": 0.6821412421397204,
  "развитие": 0.5033336963922751,
  "проблема": 0.49569778696533784,
  "государственный": 0.4829712712537759,
  "отношение": 0.4645178234720111,
  "власть": 0.45815456561623014,
  "политический": 0.4387466291560982,
  "культура": 0.437792140477731,
  "являться": 0.43397418576426244,
  "интерес": 0.4272927650156924,
  "международный": 0.42570195055174714,
  "право": 0.42092950715991145,
  "политика": 0.4199750184815443,
  "история": 0.3954764757367875,
  "идея": 0.39293117259447513,
  "сила": 0.37797751663338985,
  "общество": 0.37002344431366363,
  "сша": 0.36556916381461696,
  "президент": 0.36079672042278127,
  "экономический": 0.359205905958836,
  "уровень": 0.34043429528428215,
  "экономика": 0.33120757139339974,
  "именно": 0.326753290894353,
  "язык": 0.3257988022159859,
  "безопасность": 0.32357166196646253,
  "решение": 0.32325349907367346,
  "правительство": 0.31466310096836914,
  "советский": 0.31275412361163485,
  "однако": 0.3076635173270101,
  "организация": 0.3044818883991196,
  "программа": 0.30066393368565103,
  "часть": 0.2895282324380343,
  "важный": 0.287301092188511,
  "федерация": 0.28698292929572194,
  "число": 0.28507395193898766,
  "военный": 0.2831649745822533,
  "война": 0.2796651827615738,
  "рынок": 0.2764835538336833,
  "общий": 0.2736200877985819,
  "высокий": 0.2717111104418476,
  "лишь": 0.2701202959779023,
  "главный": 0.2698021330851133,
  "социальный": 0.2698021330851133,
  "республика": 0.2688476444067462,
  "американский": 0.2672568299428009,
  "область": 0.2653478525860666,
  "условие": 0.2653478525860666,
  "век": 0.26280254944375425,
  "принять": 0.26216622365817616,
  "мировой": 0.261529897872598,
  "деятельность": 0.2599390834086528,
  "центр": 0.2596209205158637,
  "население": 0.2596209205158637,
  "сегодня": 0.2589845947302856,
  "создание": 0.2567574544807623,
  "процесс": 0.25580296580239514,
  "цель": 0.25453031423123895
}