{
  "наукоучение": 1.0,
  "буддология": 0.9649491036480587,
  "тайноведение": 0.9546485603373079,
  "имиджелогия": 0.9379733320440531,
  "лингвокультурология": 0.9318371639057939,
  "учёный": 0.5632951316912469,
  "академия": 0.5622110379043123,
  "институт": 0.5086568048297403,
  "развитие": 0.48849266039275574,
  "история": 0.4707135222870274,
  "исследование": 0.4299515958982843,
  "область": 0.42041157057325934,
  "проблема": 0.40349970749707875,
  "доктор": 0.38290192554532027,
  "знание": 0.34864456187818516,
  "образование": 0.34582591803215507,
  "книга": 0.33650271146451705,
  "современный": 0.31590492951275856,
  "журнал": 0.314604016968437,
  "теория": 0.30441353537125126,
  "высокий": 0.29574078507577395,
  "общество": 0.2931389599871308,
  "социальный": 0.29205486620019616,
  "культура": 0.28793530980984444,
  "являться": 0.2814307470882365,
  "кандидат": 0.2747093656092417,
  "государственный": 0.26950571543195534,
  "именно": 0.2653861590416036,
  "советский": 0.2649525215268298,
  "важный": 0.26126660265125196,
  "школа": 0.261049783893865,
  "общий": 0.2590984150773826,
  "имя": 0.2575806837756741,
  "новое": 0.2571470462609003,
  "век": 0.2530274898705485,
  "отношение": 0.2491247522375838,
  "однако": 0.24869111472280991,
  "деятельность": 0.24825747720803606,
  "язык": 0.2476070209358753,
  "процесс": 0.24587247087677985,
  "метр": 0.24001836442733268,
  "число": 0.23806699561085035,
  "лишь": 0.23698290182391568,
  "автор": 0.23438107673527248,
  "общественный": 0.2324297079187901,
  "исторический": 0.23199607040401626,
  "профессор": 0.23177925164662933,
  "результат": 0.22765969525627763,
  "университет": 0.22722605774150378,
  "экономический": 0.2267924202267299,
  "идея": 0.21942058247557428,
  "возможность": 0.21877012620341346,
  "известный": 0.2183364886886396,
  "ссср": 0.21096465093748396,
  "основа": 0.2085796446062277,
  "заниматься": 0.2079291883340669,
  "решение": 0.2057610007601976,
  "главный": 0.20511054448803678,
  "например": 0.20467690697326293,
  "уровень": 0.20099098809768512,
  "задача": 0.19990689431075045,
  "создать": 0.19925643803858967,
  "академик": 0.19925643803858967,
  "разный": 0.19860598176642888,
  "центр": 0.19730506922210728,
  "метод": 0.1960041566777857,
  "техника": 0.19383596910391637,
  "считать": 0.19296869407436865,
  "технология": 0.19296869407436865,
  "закон": 0.1927518753169817,
  "многий": 0.19145096277266013,
  "искусство": 0.18949959395617777,
  "сила": 0.18754822513969538,
  "труд": 0.18754822513969538,
  "писать": 0.1849464000510522,
  "статья": 0.18407912502150447,
  "образ": 0.1834286687493437,
  "оказаться": 0.18126048117547439,
  "государство": 0.17974274987376587,
  "физика": 0.17844183732944427,
  "психология": 0.17822501857205733,
  "организация": 0.1771409247851227,
  "специалист": 0.17649046851296188,
  "часть": 0.1758400122408011,
  "необходимый": 0.17323818715215794,
  "экономика": 0.17280454963738406,
  "создание": 0.17237091212261021,
  "сегодня": 0.17215409336522328,
  "некоторый": 0.17150363709306246,
  "поэтому": 0.17041954330612782,
  "право": 0.16998590579135398,
  "военный": 0.1695522682765801,
  "связь": 0.1676008994600977,
  "роль": 0.1673840807027108,
  "природа": 0.16716726194532386,
  "программа": 0.16695044318793692,
  "ряд": 0.16499907437145456,
  "интерес": 0.16478225561406762,
  "направление": 0.16478225561406762,
  "мировой": 0.1641317993419068,
  "форма": 0.1626140680401983,
  "международный": 0.16131315549587671,
  "иной": 0.16001224295155514,
  "член": 0.15892814916462047,
  "директор": 0.1582776928924597,
  "власть": 0.15654314283336423,
  "смысл": 0.15589268656120345,
  "московский": 0.15459177401688184,
  "многие": 0.15437495525949493,
  "литература": 0.15329086147256027,
  "путь": 0.15090585514130403,
  "качество": 0.15047221762653015,
  "опыт": 0.14960494259698245,
  "президент": 0.14960494259698245,
  "технический": 0.14830403005266085,
  "проект": 0.14678629875095234,
  "философия": 0.1459190237214046,
  "существовать": 0.14483492993446997,
  "средство": 0.14418447366230916,
  "достижение": 0.14353401739014837,
  "принять": 0.14353401739014837,
  "условие": 0.1431003798753745,
  "сфера": 0.14266674236060065,
  "политический": 0.14201628608843986,
  "№": 0.14158264857366598,
  "вообще": 0.14136582981627907,
  "принцип": 0.14136582981627907,
  "фундаментальный": 0.14114901105889213,
  "политика": 0.1402817360293444,
  "давать": 0.13984809851457056,
  "материал": 0.13854718597024895,
  "называть": 0.13767991094070123,
  "прошлое": 0.13767991094070123,
  "человеческий": 0.13724627342592738,
  "тысяча": 0.13702945466854044,
  "естественный": 0.13637899839637965,
  "структура": 0.13572854212421884,
  "группа": 0.13486126709467114,
  "практика": 0.13486126709467114,
  "сотрудник": 0.1346444483372842,
  "среди": 0.1346444483372842,
  "информация": 0.13421081082251032,
  "цель": 0.13334353579296263,
  "война": 0.13334353579296263,
  "изучение": 0.1326930795208018,
  "совет": 0.1326930795208018,
  "особенно": 0.1326930795208018,
  "земля": 0.13225944200602796,
  "пока": 0.13204262324864102,
  "понимать": 0.13160898573386715
}