{
  "горрайисполком": 1.0,
  "горрайотдел": 0.990599141202474,
  "завсектором": 0.9769586081560122,
  "райуправление": 0.9296540762596212,
  "майстренко": 0.9147342510881352,
  "горковенко": 0.8934006011623064,
  "викторович": 0.8921621955043462,
  "управление": 0.5645770283204236,
  "отдел": 0.4522789062028625,
  "заместитель": 0.364909542694908,
  "военный": 0.3319086146307621,
  "главный": 0.31837585995697565,
  "служба": 0.3074546895184813,
  "штаб": 0.2989076865666162,
  "генерал": 0.2390786659035604,
  "область": 0.23148132994634693,
  "армия": 0.2307690797003582,
  "командир": 0.2222220767484931,
  "часть": 0.21391249054529088,
  "александр": 0.20987640581802125,
  "директор": 0.20868932207470664,
  "министр": 0.19919265212818985,
  "должность": 0.1949191506522573,
  "власть": 0.1939694836576056,
  "бывший": 0.19325723341161682,
  "советский": 0.1904082324276618,
  "однако": 0.1904082324276618,
  "сила": 0.18969598218167302,
  "оказаться": 0.1880340649410326,
  "высокий": 0.1844728137110888,
  "руководитель": 0.17924964524050455,
  "деньга": 0.17545097726189784,
  "президент": 0.17070264228863943,
  "владимир": 0.16927814179666192,
  "никто": 0.16880330829933607,
  "связь": 0.1676162245560215,
  "сотрудник": 0.1666665575613698,
  "война": 0.1666665575613698,
  "имя": 0.16476722357206644,
  "отношение": 0.16001888859880803,
  "находиться": 0.1581195546095047,
  "государственный": 0.1524215526415946,
  "войско": 0.15147188564694292,
  "принять": 0.15123446889828002,
  "тысяча": 0.15075963540095416,
  "милиция": 0.14909771816031375,
  "группа": 0.14814805116566204,
  "решение": 0.14719838417101036,
  "компания": 0.14672355067368453,
  "именно": 0.1464861339250216,
  "назначить": 0.14482421668438117,
  "полковник": 0.14434938318705534,
  "лишь": 0.14221263244908905,
  "кабинет": 0.14078813195711154,
  "начать": 0.14078813195711154,
  "остаться": 0.13865138121914525,
  "пока": 0.13865138121914525,
  "генеральный": 0.13841396447048235,
  "рф": 0.13817654772181942,
  "руководство": 0.13770171422449357,
  "правительство": 0.13770171422449357,
  "считать": 0.1369894639785048,
  "офицер": 0.13461529649187562,
  "московский": 0.1343778797432127,
  "председатель": 0.13366562949722394,
  "старший": 0.13295337925123515,
  "право": 0.1320037122565835,
  "совет": 0.1308166285132689,
  "машина": 0.13010437826728014,
  "дорога": 0.1298669615186172,
  "сразу": 0.1296295447699543,
  "решить": 0.1296295447699543,
  "николай": 0.12939212802129138,
  "партия": 0.12915471127262845,
  "организация": 0.12915471127262845,
  "вместе": 0.1286798777753026,
  "ваш": 0.12820504427797677,
  "взять": 0.12796762752931387,
  "документ": 0.12749279403198802,
  "отец": 0.12701796053466216,
  "сергей": 0.12678054378599923,
  "ряд": 0.12654312703733633,
  "безопасность": 0.12535604329402172,
  "понимать": 0.12464379304803298,
  "состав": 0.12440637629937006,
  "иван": 0.12416895955070713,
  "сидеть": 0.12345670930471839,
  "район": 0.12226962556140376,
  "месяц": 0.12226962556140376,
  "проблема": 0.12203220881274086,
  "никакой": 0.12179479206407794,
  "глава": 0.12084512506942624,
  "число": 0.12037029157210043,
  "выйти": 0.11965804132611164,
  "приказ": 0.1191832078287858,
  "понять": 0.11799612408547121,
  "некоторый": 0.11752129058814538,
  "администрация": 0.11728387383948247,
  "охрана": 0.11657162359349368,
  "стол": 0.11657162359349368,
  "информация": 0.1153845398501791,
  "первое": 0.11490970635285325,
  "затем": 0.11467228960419032,
  "рубль": 0.11467228960419032,
  "оборона": 0.1141974561068645,
  "ссср": 0.11372262260953865,
  "правда": 0.11301037236354991,
  "личный": 0.11301037236354991,
  "новое": 0.11253553886622406,
  "орган": 0.11182328862023529,
  "начало": 0.11111103837424655,
  "деятельность": 0.11087362162558362,
  "общий": 0.10992395463093195,
  "сообщить": 0.10897428763628025,
  "среди": 0.10873687088761733,
  "давать": 0.10873687088761733,
  "завод": 0.10873687088761733,
  "член": 0.10849945413895443,
  "корабль": 0.1082620373902915,
  "местный": 0.10802462064162859,
  "суд": 0.10802462064162859,
  "закон": 0.10802462064162859,
  "поэтому": 0.10778720389296566,
  "центр": 0.10778720389296566,
  "найти": 0.10683753689831399,
  "предприятие": 0.10517561965767354,
  "отделение": 0.10517561965767354,
  "кроме": 0.1047007861603477,
  "вообще": 0.10446336941168478,
  "министерство": 0.10303886891970726,
  "средство": 0.10303886891970726,
  "писать": 0.10256403542238142,
  "институт": 0.10208920192505558,
  "комитет": 0.10185178517639265,
  "мвд": 0.10185178517639265,
  "почему": 0.10137695167906682,
  "рабочий": 0.10137695167906682,
  "результат": 0.10137695167906682,
  "команда": 0.10066470143307807,
  "пост": 0.10066470143307807,
  "появиться": 0.10042728468441514,
  "жена": 0.10018986793575221,
  "история": 0.09924020094110055,
  "ещё": 0.09876536744377469,
  "ситуация": 0.09876536744377469,
  "план": 0.09852795069511179,
  "качество": 0.09829053394644886,
  "рассказать": 0.09829053394644886,
  "крупный": 0.09781570044912301,
  "порядок": 0.09757828370046011
}