{
  "приматология": 1.0,
  "астробиология": 0.9821546834018341,
  "наукометрия": 0.9688114108087613,
  "собриология": 0.9686379021796907,
  "советология": 0.9578346490306009,
  "хронобиология": 0.9549123597816178,
  "раен": 0.952227658009902,
  "биофизика": 0.9500410820695816,
  "науковедческий": 0.9357118398065517,
  "государствоведение": 0.9326836093099773,
  "докта": 0.9321445391142614,
  "планетология": 0.9264063608814238,
  "миссиология": 0.9253993682082617,
  "постнаука": 0.9181400976605713,
  "наукоучение": 0.9114270579821773,
  "этносоциология": 0.9090691766969649,
  "нология": 0.9056691419952391,
  "кология": 0.9018020110476341,
  "эпистемология": 0.8962478988472233,
  "научнотехнический": 0.8935777020296838,
  "бионанотехнология": 0.8928492411981093,
  "научноисследовательский": 0.8899498110224799,
  "нейробиология": 0.8872872338960582,
  "ученый": 0.8804093151182935,
  "нанобиотехнология": 0.8795479228079388,
  "буддология": 0.8794807226404892,
  "научник": 0.8770835494540904,
  "киноведение": 0.8763076262091669,
  "этномузыкология": 0.8760401107884728,
  "тибетология": 0.8749784950283811,
  "гнатология": 0.8736126424446172,
  "тайноведение": 0.8700925287551536,
  "петрология": 0.8700154138089,
  "законоведение": 0.868724656494226,
  "репродуктология": 0.8663441915461823,
  "языковедение": 0.8658368853640422,
  "канд": 0.8658132000591214,
  "учёный": 0.7701036369795544,
  "академия": 0.7686215283633505,
  "институт": 0.6954053627228771,
  "развитие": 0.6678381424614843,
  "история": 0.6435315611557401,
  "исследование": 0.5878042771864728,
  "область": 0.5747617213638784,
  "проблема": 0.5516408269510973,
  "доктор": 0.5234807632432229,
  "знание": 0.47664613097117925,
  "образование": 0.472792648569049,
  "книга": 0.46004651446969536,
  "современный": 0.4318864507618209,
  "журнал": 0.4301079204223763,
  "теория": 0.41617609943005945,
  "высокий": 0.4043192305004281,
  "общество": 0.40076216982153867,
  "социальный": 0.39928006120533477,
  "культура": 0.3936480484637599,
  "являться": 0.3847553967665365,
  "кандидат": 0.37556632334607215,
  "государственный": 0.36845220198829337,
  "именно": 0.3628201892467185,
  "советский": 0.3622273458002369,
  "важный": 0.3571881765051436,
  "школа": 0.3568917547819028,
  "общий": 0.35422395927273576,
  "имя": 0.35214900721005027,
  "новое": 0.35155616376356874,
  "век": 0.34592415102199386,
  "отношение": 0.3405885600036597,
  "однако": 0.3399957165571782,
  "деятельность": 0.33940287311069667,
  "язык": 0.33851360794097424,
  "процесс": 0.336142234155048,
  "метр": 0.32813884762754686,
  "число": 0.3254710521183798,
  "лишь": 0.3239889435021759,
  "автор": 0.3204318828232865,
  "общественный": 0.3177640873141195,
  "исторический": 0.3171712438676379,
  "профессор": 0.3168748221443971,
  "результат": 0.31124280940282223,
  "университет": 0.3106499659563407,
  "экономический": 0.3100571225098591,
  "идея": 0.2999787839196725,
  "возможность": 0.2990895187499501,
  "известный": 0.2984966753034686,
  "ссср": 0.28841833671328193,
  "основа": 0.28515769775763333,
  "заниматься": 0.28426843258791096,
  "решение": 0.28130421535550315,
  "главный": 0.2804149501857808,
  "например": 0.27982210673929925,
  "уровень": 0.27478293744420595,
  "задача": 0.273300828828002,
  "создать": 0.2724115636582796,
  "академик": 0.2724115636582796,
  "разный": 0.2715222984885573,
  "центр": 0.2697437681491126,
  "метод": 0.2679652378096679,
  "техника": 0.26500102057726005,
  "считать": 0.26381533368429694
}