{
  "заведующий": 1.0,
  "замруководителя": 0.9671817497405523,
  "юротдел": 0.9111400358147121,
  "уководитель": 0.9085844832700487,
  "заведующая": 0.9043686100424206,
  "горрайисполком": 0.8977221614656427,
  "горуправление": 0.8935502432342612,
  "завотделом": 0.890871163555816,
  "горрайотдел": 0.8892828021862943,
  "тдел": 0.8818224158336591,
  "отрудник": 0.8785041308180441,
  "завсектором": 0.8770373933762812,
  "миноблисполком": 0.8685119366816044,
  "спецкомендатура": 0.8624563882605539,
  "полковников": 0.8552569223907929,
  "денисевич": 0.8354131901059025,
  "райуправление": 0.8345710667551325,
  "сиренко": 0.8320630943610452,
  "комиссаренко": 0.8318213871961181,
  "гровд": 0.8312295807518081,
  "романченко": 0.829893983267919,
  "комисаров": 0.8295744259137632,
  "прикомандировывать": 0.8290262119502668,
  "шильников": 0.8253966168065962,
  "начштаба": 0.824287953983741,
  "гладченко": 0.8220389082376466,
  "майстренко": 0.8211772090534967,
  "госинспектор": 0.8209825382659962,
  "механов": 0.8208338163096237,
  "заведущий": 0.8204217268912045,
  "веретельников": 0.818982721880063,
  "комиссариатский": 0.8188176867292072,
  "фгку": 0.8180752551225017,
  "аместитель": 0.8175293975093196,
  "врида": 0.8173656311624792,
  "половников": 0.8159201008735444,
  "управление": 0.76024996526649,
  "отдел": 0.6090311958926256,
  "заместитель": 0.491381075111268,
  "военный": 0.44694257840309215,
  "главный": 0.4287195977385884,
  "служба": 0.4140133326409187,
  "штаб": 0.40250408169491636,
  "генерал": 0.3219393250728997,
  "область": 0.3117088797875643,
  "армия": 0.31074977554206407,
  "командир": 0.2992405245960617,
  "часть": 0.28805097506522603,
  "александр": 0.2826160510073916,
  "директор": 0.2810175439315579,
  "министр": 0.26822948732488866,
  "должность": 0.26247486185188745,
  "власть": 0.2611960561912205,
  "бывший": 0.26023695194572033,
  "советский": 0.2564005349637195,
  "однако": 0.2564005349637195,
  "сила": 0.25544143071821934,
  "оказаться": 0.2532035208120522,
  "высокий": 0.24840799958455123,
  "руководитель": 0.2413745684508831,
  "деньга": 0.2362593458082154,
  "президент": 0.2298653175048807,
  "владимир": 0.22794710901388035,
  "никто": 0.22730770618354684,
  "связь": 0.22570919910771323,
  "сотрудник": 0.22443039344704627,
  "война": 0.22443039344704627,
  "имя": 0.2218727821257124,
  "отношение": 0.21547875382237774,
  "находиться": 0.21292114250104388,
  "государственный": 0.20524830853704232,
  "войско": 0.20396950287637539,
  "принять": 0.20364980146120867,
  "тысяча": 0.20301039863087517,
  "милиция": 0.20077248872470804,
  "группа": 0.19949368306404114,
  "решение": 0.19821487740337418,
  "компания": 0.19757547457304073,
  "именно": 0.19725577315787401,
  "назначить": 0.19501786325170686,
  "полковник": 0.1943784604213734,
  "лишь": 0.19150114768487284,
  "кабинет": 0.18958293919387242,
  "начать": 0.18958293919387242,
  "остаться": 0.18670562645737182,
  "пока": 0.18670562645737182,
  "генеральный": 0.1863859250422051,
  "рф": 0.18606622362703837,
  "руководство": 0.1854268207967049,
  "правительство": 0.1854268207967049,
  "считать": 0.1844677165512047,
  "офицер": 0.18127070239953738,
  "московский": 0.18095100098437064,
  "председатель": 0.17999189673887045,
  "старший": 0.17903279249337026,
  "право": 0.17775398683270333,
  "совет": 0.17615547975686965,
  "машина": 0.17519637551136946,
  "дорога": 0.17487667409620272,
  "сразу": 0.17455697268103598
}