{
  "общерегиональный": 1.0,
  "водлозерский": 0.9896872245775751,
  "общереспубликанский": 0.9673653680137628,
  "нацагентство": 0.9589832102772051,
  "этноэкологический": 0.9380363979644784,
  "этнотуризм": 0.9358978919262871,
  "окологосударственный": 0.9166126055321338,
  "сайлюгемский": 0.9032927888939515,
  "слобожанский": 0.8968831991544444,
  "народ": 0.631502406449771,
  "государство": 0.6028233123011171,
  "развитие": 0.44480712689382795,
  "проблема": 0.4380591047412035,
  "государственный": 0.4268124011534961,
  "отношение": 0.4105046809513204,
  "власть": 0.40488132915746666,
  "политический": 0.3877301061862129,
  "культура": 0.3868866034171348,
  "являться": 0.38351259234082263,
  "интерес": 0.3776080729572762,
  "международный": 0.3762022350088128,
  "право": 0.3719847211634225,
  "политика": 0.37114121839434444,
  "история": 0.3494913139880077,
  "идея": 0.3472419732704662,
  "сила": 0.33402709655491,
  "общество": 0.3269979068125929,
  "сша": 0.3230615605568953,
  "президент": 0.318844046711505,
  "экономический": 0.3174382087630416,
  "уровень": 0.3008493209711732,
  "экономика": 0.2926954608700853,
  "именно": 0.28875911461438775,
  "язык": 0.28791561184530967,
  "безопасность": 0.28594743871746087,
  "решение": 0.28566627112776816,
  "правительство": 0.27807474620606565,
  "советский": 0.27638774066790955,
  "однако": 0.2718890592328266,
  "организация": 0.26907738333589976,
  "программа": 0.2657033722595875,
  "часть": 0.25586250662034354,
  "важный": 0.25389433349249474,
  "федерация": 0.25361316590280203,
  "число": 0.25192616036464593,
  "военный": 0.2502391548264898,
  "война": 0.24714631133987028,
  "рынок": 0.24433463544294343,
  "общий": 0.24180412713570926,
  "высокий": 0.24011712159755316,
  "лишь": 0.23871128364908975,
  "главный": 0.23843011605939704,
  "социальный": 0.23843011605939704,
  "республика": 0.23758661329031902,
  "американский": 0.23618077534185555,
  "область": 0.23449376980369946,
  "условие": 0.23449376980369946,
  "век": 0.23224442908615797,
  "принять": 0.2316820939067726,
  "мировой": 0.23111975872738724,
  "деятельность": 0.2297139207789238,
  "центр": 0.22943275318923112,
  "население": 0.22943275318923112,
  "сегодня": 0.22887041800984576,
  "создание": 0.22690224488199695,
  "процесс": 0.22605874211291888,
  "цель": 0.22493407175414817,
  "считать": 0.22352823380568473,
  "группа": 0.22240356344691398,
  "возможность": 0.2221223958572213,
  "компания": 0.22043539031906517,
  "проект": 0.21593670888398223,
  "современный": 0.21396853575613342,
  "нация": 0.21340620057674806,
  "образ": 0.21312503298705537,
  "тысяча": 0.21228153021797733,
  "основа": 0.20412767011688945,
  "создать": 0.2035653349375041,
  "территория": 0.2035653349375041,
  "задача": 0.20272183216842604,
  "закон": 0.20103482663026992,
  "результат": 0.1993478210921138,
  "борьба": 0.19850431832303575,
  "новое": 0.1976608155539577,
  "например": 0.19625497760549426,
  "связь": 0.19597381001580158,
  "необходимый": 0.19316213411887473,
  "иной": 0.19288096652918205,
  "общественный": 0.192037463760104,
  "средство": 0.1900692906322552,
  "имя": 0.1897881230425625,
  "партия": 0.18838228509409907,
  "начало": 0.18669527955594295,
  "некоторый": 0.1858517767868649,
  "совет": 0.18557060919717222,
  "представитель": 0.18472710642809417,
  "собственный": 0.18360243606932344,
  "качество": 0.18304010088993808,
  "традиция": 0.1824777657105527,
  "исторический": 0.1802284249930112,
  "поэтому": 0.17938492222393315,
  "миллион": 0.17910375463424047,
  "союз": 0.17685441391669898,
  "оказаться": 0.17629207873731362,
  "ряд": 0.1746050731991575,
  "мера": 0.17404273801977213,
  "разный": 0.17376157043007945,
  "счёт": 0.17319923525069408,
  "крупный": 0.17038755935376723,
  "европейский": 0.1687005538156111,
  "форма": 0.16757588345684038,
  "характер": 0.16757588345684038,
  "роль": 0.1672947158671477,
  "принцип": 0.167013548277455,
  "деньга": 0.167013548277455,
  "образование": 0.16617004550837694,
  "управление": 0.16588887791868426,
  "ситуация": 0.16588887791868426,
  "европа": 0.16420187238052816,
  "регион": 0.16392070479083548,
  "путь": 0.16335836961145012,
  "доллар": 0.16279603443206472,
  "институт": 0.1613901964836013,
  "наука": 0.15998435853513787,
  "пока": 0.1580161854072891,
  "единый": 0.1580161854072891,
  "производство": 0.15492334192066953,
  "орган": 0.15464217433097685,
  "участие": 0.15407983915159149,
  "различный": 0.15239283361343536,
  "гражданин": 0.15239283361343536,
  "начать": 0.15211166602374268,
  "многий": 0.15183049843405,
  "прошлое": 0.1501434928958939,
  "известный": 0.14873765494743046,
  "книга": 0.14873765494743046,
  "религиозный": 0.14733181699896705,
  "против": 0.14733181699896705,
  "действие": 0.14705064940927434,
  "местный": 0.14705064940927434,
  "федеральный": 0.14676948181958166,
  "среди": 0.1462071466401963,
  "культурный": 0.1459259790505036,
  "состав": 0.14564481146081093,
  "автор": 0.14508247628142554,
  "мнение": 0.14480130869173288,
  "особенно": 0.1445201411020402,
  "находиться": 0.14423897351234752,
  "положение": 0.14367663833296215,
  "особенность": 0.14339547074326947
}