{
  "общерегиональный": 1.0,
  "водлозерский": 0.9896872245775751,
  "общереспубликанский": 0.9673653680137628,
  "нацагентство": 0.9589832102772051,
  "народ": 0.9472536096746564,
  "этноэкологический": 0.9380363979644784,
  "этнотуризм": 0.9358978919262871,
  "государство": 0.9042349684516755,
  "развитие": 0.667210690340742,
  "проблема": 0.6570886571118053,
  "государственный": 0.6402186017302441,
  "отношение": 0.6157570214269805,
  "власть": 0.6073219937362,
  "политический": 0.5815951592793194,
  "культура": 0.5803299051257022,
  "являться": 0.5752688885112339,
  "интерес": 0.5664121094359142,
  "международный": 0.5643033525132192,
  "право": 0.5579770817451338,
  "политика": 0.5567118275915166,
  "история": 0.5242369709820115,
  "идея": 0.5208629599056993,
  "сила": 0.501040644832365,
  "общество": 0.49049686021888933,
  "сша": 0.4845923408353429,
  "президент": 0.4782660700672575,
  "экономический": 0.47615731314456244,
  "уровень": 0.45127398145675973,
  "экономика": 0.4390431913051279,
  "именно": 0.43313867192158156,
  "язык": 0.43187341776796445,
  "безопасность": 0.42892115807619124,
  "решение": 0.4284994066916522,
  "правительство": 0.4171121193090985,
  "советский": 0.4145816110018643,
  "однако": 0.40783358884923987,
  "организация": 0.4036160750038496,
  "программа": 0.39855505838938127,
  "часть": 0.3837937599305153,
  "важный": 0.38084150023874214,
  "федерация": 0.3804197488542031,
  "число": 0.37788924054696893,
  "военный": 0.3753587322397347,
  "война": 0.3707194670098054,
  "рынок": 0.36650195316441514,
  "общий": 0.3627061907035639,
  "высокий": 0.36017568239632974,
  "лишь": 0.35806692547363456,
  "главный": 0.3576451740890955,
  "социальный": 0.3576451740890955,
  "республика": 0.3563799199354785,
  "американский": 0.3542711630127834,
  "область": 0.35174065470554916,
  "условие": 0.35174065470554916,
  "век": 0.34836664362923697,
  "принять": 0.3475231408601589,
  "мировой": 0.3466796380910808,
  "деятельность": 0.3445708811683857,
  "центр": 0.34414912978384665,
  "население": 0.34414912978384665,
  "сегодня": 0.34330562701476863,
  "создание": 0.3403533673229954,
  "процесс": 0.33908811316937837,
  "цель": 0.3374011076312222,
  "считать": 0.3352923507085271,
  "группа": 0.333605345170371,
  "возможность": 0.33318359378583196,
  "компания": 0.3306530854785978,
  "проект": 0.32390506332597335,
  "современный": 0.32095280363420015,
  "нация": 0.32010930086512207,
  "образ": 0.31968754948058303,
  "тысяча": 0.318422295326966,
  "основа": 0.30619150517533417,
  "создать": 0.3053480024062561,
  "территория": 0.3053480024062561,
  "задача": 0.30408274825263903,
  "закон": 0.30155223994540487,
  "результат": 0.2990217316381707,
  "борьба": 0.29775647748455364,
  "новое": 0.2964912233309365,
  "например": 0.2943824664082414,
  "связь": 0.29396071502370236,
  "необходимый": 0.2897432011783121,
  "иной": 0.2893214497937731,
  "общественный": 0.288056195640156,
  "средство": 0.2851039359483828,
  "имя": 0.28468218456384375,
  "партия": 0.2825734276411486,
  "начало": 0.28004291933391445,
  "некоторый": 0.27877766518029734,
  "совет": 0.2783559137957583,
  "представитель": 0.27709065964214125,
  "собственный": 0.27540365410398515,
  "качество": 0.27456015133490713,
  "традиция": 0.27371664856582906,
  "исторический": 0.2703426374895168,
  "поэтому": 0.26907738333589976,
  "миллион": 0.2686556319513607,
  "союз": 0.2652816208750485
}