{
  "горрайисполком": 1.0,
  "горрайотдел": 0.990599141202474,
  "завсектором": 0.9769586081560122,
  "райуправление": 0.9296540762596212,
  "майстренко": 0.9147342510881352,
  "управление": 0.8468655424806355,
  "отдел": 0.6784183593042937,
  "заместитель": 0.547364314042362,
  "военный": 0.4978629219461432,
  "главный": 0.4775637899354635,
  "служба": 0.46118203427772203,
  "штаб": 0.4483615298499244,
  "генерал": 0.35861799885534057,
  "область": 0.34722199491952044,
  "армия": 0.3461536195505373,
  "командир": 0.3333331151227396,
  "часть": 0.3208687358179363,
  "александр": 0.3148146087270319,
  "директор": 0.31303398311205993,
  "министр": 0.2987889781922847,
  "должность": 0.29237872597838593,
  "власть": 0.29095422548640837,
  "бывший": 0.2898858501174253,
  "советский": 0.2856123486414927,
  "однако": 0.2856123486414927,
  "сила": 0.2845439732725096,
  "оказаться": 0.2820510974115489,
  "высокий": 0.2767092205666332,
  "руководитель": 0.26887446786075686,
  "деньга": 0.26317646589284677,
  "президент": 0.25605396343295916,
  "владимир": 0.2539172126949929,
  "никто": 0.2532049624490041,
  "связь": 0.25142433683403226,
  "сотрудник": 0.2499998363420547,
  "война": 0.2499998363420547,
  "имя": 0.24715083535809967,
  "отношение": 0.24002833289821204,
  "находиться": 0.23717933191425702,
  "государственный": 0.2286323289623919,
  "войско": 0.2272078284704144,
  "принять": 0.22685170334742003,
  "тысяча": 0.22613945310143124,
  "милиция": 0.22364657724047057,
  "группа": 0.2222220767484931,
  "решение": 0.22079757625651553,
  "компания": 0.2200853260105268,
  "именно": 0.21972920088753242,
  "назначить": 0.21723632502657175,
  "полковник": 0.216524074780583,
  "лишь": 0.2133189486736336,
  "кабинет": 0.2111821979356673,
  "начать": 0.2111821979356673,
  "остаться": 0.20797707182871786,
  "пока": 0.20797707182871786,
  "генеральный": 0.2076209467057235,
  "рф": 0.20726482158272913,
  "руководство": 0.20655257133674035,
  "правительство": 0.20655257133674035,
  "считать": 0.20548419596775722,
  "офицер": 0.20192294473781341,
  "московский": 0.20156681961481904,
  "председатель": 0.2004984442458359,
  "старший": 0.19943006887685277,
  "право": 0.19800556838487524,
  "совет": 0.19622494276990335,
  "машина": 0.19515656740092022,
  "дорога": 0.19480044227792584,
  "сразу": 0.19444431715493143,
  "решить": 0.19444431715493143,
  "николай": 0.19408819203193706,
  "партия": 0.19373206690894268,
  "организация": 0.19373206690894268,
  "вместе": 0.19301981666295392,
  "ваш": 0.19230756641696517,
  "взять": 0.19195144129397076,
  "документ": 0.191239191047982,
  "отец": 0.19052694080199326,
  "сергей": 0.19017081567899888,
  "ряд": 0.1898146905560045,
  "безопасность": 0.1880340649410326,
  "понимать": 0.18696568957204945,
  "состав": 0.1866095644490551,
  "иван": 0.1862534393260607,
  "сидеть": 0.18518506395707754,
  "район": 0.18340443834210565,
  "месяц": 0.18340443834210565,
  "проблема": 0.18304831321911127,
  "никакой": 0.1826921880961169,
  "глава": 0.1812676876041394,
  "число": 0.18055543735815063,
  "выйти": 0.17948706198916747,
  "приказ": 0.17877481174317872,
  "понять": 0.1769941861282068,
  "некоторый": 0.17628193588221808,
  "администрация": 0.1759258107592237,
  "охрана": 0.17485743539024054,
  "стол": 0.17485743539024054,
  "информация": 0.17307680977526865,
  "первое": 0.17236455952927987
}