{
  "наукоучение": 1.0,
  "буддология": 0.9649491036480587,
  "тайноведение": 0.9546485603373079,
  "учёный": 0.8449426975368703,
  "академия": 0.8433165568564684,
  "институт": 0.7629852072446105,
  "развитие": 0.7327389905891336,
  "история": 0.706070283430541,
  "исследование": 0.6449273938474265,
  "область": 0.630617355859889,
  "проблема": 0.6052495612456181,
  "доктор": 0.5743528883179805,
  "знание": 0.5229668428172778,
  "образование": 0.5187388770482326,
  "книга": 0.5047540671967756,
  "современный": 0.47385739426913787,
  "журнал": 0.47190602545265553,
  "теория": 0.4566203030568769,
  "высокий": 0.443611177613661,
  "общество": 0.4397084399806962,
  "социальный": 0.4380822993002942,
  "культура": 0.4319029647147667,
  "являться": 0.4221461206323548,
  "кандидат": 0.4120640484138625,
  "государственный": 0.404258573147933,
  "именно": 0.39807923856240546,
  "советский": 0.39742878229024464,
  "важный": 0.3918999039768779,
  "школа": 0.3915746758407975,
  "общий": 0.38864762261607394,
  "имя": 0.38637102566351117,
  "новое": 0.38572056939135035,
  "век": 0.37954123480582286,
  "отношение": 0.3736871283563757,
  "однако": 0.37303667208421487,
  "деятельность": 0.3723862158120541,
  "язык": 0.3714105314038129,
  "процесс": 0.36880870631516977,
  "метр": 0.36002754664099906,
  "число": 0.3571004934162755,
  "лишь": 0.35547435273587347,
  "автор": 0.35157161510290874,
  "общественный": 0.34864456187818516,
  "исторический": 0.34799410560602434,
  "профессор": 0.34766887746994396,
  "результат": 0.34148954288441646,
  "университет": 0.34083908661225565,
  "экономический": 0.34018863034009483,
  "идея": 0.32913087371336136,
  "возможность": 0.32815518930512017,
  "известный": 0.3275047330329594,
  "ссср": 0.3164469764062259,
  "основа": 0.31286946690934153,
  "заниматься": 0.31189378250110034,
  "решение": 0.30864150114029637,
  "главный": 0.3076658167320552,
  "например": 0.3070153604598944,
  "уровень": 0.3014864821465277,
  "задача": 0.29986034146612567,
  "создать": 0.2988846570578845,
  "академик": 0.2988846570578845,
  "разный": 0.2979089726496433,
  "центр": 0.2959576038331609,
  "метод": 0.29400623501667855,
  "техника": 0.29075395365587453,
  "считать": 0.289453041111553,
  "технология": 0.289453041111553,
  "закон": 0.2891278129754726,
  "многий": 0.28717644415899024,
  "искусство": 0.28424939093426665,
  "сила": 0.28132233770954307,
  "труд": 0.28132233770954307,
  "писать": 0.27741960007657834,
  "статья": 0.2761186875322567,
  "образ": 0.2751430031240156,
  "оказаться": 0.27189072176321155,
  "государство": 0.2696141248106488,
  "физика": 0.26766275599416645,
  "психология": 0.267337527858086,
  "организация": 0.265711387177684,
  "специалист": 0.26473570276944286,
  "часть": 0.26376001836120166,
  "необходимый": 0.2598572807282369,
  "экономика": 0.2592068244560761,
  "создание": 0.2585563681839153,
  "сегодня": 0.2582311400478349,
  "некоторый": 0.25725545563959373,
  "поэтому": 0.2556293149591917,
  "право": 0.25497885868703096,
  "военный": 0.25432840241487015,
  "связь": 0.25140134919014656,
  "роль": 0.2510761210540662,
  "природа": 0.25075089291798575,
  "программа": 0.25042566478190537,
  "ряд": 0.2474986115571818,
  "интерес": 0.24717338342110143,
  "направление": 0.24717338342110143,
  "мировой": 0.2461976990128602,
  "форма": 0.24392110206029743,
  "международный": 0.2419697332438151
}