{
  "велосообщество": 1.0,
  "охотобщество": 0.9232217188607523,
  "общерегиональный": 0.9059373628463975,
  "организация": 0.8914501167366449,
  "внутримуниципальный": 0.8845002747057142,
  "общесемейный": 0.8787456947716649,
  "межкомиссионный": 0.8602303702310398,
  "студотрядовский": 0.851307269765262,
  "общесетевой": 0.8188873196479941,
  "экоклуб": 0.8153092378696439,
  "госучреждение": 0.8059226977057556,
  "общерайонный": 0.8021548723867091,
  "общепоселковый": 0.8002161514207652,
  "политический": 0.7536936666584093,
  "власть": 0.7472025250316862,
  "мнение": 0.7248441483174175,
  "государственный": 0.7086162942506098,
  "отношение": 0.7068131993542978,
  "социальный": 0.7050101044579857,
  "деятельность": 0.6390168312529672,
  "право": 0.5640080835663885,
  "государство": 0.5369616601217089,
  "развитие": 0.5308311374742481,
  "закон": 0.5304705184949857,
  "наука": 0.5055878089258803,
  "являться": 0.49044181179685964,
  "проблема": 0.48322943221161174,
  "орган": 0.44572505836832244,
  "интерес": 0.43310339409413856,
  "сила": 0.39559902025084925,
  "история": 0.39235344943748773,
  "президент": 0.3887472596448638,
  "партия": 0.3858623078107646,
  "решение": 0.38478045087297735,
  "объединение": 0.38153488005961583,
  "процесс": 0.36458578803428315,
  "народ": 0.3642251690550208,
  "именно": 0.3631433121172336,
  "однако": 0.3602583602831344,
  "общий": 0.3562915515112481,
  "область": 0.35448845661493605,
  "советский": 0.3526853617186241,
  "форма": 0.34835793396747533,
  "иной": 0.34294864927853935,
  "политика": 0.3288845090873059,
  "связь": 0.3285238901080435,
  "лишь": 0.3278026521495187,
  "средство": 0.32347522439836995,
  "сознание": 0.32203274848132035,
  "гражданин": 0.3216721295020579,
  "число": 0.3209508915435332,
  "группа": 0.31662346379238443,
  "экономический": 0.3155416068545972,
  "образ": 0.30977170318639885,
  "цель": 0.30905046522787405,
  "идея": 0.3079686082900868,
  "главный": 0.3058048944145125,
  "считать": 0.3040017995182005,
  "важный": 0.3003956097255765,
  "высокий": 0.2993137527877893,
  "порядок": 0.2985925148292646,
  "условие": 0.2975106578914774,
  "культура": 0.2964288009536902,
  "результат": 0.2946257060573782,
  "новое": 0.29282261116106617,
  "уровень": 0.2906588972854918,
  "совет": 0.2892164213684422,
  "действие": 0.2877739454513927,
  "война": 0.2870527074928679,
  "возможность": 0.28524961259655585,
  "население": 0.2834465177002439,
  "сфера": 0.28272527974171907,
  "представитель": 0.2812828038246695,
  "национальный": 0.2809221848454071,
  "правительство": 0.2805615658661447,
  "часть": 0.2769553760735207,
  "роль": 0.27370980526015914,
  "например": 0.27262794832237197,
  "институт": 0.2722673293431096,
  "принять": 0.2668580446541736,
  "труд": 0.26577618771638645,
  "имя": 0.2654155687371241,
  "информация": 0.2632518548615497,
  "начало": 0.2589244271104009,
  "центр": 0.2585638081311385,
  "создать": 0.25567885629703935,
  "федерация": 0.25207266650441534,
  "суд": 0.25099080956662817,
  "свобода": 0.25099080956662817,
  "мера": 0.2495483336495786,
  "движение": 0.24918771467031622,
  "современный": 0.2477452387532666,
  "поэтому": 0.24738461977400422,
  "основа": 0.24486028691916745,
  "оказаться": 0.24341781100211785,
  "сегодня": 0.24125409712654344,
  "положение": 0.24017224018875627,
  "участие": 0.23981162120949387,
  "структура": 0.23836914529244427,
  "необходимый": 0.2376479073339195
}