{
  "велосообщество": 1.0,
  "охотобщество": 0.9232217188607523,
  "общерегиональный": 0.9059373628463975,
  "внутримуниципальный": 0.8845002747057142,
  "общесемейный": 0.8787456947716649,
  "межкомиссионный": 0.8602303702310398,
  "студотрядовский": 0.851307269765262,
  "общесетевой": 0.8188873196479941,
  "экоклуб": 0.8153092378696439,
  "госучреждение": 0.8059226977057556,
  "общерайонный": 0.8021548723867091,
  "общепоселковый": 0.8002161514207652,
  "экостроительство": 0.7960910492695591,
  "реготделение": 0.7947213995220014,
  "велотранспортный": 0.7888084254421062,
  "организация": 0.5943000778244298,
  "политический": 0.5024624444389395,
  "власть": 0.49813501668779075,
  "мнение": 0.48322943221161174,
  "государственный": 0.4724108628337398,
  "отношение": 0.4712087995695318,
  "социальный": 0.47000673630532386,
  "деятельность": 0.4260112208353114,
  "право": 0.37600538904425906,
  "государство": 0.3579744400811392,
  "развитие": 0.3538874249828321,
  "закон": 0.35364701232999046,
  "наука": 0.3370585392839202,
  "являться": 0.3269612078645731,
  "проблема": 0.32215295480774114,
  "орган": 0.2971500389122149,
  "интерес": 0.28873559606275906,
  "сила": 0.26373268016723284,
  "история": 0.26156896629165843,
  "президент": 0.2591648397632425,
  "партия": 0.2572415385405097,
  "решение": 0.25652030058198494,
  "объединение": 0.25435658670641054,
  "процесс": 0.24305719202285545,
  "народ": 0.24281677937001384,
  "именно": 0.24209554141148903,
  "однако": 0.24017224018875627,
  "общий": 0.23752770100749868,
  "область": 0.2363256377432907,
  "советский": 0.2351235744790827,
  "форма": 0.23223862264498354,
  "иной": 0.22863243285235954,
  "политика": 0.21925633939153724,
  "связь": 0.21901592673869563,
  "лишь": 0.21853510143301247,
  "средство": 0.2156501495989133,
  "сознание": 0.21468849898754688,
  "гражданин": 0.2144480863347053,
  "число": 0.2139672610290221,
  "группа": 0.21108230919492293,
  "экономический": 0.21036107123639813,
  "образ": 0.20651446879093258,
  "цель": 0.20603364348524936,
  "идея": 0.20531240552672458,
  "главный": 0.20386992960967498,
  "считать": 0.202667866345467,
  "важный": 0.200263739817051,
  "высокий": 0.19954250185852623,
  "порядок": 0.19906167655284304,
  "условие": 0.19834043859431824,
  "культура": 0.19761920063579344,
  "результат": 0.19641713737158545,
  "новое": 0.19521507410737746,
  "уровень": 0.19377259819032788,
  "совет": 0.19281094757896147,
  "действие": 0.1918492969675951,
  "война": 0.19136847166191193,
  "возможность": 0.19016640839770393,
  "население": 0.18896434513349594,
  "сфера": 0.18848351982781272,
  "представитель": 0.18752186921644634,
  "национальный": 0.18728145656360473,
  "правительство": 0.18704104391076312,
  "часть": 0.18463691738234717,
  "роль": 0.1824732035067728,
  "например": 0.181751965548248,
  "институт": 0.18151155289540638,
  "принять": 0.17790536310278243,
  "труд": 0.17718412514425763,
  "имя": 0.17694371249141605,
  "информация": 0.17550123657436645,
  "начало": 0.17261628474026727,
  "центр": 0.17237587208742566,
  "создать": 0.1704525708646929,
  "федерация": 0.16804844433627691,
  "суд": 0.1673272063777521,
  "свобода": 0.1673272063777521,
  "мера": 0.16636555576638573,
  "движение": 0.16612514311354412,
  "современный": 0.16516349250217774,
  "поэтому": 0.16492307984933616,
  "основа": 0.16324019127944495,
  "оказаться": 0.16227854066807856,
  "сегодня": 0.16083606475102896,
  "положение": 0.1601148267925042,
  "участие": 0.15987441413966258,
  "структура": 0.1589127635282962,
  "необходимый": 0.15843193822261298,
  "качество": 0.1581915255697714,
  "принцип": 0.15602781169419702,
  "член": 0.15434492312430584,
  "гражданский": 0.15410451047146423,
  "проект": 0.15386409781862265,
  "разный": 0.15386409781862265,
  "фонд": 0.15266203455441466,
  "век": 0.15242162190157305,
  "ситуация": 0.15194079659588985,
  "создание": 0.14953667006747387,
  "личный": 0.14857501945610746,
  "управление": 0.1483346068032659,
  "некоторый": 0.14761336884474108,
  "деньга": 0.1473729561918995,
  "производство": 0.14641130558053309,
  "ряд": 0.1461708929276915,
  "борьба": 0.1456900676220083,
  "многий": 0.14472841701064193,
  "научный": 0.14472841701064193,
  "известный": 0.14448800435780032,
  "газета": 0.1442475917049587,
  "собственный": 0.1440071790521171,
  "выбор": 0.14304552844075072,
  "исторический": 0.14280511578790914,
  "книга": 0.14208387782938434,
  "задача": 0.14064140191233476,
  "экономика": 0.14016057660665157,
  "федеральный": 0.14016057660665157,
  "тысяча": 0.13895851334244358,
  "исследование": 0.13895851334244358,
  "смысл": 0.13823727538391878,
  "союз": 0.13751603742539398,
  "местный": 0.13631397416118599,
  "среди": 0.1358331488555028,
  "внимание": 0.1358331488555028,
  "любой": 0.1334290223270868,
  "деятель": 0.13222695906287882,
  "помощь": 0.13078448314582922,
  "существовать": 0.13006324518730444,
  "событие": 0.12934200722877967,
  "против": 0.12886118192309645,
  "многие": 0.12862076927025484,
  "предприятие": 0.12862076927025484,
  "образование": 0.12765911865888846,
  "оно": 0.1269378807003637,
  "понимать": 0.1257358174361557,
  "военный": 0.1257358174361557
}