{
  "общест": 1.0,
  "профсообщество": 0.856260092169684,
  "велосообщество": 0.8513016812495098,
  "медиасообщество": 0.8483647575305487,
  "бщество": 0.8285352753361463,
  "спортобщество": 0.7984229414416456,
  "охотобщество": 0.7859402014322208,
  "пациентский": 0.7754701733159528,
  "опрф": 0.7754020515946499,
  "общерегиональный": 0.7712260000978854,
  "киносообщество": 0.7684017983772555,
  "электропрофсоюз": 0.7626444725555859,
  "организация": 0.7588929831279776,
  "внутримуниципальный": 0.7529765709226277,
  "общесемейный": 0.7480776873498868,
  "госпредпринимательство": 0.7467166551637757,
  "зоозащитный": 0.7402522385403749,
  "сверхобщество": 0.7348671848078971,
  "межкомиссионный": 0.7323155604395724,
  "градозащитный": 0.726987184341087,
  "студотрядовский": 0.7247193100110976,
  "тополева": 0.7240438826920438,
  "прогосударственный": 0.7229938763729173,
  "галочкин": 0.72146593239955,
  "культуротворческий": 0.7200715630895345,
  "общемосковский": 0.7159307937591819,
  "молодежный": 0.715052041647793,
  "организац": 0.7066172064973828,
  "некомерческий": 0.7048147401292033,
  "вроо": 0.6991600944585015,
  "трезвеннический": 0.6990028626502353,
  "нациестроительство": 0.6978970833680501,
  "общесетевой": 0.6971201519702421,
  "внестационарный": 0.6970365603759741,
  "ороо": 0.6965835916395017,
  "войтыр": 0.6957445093485528,
  "равительство": 0.6950729721145136,
  "экоклуб": 0.6940741249366843,
  "внепартийный": 0.6909139736648482,
  "экодвижение": 0.690490271033079,
  "политклуб": 0.6895082055010687,
  "госучреждение": 0.6860833475140502,
  "досугов": 0.6857202126012881,
  "окологосударственный": 0.6850127599311835,
  "наролин": 0.6838900633025392,
  "природоохранительный": 0.6833300267610709,
  "общерайонный": 0.6828757914852914,
  "акоо": 0.6826995615874188,
  "общепоселковый": 0.6812253550675097,
  "политический": 0.6416206855734115,
  "власть": 0.6360947657933533,
  "мнение": 0.6170610421064866,
  "государственный": 0.6032462426563414,
  "отношение": 0.6017112649396585,
  "социальный": 0.6001762872229758,
  "деятельность": 0.5439961027923852,
  "право": 0.4801410297783806,
  "государство": 0.4571163640281386,
  "развитие": 0.45189743979141705,
  "закон": 0.45159044424808054,
  "наука": 0.43040775175785784,
  "являться": 0.4175139389377223,
  "проблема": 0.4113740280709911,
  "орган": 0.3794464915639888,
  "интерес": 0.36870164754720913,
  "сила": 0.3367741110402069,
  "история": 0.3340111511501778,
  "президент": 0.33094119571681224,
  "партия": 0.3284852313701197,
  "решение": 0.32756424474011003,
  "объединение": 0.32480128485008103,
  "процесс": 0.31037249431326264,
  "народ": 0.3100654987699261,
  "именно": 0.30914451213991645,
  "однако": 0.3066885477932239,
  "общий": 0.3033115968165218,
  "область": 0.301776619099839,
  "советский": 0.3002416413831562,
  "форма": 0.29655769486311745,
  "иной": 0.29195276171306905,
  "политика": 0.2799799355229432,
  "связь": 0.2796729399796066,
  "лишь": 0.2790589488929335,
  "средство": 0.27537500237289475,
  "сознание": 0.27414702019954856,
  "гражданин": 0.27384002465621193,
  "число": 0.27322603356953884,
  "группа": 0.2695420870495001,
  "экономический": 0.2686211004194904,
  "образ": 0.2637091717261055,
  "цель": 0.2630951806394323,
  "идея": 0.26217419400942266,
  "главный": 0.26033222074940326,
  "считать": 0.2587972430327205,
  "важный": 0.25572728759935487,
  "высокий": 0.2548063009693452,
  "порядок": 0.2541923098826721,
  "условие": 0.25327132325266244,
  "культура": 0.25235033662265277,
  "результат": 0.25081535890596995
}