{
  "рольштора": 1.0,
  "новотекс": 0.9594790019942816,
  "слайдорс": 0.9357115131723986,
  "дверь": 0.5913170594061747,
  "комната": 0.5412176914401934,
  "смотреть": 0.4983441938539208,
  "сидеть": 0.4448727530440753,
  "свет": 0.4200639314070749,
  "улица": 0.41091116225944363,
  "стол": 0.3533450615677631,
  "увидеть": 0.34539660415008333,
  "квартира": 0.32420071770293735,
  "машина": 0.31769743436119935,
  "стекло": 0.30878552755955846,
  "стена": 0.30445000533173316,
  "двор": 0.30252310656381076,
  "стоялый": 0.3022822442178205,
  "этаж": 0.29939189606593697,
  "нога": 0.29361119976216987,
  "чёрный": 0.28710791642043193,
  "ночь": 0.2772325602348298,
  "голова": 0.2707292768930918,
  "ряд": 0.2521828762518391,
  "женщина": 0.2459204552560914,
  "никто": 0.23700854845445052,
  "выйти": 0.23315475091860574,
  "оказаться": 0.22978267807474165,
  "огромный": 0.2109954150874986,
  "сразу": 0.20906851631957624,
  "небо": 0.20473299409175094,
  "земля": 0.2016017835938771,
  "выходить": 0.2013609212478868,
  "маленький": 0.20039747186392562,
  "словно": 0.19967488482595475,
  "высокий": 0.19847057309600324,
  "понять": 0.19847057309600324,
  "стоять": 0.1967845366740712,
  "угол": 0.19437591321416825,
  "глядеть": 0.1914855650622847,
  "остаться": 0.1914855650622847,
  "лишь": 0.1857048687585176,
  "вода": 0.18546400641252733,
  "крыша": 0.18209193356866318,
  "солнце": 0.1816102088766826,
  "дорога": 0.181128484184702,
  "открытый": 0.17871986072479903,
  "снег": 0.17318002676702227,
  "далёкий": 0.17269830207504167,
  "взять": 0.17245743972905136,
  "любить": 0.1722165773830611,
  "голос": 0.17077140330711932,
  "взгляд": 0.17053054096112902,
  "подойти": 0.17004881626914842,
  "иван": 0.16956709157716782,
  "мама": 0.16812191750122607,
  "отец": 0.16812191750122607,
  "тёмный": 0.16788105515523574,
  "снова": 0.16691760577127457,
  "дерево": 0.166435881079294,
  "минута": 0.1661950187333037,
  "ждать": 0.1654724316953328,
  "ветер": 0.16306380823542985,
  "прямо": 0.15945087304557545,
  "здание": 0.15824656131562395,
  "воздух": 0.1563196625477016,
  "ходить": 0.15439276377977923,
  "кухня": 0.15439276377977923,
  "посмотреть": 0.15270672735784716,
  "вечер": 0.15270672735784716,
  "утро": 0.15222500266586658,
  "вернуться": 0.1507798285899248,
  "красный": 0.1507798285899248,
  "кровать": 0.15005724155195393,
  "половина": 0.14981637920596363,
  "белый": 0.14861206747601213,
  "вместе": 0.14764861809205096,
  "стоить": 0.14740775574606066,
  "стен": 0.1469260310540801,
  "понимать": 0.14668516870808979,
  "начать": 0.14644430636209949,
  "ещё": 0.1459625816701189,
  "пять": 0.1454808569781383,
  "сквозь": 0.145239994632148,
  "главный": 0.1449991322861577,
  "из-за": 0.14451740759417714,
  "найти": 0.14403568290219654,
  "вокруг": 0.1421087841342742,
  "четыре": 0.1416270594422936,
  "похожий": 0.1413861970963033,
  "палец": 0.13873671129041004,
  "сила": 0.13705067486847797,
  "коридор": 0.1365689501764974,
  "кабинет": 0.13632808783050707,
  "первое": 0.1353646384465459,
  "находиться": 0.13512377610055562,
  "часть": 0.13416032671659445,
  "долго": 0.13391946437060412,
  "именно": 0.13223342794867207,
  "имя": 0.13199256560268177,
  "немой": 0.1307882538727303,
  "книга": 0.13030652918074973,
  "мимо": 0.12982480448876912,
  "длинный": 0.12958394214277882,
  "давать": 0.12934307979678855,
  "никакой": 0.12910221745079822,
  "решить": 0.12886135510480795,
  "деньга": 0.12886135510480795,
  "тело": 0.12862049275881765,
  "пустой": 0.12837963041282735,
  "однако": 0.12837963041282735,
  "подумать": 0.12813876806683705,
  "дождь": 0.12765704337485645,
  "пройти": 0.12717531868287588,
  "появиться": 0.12669359399089528,
  "казалось": 0.1257301446069341,
  "спать": 0.1254892822609438,
  "писать": 0.12452583287698261,
  "встать": 0.12356238349302144,
  "правда": 0.12332152114703115,
  "поезд": 0.12283979645505057,
  "войти": 0.12283979645505057,
  "часы": 0.12259893410906025,
  "уйти": 0.12259893410906025,
  "среди": 0.12163548472509908,
  "час": 0.1213946223791088,
  "пойти": 0.1211537600331185,
  "лежать": 0.1201903106491573,
  "быстро": 0.11898599891920585,
  "метр": 0.11898599891920585,
  "бывать": 0.11826341188123494,
  "читать": 0.11778168718925436,
  "пора": 0.115854788421332,
  "мужчина": 0.1156139260753417,
  "всякий": 0.1151322013833611,
  "разный": 0.11489133903737082,
  "зал": 0.11489133903737082,
  "подоконник": 0.11465047669138051,
  "плечо": 0.11416875199939992,
  "напротив": 0.11392788965340964,
  "ехать": 0.11392788965340964,
  "играть": 0.11344616496142905,
  "ничто": 0.11320530261543874,
  "вообще": 0.11296444026944846,
  "картина": 0.11296444026944846,
  "начинать": 0.11296444026944846,
  "поэтому": 0.11272357792345815,
  "пытаться": 0.11272357792345815,
  "мысль": 0.11272357792345815,
  "тяжёлый": 0.11248271557746788,
  "пространство": 0.11176012853949698
}