{
  "евроокно": 1.0,
  "проем": 0.9412010715909518,
  "застеклять": 0.9329620264625432,
  "остеклять": 0.9228029970469046,
  "рольставня": 0.9132621589053674,
  "стеклить": 0.911197006161238,
  "остекляться": 0.9104991460102378,
  "остекленение": 0.899321531289283,
  "жалюзя": 0.8944038049998191,
  "ролет": 0.8873334149627419,
  "роллета": 0.8853165625891708,
  "рехау": 0.8788042111506842,
  "евроокон": 0.8745812259846013,
  "металопластиковый": 0.865774161369221,
  "столярка": 0.8563676196454539,
  "микропроветривание": 0.8530044167213388,
  "рольштора": 0.8428094739305434,
  "саламандер": 0.8353144505618972,
  "неоткрываться": 0.8258304678381021,
  "двер": 0.8222314664259847,
  "импост": 0.8193681990716705,
  "деревоалюминиевый": 0.8169308126599727,
  "штапики": 0.8096990352223769,
  "новотекс": 0.8086579929182033,
  "теплопакет": 0.8084726335625552,
  "многостворчатый": 0.807992837999666,
  "сворка": 0.804222913874023,
  "бронедверь": 0.8040405844309192,
  "роллет": 0.8007307614366277,
  "антимоскитный": 0.8005185784434555,
  "среднеповоротный": 0.7993068807709809,
  "задернуть": 0.7944985877934092,
  "шпрос": 0.7941740306908753,
  "дверь": 0.747551429646411,
  "комната": 0.6842150967069187,
  "смотреть": 0.6300138117875456,
  "сидеть": 0.5624144564386644,
  "свет": 0.5310507915695889,
  "улица": 0.5194797307441048,
  "стол": 0.4467038481838228,
  "увидеть": 0.43665529536169173,
  "квартира": 0.40985915450267585,
  "машина": 0.40163761128456865,
  "стекло": 0.39037105205975514,
  "стена": 0.3848900232476837,
  "двор": 0.38245401044231864,
  "стоялый": 0.382149508841648,
  "этаж": 0.37849548963360036,
  "нога": 0.37118745121750507,
  "чёрный": 0.36296590799939793,
  "ночь": 0.35048134237190187,
  "голова": 0.3422597991537947,
  "ряд": 0.31881317590215574,
  "женщина": 0.3108961342847192,
  "никто": 0.2996295750599057,
  "выйти": 0.2947575494491755,
  "оказаться": 0.2904945270397866,
  "огромный": 0.266743402187477,
  "сразу": 0.2643073893821119,
  "небо": 0.2588263605700405,
  "земля": 0.25486783976132216,
  "выходить": 0.2545633381606516,
  "маленький": 0.25334533175796903,
  "словно": 0.2524318269559571,
  "высокий": 0.25090931895260393,
  "понять": 0.25090931895260393,
  "стоять": 0.2487778077479095,
  "угол": 0.24573279174120313,
  "глядеть": 0.2420787725331555,
  "остаться": 0.2420787725331555,
  "лишь": 0.23477073411706023,
  "вода": 0.2344662325163896,
  "крыша": 0.2302032101070007,
  "солнце": 0.2295942069056594,
  "дорога": 0.22898520370431813,
  "открытый": 0.22594018769761182,
  "снег": 0.21893665088218717,
  "далёкий": 0.21832764768084587,
  "взять": 0.21802314608017528,
  "любить": 0.21771864447950465,
  "голос": 0.2158916348754808,
  "взгляд": 0.2155871332748102,
  "подойти": 0.21497813007346891,
  "иван": 0.21436912687212764,
  "мама": 0.21254211726810382,
  "отец": 0.21254211726810382,
  "тёмный": 0.21223761566743318,
  "снова": 0.21101960926475063,
  "дерево": 0.2104106060634094,
  "минута": 0.21010610446273875,
  "ждать": 0.2091925996607268,
  "ветер": 0.20614758365402047,
  "прямо": 0.20158005964396092,
  "здание": 0.20005755164060773,
  "воздух": 0.19762153883524264,
  "ходить": 0.19518552602987757,
  "кухня": 0.19518552602987757,
  "посмотреть": 0.1930540148251831,
  "вечер": 0.1930540148251831,
  "утро": 0.19244501162384184
}