{
  "рольштора": 1.0,
  "новотекс": 0.9594790019942816,
  "дверь": 0.8869755891092621,
  "комната": 0.81182653716029,
  "смотреть": 0.7475162907808811,
  "сидеть": 0.6673091295661129,
  "свет": 0.6300958971106122,
  "улица": 0.6163667433891655,
  "стол": 0.5300175923516447,
  "увидеть": 0.518094906225125,
  "квартира": 0.4863010765544061,
  "машина": 0.4765461515417991,
  "стекло": 0.4631782913393377,
  "стена": 0.4566750079975997,
  "двор": 0.4537846598457162,
  "стоялый": 0.45342336632673075,
  "этаж": 0.44908784409890545,
  "нога": 0.4404167996432548,
  "чёрный": 0.4306618746306478,
  "ночь": 0.4158488403522447,
  "голова": 0.40609391533963773,
  "ряд": 0.37827431437775866,
  "женщина": 0.3688806828841371,
  "никто": 0.3555128226816757,
  "выйти": 0.3497321263779086,
  "оказаться": 0.34467401711211243,
  "огромный": 0.3164931226312479,
  "сразу": 0.31360277447936435,
  "небо": 0.3070994911376264,
  "земля": 0.3024026753908156,
  "выходить": 0.3020413818718302,
  "маленький": 0.3005962077958884,
  "словно": 0.29951232723893206,
  "высокий": 0.29770585964400487,
  "понять": 0.29770585964400487,
  "стоять": 0.29517680501110677,
  "угол": 0.2915638698212524,
  "глядеть": 0.287228347593427,
  "остаться": 0.287228347593427,
  "лишь": 0.2785573031377764,
  "вода": 0.27819600961879093,
  "крыша": 0.2731379003529948,
  "солнце": 0.2724153133150239,
  "дорога": 0.271692726277053,
  "открытый": 0.2680797910871986,
  "снег": 0.2597700401505334,
  "далёкий": 0.2590474531125625,
  "взять": 0.2586861595935771,
  "любить": 0.25832486607459165,
  "голос": 0.25615710496067895,
  "взгляд": 0.25579581144169355,
  "подойти": 0.25507322440372265,
  "иван": 0.25435063736575175,
  "мама": 0.2521828762518391,
  "отец": 0.2521828762518391,
  "тёмный": 0.25182158273285365,
  "снова": 0.25037640865691185,
  "дерево": 0.249653821618941,
  "минута": 0.24929252809995556,
  "ждать": 0.2482086475429992,
  "ветер": 0.24459571235314478,
  "прямо": 0.23917630956836317,
  "здание": 0.2373698419734359,
  "воздух": 0.23447949382155236,
  "ходить": 0.23158914566966884,
  "кухня": 0.23158914566966884,
  "посмотреть": 0.22906009103677075,
  "вечер": 0.22906009103677075,
  "утро": 0.22833750399879985,
  "вернуться": 0.2261697428848872,
  "красный": 0.2261697428848872,
  "кровать": 0.22508586232793085,
  "половина": 0.22472456880894545,
  "белый": 0.22291810121401823,
  "вместе": 0.22147292713807645,
  "стоить": 0.221111633619091,
  "стен": 0.22038904658112013,
  "понимать": 0.22002775306213468,
  "начать": 0.21966645954314923,
  "ещё": 0.21894387250517836,
  "пять": 0.21822128546720745,
  "сквозь": 0.21785999194822203,
  "главный": 0.21749869842923658,
  "из-за": 0.21677611139126568,
  "найти": 0.2160535243532948,
  "вокруг": 0.2131631762014113,
  "четыре": 0.21244058916344039,
  "похожий": 0.21207929564445493,
  "палец": 0.20810506693561506,
  "сила": 0.20557601230271697,
  "коридор": 0.2048534252647461,
  "кабинет": 0.20449213174576064,
  "первое": 0.20304695766981887,
  "находиться": 0.20268566415083342,
  "часть": 0.20124049007489164,
  "долго": 0.2008791965559062,
  "именно": 0.1983501419230081,
  "имя": 0.19798884840402264,
  "немой": 0.19618238080909545,
  "книга": 0.19545979377112457
}