{
  "политкомитет": 1.0,
  "реготделение": 0.999475626114177,
  "осдп": 0.9452507574733625,
  "прокурдский": 0.9416998762289513,
  "демкоалиция": 0.9129408608780116,
  "оппоблок": 0.9124438578981571,
  "сдпу": 0.9084352899580661,
  "справоросс": 0.9000605451964672,
  "пспу": 0.8923079006825514,
  "родп": 0.8819073326468974,
  "йоббик": 0.8715946148730117,
  "праймериз": 0.8642903453032607,
  "справедливоросс": 0.8628729838529526,
  "политсила": 0.8624174604934833,
  "руханият": 0.8590150029247365,
  "емократический": 0.8590060674056059,
  "сдпк": 0.8493190240870556,
  "аболтинить": 0.8484382640750652,
  "теризбирком": 0.8462155772058482,
  "родинец": 0.8402491899951908,
  "эсеро": 0.8369031672841111,
  "политсил": 0.8353839409157139,
  "кнпк": 0.8352784077318764,
  "политический": 0.7890164975078837,
  "власть": 0.5948221578937407,
  "член": 0.36778612849191167,
  "цк": 0.3337205247990946,
  "советский": 0.33249661089396343,
  "партийный": 0.33066074003626666,
  "выбор": 0.3229092853037694,
  "президент": 0.322501314002059,
  "правительство": 0.3218893570494934,
  "лидер": 0.28863969596009703,
  "организация": 0.2857838968481244,
  "сила": 0.2823161407835861,
  "единый": 0.28048026992588937,
  "съезд": 0.2582458339826734,
  "народ": 0.2431508958193892,
  "решение": 0.23437951283261593,
  "однако": 0.23417552718176074,
  "политика": 0.22887190025952572,
  "борьба": 0.22724001505268418,
  "государственный": 0.22112044552702842,
  "считать": 0.21948856032018688,
  "главный": 0.21724471816077975,
  "сталин": 0.2162247899065038,
  "именно": 0.21398094774709667,
  "государство": 0.2062294930145994,
  "принять": 0.2035776795534819,
  "отношение": 0.2011298517432196,
  "коммунист": 0.20051789479065402,
  "оказаться": 0.19725412437697093,
  "закон": 0.19439832526499823,
  "лишь": 0.19317441135986707,
  "война": 0.19276644005815669,
  "руководство": 0.18889071269190805,
  "союз": 0.1870548418342113,
  "высокий": 0.1854229566273698,
  "общество": 0.1854229566273698,
  "депутат": 0.18481099967480422,
  "выборы": 0.18460701402394902,
  "совет": 0.1823631718645419,
  "рабочий": 0.18011932970513478,
  "число": 0.179303387101714,
  "группа": 0.17889541580000362,
  "орган": 0.17705954494230688,
  "коммунистический": 0.1713479467183615,
  "являться": 0.17093997541665112,
  "начать": 0.1689001189080992,
  "право": 0.1689001189080992,
  "кпрф": 0.1689001189080992,
  "ряд": 0.16849214760638884,
  "дума": 0.1668602623995473,
  "общественный": 0.16604431979612652,
  "представитель": 0.16584033414527133,
  "идея": 0.16298453503329863,
  "роль": 0.16257656373158824,
  "интерес": 0.16237257808073305,
  "спс": 0.16176062112816747,
  "история": 0.16135264982645708,
  "имя": 0.1607406928738915,
  "движение": 0.15972076461961554,
  "играть": 0.15849685071448438,
  "глава": 0.15849685071448438,
  "позиция": 0.1576809081110636,
  "пока": 0.1558450372533669,
  "деятельность": 0.15502909464994613,
  "некоторый": 0.15502909464994613,
  "руководитель": 0.1531932237922494,
  "народный": 0.152785252490539,
  "товарищ": 0.15237728118882862,
  "возможность": 0.15196930988711824,
  "деньга": 0.15156133858540785,
  "проблема": 0.15135735293455266,
  "большинство": 0.1507453959819871,
  "правый": 0.1507453959819871,
  "важный": 0.15013343902942153,
  "региональный": 0.15013343902942153,
  "начало": 0.14972546772771114,
  "никто": 0.14952148207685595
}