{
  "реготделение": 1.0,
  "демкоалиция": 0.9134198343859564,
  "оппоблок": 0.9129225706539865,
  "замсекретарь": 0.8082964557631022,
  "политический": 0.5262869694818344,
  "власть": 0.3967561538286011,
  "член": 0.24531939141048278,
  "цк": 0.22259707395870762,
  "советский": 0.22178070327181748,
  "партийный": 0.2205561472414823,
  "выбор": 0.21538579955784484,
  "президент": 0.2151136759955481,
  "правительство": 0.21470549065210304,
  "лидер": 0.19252742032492132,
  "организация": 0.19062255538884434,
  "сила": 0.18830950510932234,
  "единый": 0.18708494907898715,
  "съезд": 0.17225421493381654,
  "народ": 0.1621856431288383,
  "решение": 0.15633498653945907,
  "однако": 0.1561989247583107,
  "политика": 0.15266131844845351,
  "борьба": 0.15157282419926668,
  "государственный": 0.14749097076481604,
  "считать": 0.1464024765156292,
  "главный": 0.14490579692299732,
  "сталин": 0.14422548801725554,
  "именно": 0.14272880842462365,
  "государство": 0.13755846074098618,
  "принять": 0.13578965758605757,
  "отношение": 0.13415691621227735,
  "коммунист": 0.13374873086883227,
  "оказаться": 0.1315717423704586,
  "закон": 0.12966687743438163,
  "лишь": 0.12885050674749152,
  "война": 0.1285783831851948,
  "руководство": 0.12599320934337607,
  "союз": 0.12476865331304088,
  "высокий": 0.12368015906385403,
  "общество": 0.12368015906385403,
  "депутат": 0.12327197372040899,
  "выборы": 0.12313591193926063,
  "совет": 0.12163923234662874,
  "рабочий": 0.12014255275399684,
  "число": 0.11959830562940342,
  "группа": 0.11932618206710671,
  "орган": 0.11810162603677152,
  "коммунистический": 0.1142918961646176,
  "являться": 0.11401977260232088,
  "начать": 0.11265915479083735,
  "право": 0.11265915479083735,
  "кпрф": 0.11265915479083735,
  "ряд": 0.11238703122854063,
  "дума": 0.11129853697935381,
  "общественный": 0.1107542898547604,
  "представитель": 0.11061822807361203,
  "идея": 0.10871336313753507,
  "роль": 0.10844123957523837,
  "интерес": 0.10830517779409002,
  "спс": 0.10789699245064495,
  "история": 0.10762486888834824,
  "имя": 0.10721668354490317,
  "движение": 0.10653637463916142,
  "играть": 0.10572000395227128,
  "глава": 0.10572000395227128,
  "позиция": 0.10517575682767785,
  "пока": 0.10395120079734267,
  "деятельность": 0.10340695367274925,
  "некоторый": 0.10340695367274925,
  "руководитель": 0.10218239764241406,
  "народный": 0.10191027408011735,
  "товарищ": 0.10163815051782066,
  "возможность": 0.10136602695552394,
  "деньга": 0.10109390339322724,
  "проблема": 0.10095784161207888,
  "большинство": 0.10054965626863381,
  "правый": 0.10054965626863381,
  "важный": 0.10014147092518876,
  "региональный": 0.10014147092518876,
  "начало": 0.09986934736289206,
  "никто": 0.09973328558174369,
  "результат": 0.09932510023829862,
  "иной": 0.09932510023829862,
  "новое": 0.09878085311370521,
  "ход": 0.0985087295514085,
  "тысяча": 0.09837266777026014,
  "голос": 0.09714811173992496,
  "сегодня": 0.09633174105303483,
  "правда": 0.0955153703661447,
  "министр": 0.0955153703661447,
  "вместе": 0.095243246803848,
  "общий": 0.09469899967925458,
  "кпсс": 0.09469899967925458,
  "председатель": 0.09469899967925458,
  "крупный": 0.09442687611695787,
  "избиратель": 0.09442687611695787,
  "например": 0.09388262899236446,
  "программа": 0.0937465672112161,
  "военный": 0.09224988761858421,
  "борис": 0.09197776405628749,
  "газета": 0.09170564049399078,
  "создать": 0.09156957871284244,
  "образ": 0.09075320802595231,
  "кандидат": 0.08993683733906219,
  "ленин": 0.08993683733906219,
  "поддержка": 0.08966471377676546,
  "решить": 0.0889844048710237,
  "бывший": 0.08857621952757863,
  "мнение": 0.08789591062183687,
  "особенно": 0.08762378705954016,
  "среди": 0.08762378705954016,
  "владимир": 0.08707953993494674,
  "яблоко": 0.08667135459150167,
  "остаться": 0.08639923102920498,
  "заявить": 0.08639923102920498,
  "комитет": 0.08612710746690827,
  "известный": 0.08599104568575991,
  "ситуация": 0.08531073678001815,
  "никакой": 0.08490255143657308,
  "понимать": 0.08463042787427637,
  "связь": 0.08463042787427637,
  "отделение": 0.08449436609312802,
  "качество": 0.08449436609312802,
  "цель": 0.08435830431197966,
  "писать": 0.08435830431197966,
  "избирательный": 0.08435830431197966,
  "собственный": 0.08367799540623788,
  "левый": 0.08367799540623788,
  "условие": 0.08367799540623788,
  "победа": 0.08286162471934776,
  "сергей": 0.08258950115705106,
  "разный": 0.08231737759475434,
  "взять": 0.08204525403245763,
  "область": 0.08177313047016092,
  "секретарь": 0.0812288833455675,
  "положение": 0.08109282156441915,
  "участие": 0.08041251265867738,
  "кроме": 0.07959614197178726,
  "демократический": 0.07946008019063891,
  "ссср": 0.07932401840949055,
  "путин": 0.07932401840949055,
  "задача": 0.07918795662834219,
  "давать": 0.07918795662834219,
  "момент": 0.07877977128489713,
  "отец": 0.07877977128489713,
  "александр": 0.07877977128489713,
  "речь": 0.07823552416030372,
  "необходимый": 0.07823552416030372,
  "оставаться": 0.07741915347341359,
  "местный": 0.07673884456767183
}