{
  "реготделение": 1.0,
  "демкоалиция": 0.9134198343859564,
  "оппоблок": 0.9129225706539865,
  "политический": 0.7894304542227516,
  "власть": 0.5951342307429016,
  "член": 0.3679790871157242,
  "цк": 0.3338956109380614,
  "советский": 0.33267105490772625,
  "партийный": 0.33083422086222347,
  "выбор": 0.32307869933676725,
  "президент": 0.3226705139933222,
  "правительство": 0.3220582359781546,
  "лидер": 0.288791130487382,
  "организация": 0.28593383308326653,
  "сила": 0.2824642576639835,
  "единый": 0.2806274236184807,
  "съезд": 0.25838132240072476,
  "народ": 0.24327846469325748,
  "решение": 0.23450247980918862,
  "однако": 0.2342983871374661,
  "политика": 0.22899197767268026,
  "борьба": 0.2273592362989,
  "государственный": 0.22123645614722406,
  "считать": 0.21960371477344381,
  "главный": 0.21735869538449595,
  "сталин": 0.2163382320258833,
  "именно": 0.21409321263693545,
  "государство": 0.2063376911114793,
  "принять": 0.20368448637908637,
  "отношение": 0.20123537431841598,
  "коммунист": 0.2006230963032484,
  "оказаться": 0.1973576135556879,
  "закон": 0.19450031615157246,
  "лишь": 0.19327576012123726,
  "война": 0.1928675747777922,
  "руководство": 0.18898981401506412,
  "союз": 0.18715297996956132,
  "высокий": 0.18552023859578107,
  "общество": 0.18552023859578107,
  "депутат": 0.18490796058061348,
  "выборы": 0.18470386790889096,
  "совет": 0.1824588485199431,
  "рабочий": 0.18021382913099526,
  "число": 0.17939745844410512,
  "группа": 0.17898927310066007,
  "орган": 0.17715243905515726,
  "коммунистический": 0.1714378442469264,
  "являться": 0.17102965890348135,
  "начать": 0.16898873218625604,
  "право": 0.16898873218625604,
  "кпрф": 0.16898873218625604,
  "ряд": 0.16858054684281096,
  "дума": 0.1669478054690307,
  "общественный": 0.1661314347821406,
  "представитель": 0.16592734211041804,
  "идея": 0.1630700447063026,
  "роль": 0.16266185936285754,
  "интерес": 0.162457766691135,
  "спс": 0.16184548867596743,
  "история": 0.16143730333252235,
  "имя": 0.16082502531735476,
  "движение": 0.1598045619587421,
  "играть": 0.1585800059284069,
  "глава": 0.1585800059284069,
  "позиция": 0.1577636352415168,
  "пока": 0.15592680119601401,
  "деятельность": 0.1551104305091239,
  "некоторый": 0.1551104305091239,
  "руководитель": 0.1532735964636211,
  "народный": 0.15286541112017604,
  "товарищ": 0.152457225776731,
  "возможность": 0.15204904043328593,
  "деньга": 0.15164085508984085,
  "проблема": 0.15143676241811832,
  "большинство": 0.15082448440295074,
  "правый": 0.15082448440295074,
  "важный": 0.15021220638778313,
  "региональный": 0.15021220638778313,
  "начало": 0.14980402104433807,
  "никто": 0.14959992837261554,
  "результат": 0.14898765035744793,
  "иной": 0.14898765035744793,
  "новое": 0.14817127967055782,
  "ход": 0.14776309432711277,
  "тысяча": 0.1475590016553902,
  "голос": 0.14572216760988743,
  "сегодня": 0.14449761157955224,
  "правда": 0.14327305554921704,
  "министр": 0.14327305554921704,
  "вместе": 0.142864870205772,
  "общий": 0.14204849951888188,
  "кпсс": 0.14204849951888188,
  "председатель": 0.14204849951888188,
  "крупный": 0.1416403141754368,
  "избиратель": 0.1416403141754368,
  "например": 0.14082394348854668,
  "программа": 0.14061985081682415,
  "военный": 0.13837483142787632,
  "борис": 0.13796664608443127,
  "газета": 0.13755846074098618
}