{
  "книга": 1.0,
  "писать": 0.7219251336898396,
  "литература": 0.7009803921568627,
  "роман": 0.6751336898395722,
  "советский": 0.6586452762923352,
  "союз": 0.6515151515151515,
  "автор": 0.5855614973262032,
  "литературный": 0.5472370766488414,
  "известный": 0.483065953654189,
  "написать": 0.4763814616755793,
  "имя": 0.4447415329768271,
  "история": 0.4295900178253119,
  "поэт": 0.4269162210338681,
  "именно": 0.3778966131907308,
  "читать": 0.37254901960784315,
  "письмо": 0.3698752228163993,
  "солженицын": 0.35427807486631013,
  "герой": 0.3360071301247772,
  "язык": 0.32486631016042783,
  "произведение": 0.32397504456327986,
  "век": 0.31862745098039214,
  "александр": 0.31506238859180036,
  "главный": 0.31283422459893045,
  "художник": 0.31194295900178254,
  "жена": 0.3106060606060606,
  "народ": 0.30614973262032086,
  "лишь": 0.30303030303030304,
  "рассказ": 0.2936720142602496,
  "оказаться": 0.29322638146167557,
  "отношение": 0.29188948306595364,
  "однако": 0.28832442067736186,
  "правда": 0.28431372549019607,
  "молодая": 0.2803030303030303,
  "считать": 0.27941176470588236,
  "любить": 0.2767379679144385,
  "война": 0.27540106951871657,
  "власть": 0.2736185383244207,
  "журнал": 0.2718360071301248,
  "образ": 0.27049910873440286,
  "культура": 0.26559714795008915,
  "газета": 0.2611408199643494,
  "выйти": 0.2589126559714795,
  "никто": 0.2549019607843137,
  "знаменитый": 0.2540106951871658,
  "среди": 0.24910873440285206,
  "некоторый": 0.2482174688057041,
  "толстой": 0.24598930481283424,
  "судьба": 0.2415329768270945,
  "сталин": 0.23841354723707664,
  "многие": 0.23618538324420676,
  "разный": 0.2339572192513369,
  "творчество": 0.2339572192513369,
  "вместе": 0.23128342245989306,
  "понять": 0.23039215686274508,
  "сила": 0.2250445632798574,
  "понимать": 0.22459893048128343,
  "любовь": 0.22370766488413546,
  "многий": 0.22370766488413546,
  "мысль": 0.22237076648841356,
  "новое": 0.2196969696969697,
  "пора": 0.2196969696969697,
  "собственный": 0.2179144385026738,
  "стих": 0.21746880570409982,
  "театр": 0.21746880570409982,
  "начать": 0.2161319073083779,
  "великое": 0.21524064171122995,
  "называть": 0.21524064171122995,
  "вообще": 0.21524064171122995,
  "высокий": 0.21524064171122995,
  "искусство": 0.21479500891265596,
  "текст": 0.214349376114082,
  "николай": 0.214349376114082,
  "никакой": 0.21345811051693406,
  "ряд": 0.2103386809269162,
  "статья": 0.20944741532976827,
  "член": 0.2090017825311943,
  "отец": 0.20855614973262032,
  "иван": 0.20811051693404634,
  "московский": 0.2054367201426025,
  "достоевский": 0.20499108734402852,
  "начало": 0.20454545454545456,
  "первое": 0.20409982174688057,
  "смерть": 0.20365418894830659,
  "принять": 0.20231729055258468,
  "давать": 0.2014260249554367,
  "всякий": 0.20098039215686275,
  "почему": 0.19964349376114082,
  "владимир": 0.19786096256684493,
  "женщина": 0.196524064171123,
  "смысл": 0.19518716577540107,
  "право": 0.1947415329768271,
  "художественный": 0.19429590017825313,
  "современный": 0.19206773618538325,
  "помнить": 0.19117647058823528,
  "остаться": 0.19117647058823528,
  "кажется": 0.19028520499108734,
  "например": 0.18983957219251338,
  "роль": 0.1893939393939394,
  "речь": 0.1889483065953654,
  "ваш": 0.1889483065953654
}