{
  "кинорежиссер": 1.0,
  "маринист": 0.9260113626370344,
  "шекспировед": 0.9188411039412488,
  "американист": 0.9099554985506333,
  "византинист": 0.9012429543519995,
  "сентименталист": 0.8995259483935839,
  "баталист": 0.896645798661638,
  "иранист": 0.8932366756985914,
  "комиксист": 0.8872537030615072,
  "жанрист": 0.8848613768237381,
  "новеллистика": 0.8844331208922855,
  "латинист": 0.8774384952470394,
  "топонимист": 0.8755841022637333,
  "китаевед": 0.8752555680737775,
  "ориенталист": 0.8727882431219376,
  "микушевич": 0.8719039385939732,
  "библеист": 0.8656437030117293,
  "книга": 0.6959455894284998,
  "писать": 0.5024206126890239,
  "литература": 0.4878442121974288,
  "роман": 0.4698563137184391,
  "советский": 0.45838127503356635,
  "союз": 0.4534190961428105,
  "автор": 0.40751894140331946,
  "литературный": 0.38084722986550706,
  "известный": 0.33618761984870493,
  "написать": 0.33153557713862136,
  "имя": 0.30951590831089254,
  "история": 0.2989712781680365,
  "поэт": 0.2971104610840031,
  "именно": 0.26299548121005695,
  "читать": 0.25927384704199014,
  "письмо": 0.25741302995795673,
  "солженицын": 0.2465582636344284,
  "герой": 0.2338426802268667,
  "язык": 0.2260892757100608,
  "произведение": 0.2254690033487163,
  "век": 0.22174736918064944,
  "александр": 0.21926627973527157,
  "главный": 0.21771559883191036,
  "художник": 0.2170953264705659,
  "жена": 0.2161649179285492,
  "народ": 0.2130635561218268,
  "лишь": 0.21089260285712116,
  "рассказ": 0.20437974306300422,
  "оказаться": 0.20406960688233194,
  "отношение": 0.2031391983403152,
  "однако": 0.20065810889493735,
  "правда": 0.1978668832688872,
  "молодая": 0.19507565764283705,
  "считать": 0.19445538528149262,
  "любить": 0.19259456819745918,
  "война": 0.19166415965544245,
  "власть": 0.19042361493275353,
  "журнал": 0.18918307021006459,
  "образ": 0.18825266166804785,
  "культура": 0.1848411636806533,
  "газета": 0.1817398018739309,
  "выйти": 0.1801891209705697,
  "никто": 0.17739789534451955,
  "знаменитый": 0.1767776229831751,
  "среди": 0.1733661249957805,
  "некоторый": 0.172745852634436,
  "толстой": 0.17119517173107485,
  "судьба": 0.16809380992435247,
  "сталин": 0.1659228566596468,
  "многие": 0.1643721757562856,
  "разный": 0.1628214948529244,
  "творчество": 0.1628214948529244,
  "вместе": 0.160960677768891,
  "понять": 0.16034040540754652,
  "сила": 0.15661877123947968,
  "понимать": 0.15630863505880746,
  "любовь": 0.15568836269746297,
  "многий": 0.15568836269746297,
  "мысль": 0.15475795415544627,
  "новое": 0.15289713707141284,
  "пора": 0.15289713707141284,
  "собственный": 0.1516565923487239,
  "стих": 0.15134645616805165,
  "театр": 0.15134645616805165,
  "начать": 0.15041604762603494,
  "великое": 0.14979577526469048,
  "называть": 0.14979577526469048,
  "вообще": 0.14979577526469048,
  "высокий": 0.14979577526469048,
  "искусство": 0.14948563908401824,
  "текст": 0.149175502903346,
  "николай": 0.149175502903346,
  "никакой": 0.14855523054200154,
  "ряд": 0.14638427727729586,
  "статья": 0.1457640049159514,
  "член": 0.14545386873527916,
  "отец": 0.1451437325546069,
  "иван": 0.14483359637393467,
  "московский": 0.14297277928990126,
  "достоевский": 0.14266264310922902,
  "начало": 0.1423525069285568,
  "первое": 0.14204237074788456,
  "смерть": 0.14173223456721232
}