{
  "донатович": 1.0,
  "оригенист": 0.9890460189118603,
  "аствацатуров": 0.9888816212121447,
  "книга": 0.5436892801163105,
  "писать": 0.3925029562337001,
  "литература": 0.38111552478741373,
  "роман": 0.36706294981114546,
  "советский": 0.3580983761193881,
  "союз": 0.3542218037121417,
  "автор": 0.3183635089451123,
  "литературный": 0.2975269322561628,
  "известный": 0.262637780590945,
  "написать": 0.2590034939591515,
  "имя": 0.24180120390199547,
  "история": 0.23356348753659686,
  "поэт": 0.2321097728838794,
  "именно": 0.20545833758406026,
  "читать": 0.20255090827862549,
  "письмо": 0.20109719362590806,
  "солженицын": 0.19261719148505652,
  "герой": 0.18268347469148757,
  "язык": 0.17662633030516503,
  "произведение": 0.17614175875425922,
  "век": 0.17323432944882441,
  "александр": 0.1712960432452012,
  "главный": 0.1700846143679367,
  "художник": 0.1696000428170309,
  "жена": 0.1688731854906722,
  "народ": 0.16645032773614318,
  "лишь": 0.16475432730797288,
  "рассказ": 0.15966632602346195,
  "оказаться": 0.15942404024800905,
  "отношение": 0.15869718292165033,
  "однако": 0.15675889671802715,
  "правда": 0.154578324738951,
  "молодая": 0.1523977527598749,
  "считать": 0.1519131812089691,
  "любить": 0.1504594665562517,
  "война": 0.14973260922989298,
  "власть": 0.1487634661280814,
  "журнал": 0.14779432302626977,
  "образ": 0.14706746569991108,
  "культура": 0.14440232216992915,
  "газета": 0.14197946441540013,
  "выйти": 0.14076803553813563,
  "никто": 0.13858746355905954,
  "знаменитый": 0.13810289200815373,
  "среди": 0.13543774847817183,
  "некоторый": 0.13495317692726602,
  "толстой": 0.13374174805000152,
  "судьба": 0.1313188902954725,
  "сталин": 0.1296228898673022,
  "многие": 0.1284114609900377,
  "разный": 0.12720003211277317,
  "творчество": 0.12720003211277317,
  "вместе": 0.12574631746005577,
  "понять": 0.12526174590914999,
  "сила": 0.12235431660371515,
  "понимать": 0.12211203082826223,
  "любовь": 0.12162745927735645,
  "многий": 0.12162745927735645,
  "мысль": 0.12090060195099774,
  "новое": 0.11944688729828033,
  "пора": 0.11944688729828033,
  "собственный": 0.11847774419646871,
  "стих": 0.11823545842101582,
  "театр": 0.11823545842101582,
  "начать": 0.11750860109465713,
  "великое": 0.11702402954375132,
  "называть": 0.11702402954375132,
  "вообще": 0.11702402954375132,
  "высокий": 0.11702402954375132,
  "искусство": 0.11678174376829843,
  "текст": 0.11653945799284551,
  "николай": 0.11653945799284551,
  "никакой": 0.1160548864419397,
  "ряд": 0.11435888601376941,
  "статья": 0.11387431446286361,
  "член": 0.1136320286874107,
  "отец": 0.1133897429119578,
  "иван": 0.11314745713650491,
  "московский": 0.1116937424837875,
  "достоевский": 0.11145145670833459,
  "начало": 0.11120917093288168,
  "первое": 0.1109668851574288,
  "смерть": 0.1107245993819759,
  "принять": 0.10999774205561717,
  "давать": 0.10951317050471139,
  "всякий": 0.10927088472925847,
  "почему": 0.10854402740289977,
  "владимир": 0.10757488430108816,
  "женщина": 0.10684802697472946,
  "смысл": 0.10612116964837076,
  "право": 0.10587888387291787,
  "художественный": 0.10563659809746495,
  "современный": 0.10442516922020045,
  "помнить": 0.10394059766929464,
  "остаться": 0.10394059766929464,
  "кажется": 0.10345602611838886,
  "например": 0.10321374034293594,
  "роль": 0.10297145456748305,
  "речь": 0.10272916879203013,
  "ваш": 0.10272916879203013,
  "сидеть": 0.10248688301657724,
  "важный": 0.10248688301657724,
  "особенно": 0.10224459724112435,
  "немой": 0.10224459724112435,
  "общество": 0.10200231146567144,
  "сразу": 0.10103316836385984,
  "часть": 0.10079088258840693,
  "число": 0.10054859681295403,
  "общий": 0.10030631103750114,
  "великий": 0.10006402526204823,
  "тема": 0.09957945371114242,
  "борис": 0.09885259638478373,
  "полный": 0.09885259638478373,
  "горький": 0.09885259638478373,
  "родиться": 0.09812573905842502,
  "найти": 0.09812573905842502,
  "бог": 0.09812573905842502,
  "встреча": 0.09788345328297213,
  "повесть": 0.09788345328297213,
  "ещё": 0.09715659595661341,
  "творческий": 0.09642973863025471,
  "андрей": 0.0961874528548018,
  "иной": 0.0961874528548018,
  "сегодня": 0.0947337382020844,
  "учёный": 0.0947337382020844,
  "взять": 0.0940068808757257,
  "политический": 0.09303773777391408,
  "земля": 0.09279545199846119,
  "ссср": 0.09279545199846119,
  "совершенно": 0.0925531662230083,
  "проза": 0.09206859467210249,
  "назвать": 0.09158402312119669,
  "фильм": 0.09158402312119669,
  "взгляд": 0.09158402312119669,
  "деньга": 0.09085716579483798,
  "решить": 0.09037259424393218,
  "поэтому": 0.09037259424393218,
  "бывать": 0.09013030846847928,
  "увидеть": 0.08940345114212057,
  "свет": 0.08891887959121478,
  "идея": 0.08867659381576187,
  "сын": 0.08746516493849736,
  "стол": 0.08673830761213866,
  "чувство": 0.08649602183668575,
  "французский": 0.08625373606123286,
  "поздний": 0.08625373606123286,
  "замечательный": 0.08601145028577996
}