{
  "арендопригодный": 1.0,
  "лесопокрытый": 0.8988340438255593,
  "левенцовка": 0.8566158552808845,
  "киноплощадка": 0.8472147846013374,
  "паллетомест": 0.8314818936398628,
  "моремолл": 0.8149849103107386,
  "малостранский": 0.8135030230057579,
  "метр": 0.590453811248104,
  "тысяча": 0.462920693138441,
  "улица": 0.369110274528929,
  "общий": 0.3280298951378356,
  "здание": 0.3252707651787323,
  "красный": 0.31821965528324614,
  "центр": 0.31116854538775995,
  "часть": 0.3007451655422586,
  "квартира": 0.2581319361738856,
  "земля": 0.2535333862420468,
  "ряд": 0.2483216963192961,
  "территория": 0.2467888463420165,
  "миллион": 0.24525599636473694,
  "район": 0.23759174647833886,
  "участок": 0.2250223766646461,
  "главный": 0.21674498678733625,
  "около": 0.21367928683277704,
  "машина": 0.20632160694183493,
  "га": 0.2029493369918198,
  "высокий": 0.1946719471145099,
  "область": 0.194365377119054,
  "строительство": 0.194365377119054,
  "московский": 0.19344566713268624,
  "проект": 0.19252595714631848,
  "кв": 0.1870076972281119,
  "находиться": 0.18516827725537638,
  "однако": 0.18332885728264084,
  "число": 0.18087629731899346,
  "оказаться": 0.18026315732808165,
  "лишь": 0.1784237373553461,
  "огромный": 0.1768908873780665,
  "составлять": 0.17075948746894806,
  "магазин": 0.1695332074871244,
  "выйти": 0.16922663749166847,
  "объект": 0.16830692750530069,
  "квадратный": 0.16800035750984477,
  "памятник": 0.16738721751893296,
  "условие": 0.16432151756437371,
  "километр": 0.1637083775734619,
  "помещение": 0.16278866758709412,
  "новое": 0.16156238760527045,
  "например": 0.1612558176098145,
  "народ": 0.1612558176098145,
  "компания": 0.1612558176098145,
  "толпа": 0.15910982764162307,
  "являться": 0.15880325764616715,
  "маленький": 0.15604412768706385,
  "имя": 0.15573755769160794,
  "рынок": 0.15481784770524018,
  "пока": 0.15359156772341648,
  "крупный": 0.15267185773704872,
  "именно": 0.15205871774613688,
  "никто": 0.15205871774613688,
  "результат": 0.15144557775522505,
  "культура": 0.15113900775976913,
  "образ": 0.1496061577824895,
  "городской": 0.1496061577824895,
  "торговый": 0.14899301779157767,
  "театр": 0.14868644779612175,
  "зона": 0.14746016781429805,
  "небольшой": 0.14562074784156254,
  "размер": 0.14562074784156254,
  "советский": 0.14408789786428294,
  "власть": 0.14408789786428294,
  "центральный": 0.14286161788245927,
  "рубль": 0.14255504788700332,
  "начать": 0.14102219790972373,
  "комплекс": 0.14071562791426778,
  "занимать": 0.1404090579188119,
  "остаться": 0.14010248792335597,
  "количество": 0.14010248792335597,
  "лесной": 0.1394893479324441,
  "леса": 0.13795649795516451,
  "группа": 0.13703678796879676,
  "вода": 0.1367302179733408,
  "предприятие": 0.13427765800969346,
  "стена": 0.13397108801423754,
  "необходимый": 0.13213166804150203,
  "некоторый": 0.13151852805059017,
  "разный": 0.13151852805059017,
  "принять": 0.13121195805513425,
  "четыре": 0.1305988180642224,
  "кроме": 0.12967910807785463,
  "сегодня": 0.12937253808239874,
  "деньга": 0.1275331181096632,
  "решить": 0.12691997811875133,
  "стоять": 0.12691997811875133,
  "больший": 0.12630683812783952,
  "пять": 0.12630683812783952,
  "поэтому": 0.12630683812783952,
  "начало": 0.12630683812783952,
  "построить": 0.12569369813692766,
  "век": 0.12538712814147177,
  "история": 0.12508055814601582,
  "цена": 0.12508055814601582,
  "увидеть": 0.1247739881505599,
  "менее": 0.1247739881505599,
  "дорога": 0.1247739881505599,
  "сразу": 0.12446741815510398,
  "сила": 0.12354770816873623,
  "старый": 0.12354770816873623,
  "дерево": 0.12293456817782437,
  "производство": 0.12293456817782437,
  "появиться": 0.12109514820508886,
  "хозяйство": 0.12109514820508886,
  "окно": 0.12078857820963293,
  "взять": 0.12017543821872108,
  "стоить": 0.11986886822326517,
  "бывший": 0.11864258824144147,
  "угол": 0.11864258824144147,
  "правда": 0.11833601824598557,
  "комната": 0.11833601824598557,
  "возможность": 0.11772287825507372,
  "форма": 0.11680316826870596,
  "найти": 0.11680316826870596,
  "решение": 0.11588345828233818,
  "первое": 0.11496374829597042,
  "расположить": 0.1146571783005145,
  "пространство": 0.11404403830960266,
  "проблема": 0.11404403830960266,
  "насаждение": 0.11404403830960266,
  "война": 0.11373746831414674,
  "свет": 0.1131243283232349,
  "зал": 0.1131243283232349,
  "уровень": 0.11251118833232306,
  "из-за": 0.11220461833686714,
  "развитие": 0.11220461833686714,
  "средний": 0.1118980483414112,
  "материал": 0.1118980483414112,
  "сидеть": 0.11128490835049938,
  "среди": 0.11097833835504345,
  "особенно": 0.11067176835958753,
  "кремль": 0.10913891838230792,
  "этаж": 0.10913891838230792,
  "пройти": 0.108832348386852,
  "право": 0.10852577839139609,
  "стоялый": 0.10791263840048425,
  "смотреть": 0.10699292841411648,
  "сад": 0.10668635841866055,
  "связь": 0.10607321842774871,
  "называть": 0.10607321842774871,
  "отношение": 0.10607321842774871,
  "полный": 0.10546007843683687
}