{
  "арендопригодный": 1.0,
  "лесопокрытый": 0.8988340438255593,
  "метр": 0.8856807168721562,
  "левенцовка": 0.8566158552808845,
  "киноплощадка": 0.8472147846013374,
  "тысяча": 0.6943810397076614,
  "улица": 0.5536654117933936,
  "общий": 0.49204484270675347,
  "здание": 0.4879061477680985,
  "красный": 0.47732948292486915,
  "центр": 0.46675281808164,
  "часть": 0.45111774831338797,
  "квартира": 0.3871979042608284,
  "земля": 0.3803000793630702,
  "ряд": 0.3724825444789442,
  "территория": 0.37018326951302477,
  "миллион": 0.36788399454710535,
  "район": 0.3563876197175083,
  "участок": 0.3375335649969692,
  "главный": 0.3251174801810044,
  "около": 0.32051893024916556,
  "машина": 0.30948241041275243,
  "га": 0.3044240054877297,
  "высокий": 0.2920079206717649,
  "область": 0.291548065678581,
  "строительство": 0.291548065678581,
  "московский": 0.2901685006990294,
  "проект": 0.2887889357194777,
  "кв": 0.28051154584216786,
  "находиться": 0.27775241588306454,
  "однако": 0.2749932859239613,
  "число": 0.2713144459784902,
  "оказаться": 0.27039473599212244,
  "лишь": 0.2676356060330191,
  "огромный": 0.26533633106709975,
  "составлять": 0.2561392312034221,
  "магазин": 0.25429981123068657,
  "выйти": 0.25383995623750266,
  "объект": 0.25246039125795106,
  "квадратный": 0.25200053626476715,
  "памятник": 0.2510808262783994,
  "условие": 0.24648227634656059,
  "километр": 0.2455625663601928,
  "помещение": 0.24418300138064117,
  "новое": 0.24234358140790566,
  "например": 0.24188372641472178,
  "народ": 0.24188372641472178,
  "компания": 0.24188372641472178,
  "толпа": 0.23866474146243458,
  "являться": 0.23820488646925073,
  "маленький": 0.23406619153059577,
  "имя": 0.23360633653741192,
  "рынок": 0.23222677155786028,
  "пока": 0.23038735158512472,
  "крупный": 0.22900778660557305,
  "именно": 0.22808807661920533,
  "никто": 0.22808807661920533,
  "результат": 0.22716836663283754,
  "культура": 0.2267085116396537,
  "образ": 0.22440923667373427,
  "городской": 0.22440923667373427,
  "торговый": 0.2234895266873665,
  "театр": 0.2230296716941826,
  "зона": 0.2211902517214471,
  "небольшой": 0.2184311217623438,
  "размер": 0.2184311217623438,
  "советский": 0.2161318467964244,
  "власть": 0.2161318467964244,
  "центральный": 0.21429242682368888,
  "рубль": 0.213832571830505,
  "начать": 0.21153329686458558,
  "комплекс": 0.2110734418714017,
  "занимать": 0.21061358687821782,
  "остаться": 0.21015373188503395,
  "количество": 0.21015373188503395,
  "лесной": 0.20923402189866616,
  "леса": 0.20693474693274677,
  "группа": 0.2055551819531951,
  "вода": 0.20509532696001123,
  "предприятие": 0.20141648701454018,
  "стена": 0.2009566320213563,
  "необходимый": 0.198197502062253,
  "некоторый": 0.19727779207588525,
  "разный": 0.19727779207588525,
  "принять": 0.19681793708270137,
  "четыре": 0.19589822709633362,
  "кроме": 0.19451866211678195,
  "сегодня": 0.19405880712359808,
  "деньга": 0.19129967716449478,
  "решить": 0.19037996717812702,
  "стоять": 0.19037996717812702,
  "больший": 0.18946025719175927,
  "пять": 0.18946025719175927,
  "поэтому": 0.18946025719175927,
  "начало": 0.18946025719175927,
  "построить": 0.18854054720539148,
  "век": 0.18808069221220763,
  "история": 0.18762083721902373,
  "цена": 0.18762083721902373,
  "увидеть": 0.18716098222583985
}