{
  "госполитика": 1.0,
  "агрополитика": 0.9013191303398714,
  "полицентризм": 0.8913367330726988,
  "инистерство": 0.8890840299764805,
  "политический": 0.8837827712356933,
  "экономразвития": 0.8787209846742019,
  "власть": 0.87833666035509,
  "интервенционизм": 0.8773068029484261,
  "сопредседательство": 0.8722304247033306,
  "реиндустриализация": 0.8595991364251829,
  "наркополитика": 0.8550758198629793,
  "соцполитика": 0.8519808026121326,
  "равительство": 0.8493827454447609,
  "государствоведение": 0.8453415865721955,
  "этнополитика": 0.8420409161343775,
  "конфинация": 0.8401687030405908,
  "националистка": 0.8349520444581734,
  "геоэкономика": 0.8326547234702121,
  "регионалистика": 0.8309730977817691,
  "государствовед": 0.825920213727603,
  "неокономика": 0.8183448121244353,
  "министрество": 0.8146106053831408,
  "госпредпринимательство": 0.8141036892411777,
  "евроменеджмент": 0.8119398531855384,
  "прогосударственный": 0.8098812142135009,
  "госпропаганда": 0.808628331170744,
  "медиапространство": 0.8054863782155962,
  "инвестсовет": 0.8053355623666467,
  "государство": 0.7809117879354072,
  "государственный": 0.7536812335323904,
  "отношение": 0.7321993517255658,
  "экономический": 0.7306865431476204,
  "президент": 0.6644255274336126,
  "правительство": 0.6641229657180235,
  "развитие": 0.5912055922610561,
  "проблема": 0.579103123637493,
  "социальный": 0.5443085263447492,
  "экономика": 0.5364419217394332,
  "область": 0.511934422776718,
  "советский": 0.4707860294566034,
  "партия": 0.45898612254862947,
  "общество": 0.4474887773562446,
  "решение": 0.4429503516224084,
  "являться": 0.4362939938794487,
  "интерес": 0.43175556814561256,
  "национальный": 0.4302427595676672,
  "внешний": 0.421468469815584,
  "война": 0.41783772922851503,
  "однако": 0.40210452001788305,
  "рынок": 0.3951456005593343,
  "именно": 0.3881866811007855,
  "сила": 0.3878841193851964,
  "народ": 0.38576618737607293,
  "уровень": 0.37487396561486613,
  "важный": 0.37396628046809893,
  "считать": 0.36973041644985183,
  "право": 0.3597458798354123,
  "главный": 0.35520745410157617,
  "организация": 0.3494587815053837,
  "закон": 0.3470382877806711,
  "сегодня": 0.342802423762424,
  "компания": 0.34068449175330046,
  "условие": 0.3400793683221223,
  "ситуация": 0.3352383808726971,
  "сша": 0.33191020200121724,
  "лишь": 0.3313050785700391,
  "военный": 0.32797689969855925,
  "международный": 0.32071541852442137,
  "высокий": 0.3116385670567491,
  "история": 0.3110334436255709,
  "цель": 0.3110334436255709,
  "мера": 0.3110334436255709,
  "деятельность": 0.3110334436255709,
  "мировой": 0.3067975796073239,
  "возможность": 0.3055873327449676,
  "федеральный": 0.3055873327449676,
  "реформа": 0.30286427730466586,
  "процесс": 0.3013514687267205,
  "рост": 0.3001412218643642,
  "число": 0.29862841328641876,
  "принять": 0.2946951109837608,
  "новое": 0.29408998755258264,
  "регион": 0.29257717897463725,
  "общий": 0.2907618086811028,
  "федерация": 0.28985412353433554,
  "программа": 0.28773619152521207,
  "совет": 0.2865259446628557,
  "необходимый": 0.2862233829472666,
  "средство": 0.2862233829472666,
  "мнение": 0.2853156978004994,
  "результат": 0.28501313608491036,
  "население": 0.2841054509381431,
  "сфера": 0.2841054509381431,
  "финансовый": 0.2816849572134305,
  "роль": 0.2816849572134305,
  "цена": 0.2810798337822524,
  "предприятие": 0.27412091432370356,
  "комитет": 0.27200298231458003,
  "союз": 0.2713978588834019,
  "часть": 0.2683722417275111
}