{
  "политический": 1.0,
  "власть": 0.9938377268058884,
  "госпропаганда": 0.9149627685546875,
  "инвестсовет": 0.9112370014190674,
  "государство": 0.8836015063334475,
  "государственный": 0.8527901403628895,
  "отношение": 0.828483396097227,
  "экономический": 0.8267716535433071,
  "президент": 0.7517973296816158,
  "правительство": 0.7514549811708319,
  "развитие": 0.6689489900718932,
  "проблема": 0.655255049640534,
  "социальный": 0.6158849709003766,
  "экономика": 0.6069839096199932,
  "область": 0.5792536802464909,
  "советский": 0.5326942827798699,
  "партия": 0.5193426908592947,
  "общество": 0.5063334474495036,
  "решение": 0.5011982197877439,
  "являться": 0.4936665525504964,
  "интерес": 0.48853132488873674,
  "национальный": 0.48681958233481687,
  "внешний": 0.4768914755220815,
  "война": 0.4727832933926737,
  "однако": 0.45498117083190687,
  "рынок": 0.4471071550838754,
  "именно": 0.4392331393358439,
  "сила": 0.4388907908250599,
  "народ": 0.4364943512495721,
  "уровень": 0.42416980486134886,
  "важный": 0.4231427593289969,
  "считать": 0.4183498801780212,
  "право": 0.40705237932214994,
  "главный": 0.40191715166039027,
  "организация": 0.3954125299554947,
  "закон": 0.3926737418692229,
  "сегодня": 0.3878808627182472,
  "компания": 0.3854844231427593,
  "условие": 0.3847997261211914,
  "ситуация": 0.3793221499486477,
  "сша": 0.37555631633002395,
  "лишь": 0.374871619308456,
  "военный": 0.37110578568983227,
  "международный": 0.36288942143101677,
  "высокий": 0.35261896610749743,
  "история": 0.35193426908592945,
  "цель": 0.35193426908592945,
  "мера": 0.35193426908592945,
  "деятельность": 0.35193426908592945,
  "мировой": 0.3471413899349538,
  "возможность": 0.3457719958918179,
  "федеральный": 0.3457719958918179,
  "реформа": 0.34269085929476206,
  "процесс": 0.3409791167408422,
  "рост": 0.3396097226977063,
  "число": 0.33789798014378636,
  "принять": 0.3334474495035947,
  "новое": 0.3327627524820267,
  "регион": 0.3310510099281068,
  "общий": 0.32899691886340293,
  "федерация": 0.327969873331051,
  "программа": 0.3255734337555632,
  "совет": 0.3242040397124272,
  "необходимый": 0.32386169120164326,
  "средство": 0.32386169120164326,
  "мнение": 0.3228346456692913,
  "результат": 0.32249229715850736,
  "население": 0.3214652516261554,
  "сфера": 0.3214652516261554,
  "финансовый": 0.3187264635398836,
  "роль": 0.3187264635398836,
  "цена": 0.31804176651831567,
  "предприятие": 0.31016775077028413,
  "комитет": 0.3077713111947963,
  "союз": 0.30708661417322836,
  "часть": 0.30366312906538856,
  "образ": 0.3033207805546046,
  "связь": 0.30297843204382063,
  "внутренний": 0.30092434097911674,
  "группа": 0.2985279014036289,
  "оказаться": 0.2978432043820609,
  "министр": 0.2957891133173571,
  "поэтому": 0.29441971927422117,
  "выбор": 0.29441971927422117,
  "управление": 0.2933926737418692,
  "задача": 0.2920232796987333,
  "проводить": 0.2909962341663814,
  "общественный": 0.2909962341663814,
  "бизнес": 0.2909962341663814,
  "некоторый": 0.2906538856555974,
  "американский": 0.28996918863402943,
  "деньга": 0.2872304005477576,
  "путин": 0.28414926395070184,
  "создание": 0.2838069154399178,
  "начало": 0.28072577884286204,
  "против": 0.2803834303320781,
  "идея": 0.2769599452242383,
  "наука": 0.2769599452242383,
  "руководство": 0.2766175967134543,
  "качество": 0.2766175967134543
}