{
  "госпропаганда": 1.0,
  "инвестсовет": 0.995927957657222,
  "политический": 0.7286270978214343,
  "власть": 0.724137098588026,
  "государство": 0.6438160011903875,
  "государственный": 0.6213660050233457,
  "отношение": 0.6036554524915684,
  "экономический": 0.6024082304822882,
  "президент": 0.5477799064758199,
  "правительство": 0.5475304620739638,
  "развитие": 0.48741436122666304,
  "проблема": 0.4774365851524222,
  "социальный": 0.4487504789389799,
  "экономика": 0.4422649244907234,
  "область": 0.4220599279403858,
  "советский": 0.38813548928796704,
  "партия": 0.3784071576155823,
  "общество": 0.36892827034505354,
  "решение": 0.3651866043172132,
  "являться": 0.3596988274763808,
  "интерес": 0.3559571614485405,
  "национальный": 0.35470993943926044,
  "внешний": 0.34747605178543584,
  "война": 0.34448271896316357,
  "однако": 0.33151161006665053,
  "рынок": 0.32577438882396204,
  "именно": 0.32003716758127365,
  "сила": 0.3197877231794176,
  "народ": 0.3180416123664255,
  "уровень": 0.3090616138996088,
  "важный": 0.3083132806940407,
  "считать": 0.3048210590680564,
  "право": 0.2965893938068077,
  "главный": 0.2928477277789674,
  "организация": 0.28810828414370304,
  "закон": 0.2861127289288549,
  "сегодня": 0.28262050730287064,
  "компания": 0.2808743964898785,
  "условие": 0.2803755076861664,
  "ситуация": 0.27638439725647007,
  "сша": 0.2736405088360539,
  "лишь": 0.2731416200323419,
  "военный": 0.27039773161192565,
  "международный": 0.2644110659673812,
  "высокий": 0.2569277339117006,
  "история": 0.2564288451079885,
  "цель": 0.2564288451079885,
  "мера": 0.2564288451079885,
  "деятельность": 0.2564288451079885,
  "мировой": 0.25293662348200424,
  "возможность": 0.25193884587458015,
  "федеральный": 0.25193884587458015,
  "реформа": 0.24969384625787597,
  "процесс": 0.2484466242485959,
  "рост": 0.2474488466411718,
  "число": 0.2462016246318917,
  "принять": 0.24295884740776347,
  "новое": 0.2424599586040514,
  "регион": 0.24121273659477133,
  "общий": 0.2397160701836352,
  "федерация": 0.23896773697806714,
  "программа": 0.237221626165075,
  "совет": 0.2362238485576509,
  "необходимый": 0.23597440415579488,
  "средство": 0.23597440415579488,
  "мнение": 0.23522607095022682,
  "результат": 0.2349766265483708,
  "население": 0.23422829334280273,
  "сфера": 0.23422829334280273,
  "финансовый": 0.23223273812795459,
  "роль": 0.23223273812795459,
  "цена": 0.23173384932424254,
  "предприятие": 0.22599662808155407,
  "комитет": 0.22425051726856193,
  "союз": 0.22375162846484992,
  "часть": 0.2212571844462897,
  "образ": 0.2210077400444337,
  "связь": 0.22075829564257768,
  "внутренний": 0.21926162923144157,
  "группа": 0.21751551841844943,
  "оказаться": 0.21701662961473736,
  "министр": 0.21551996320360126,
  "поэтому": 0.21452218559617717,
  "выбор": 0.21452218559617717,
  "управление": 0.21377385239060911,
  "задача": 0.21277607478318503,
  "проводить": 0.21202774157761697,
  "общественный": 0.21202774157761697,
  "бизнес": 0.21202774157761697,
  "некоторый": 0.21177829717576097,
  "американский": 0.2112794083720489,
  "деньга": 0.20928385315720077,
  "путин": 0.20703885354049656,
  "создание": 0.20678940913864055,
  "начало": 0.2045444095219364,
  "против": 0.20429496512008036,
  "идея": 0.20180052110152016,
  "наука": 0.20180052110152016,
  "руководство": 0.20155107669966413,
  "качество": 0.20155107669966413,
  "борьба": 0.2013016322978081,
  "культура": 0.20005441028852802,
  "поддержка": 0.19955552148481598,
  "основа": 0.19880718827924793,
  "проект": 0.19631274426068773,
  "позиция": 0.19531496665326364,
  "пока": 0.19331941143841547,
  "принцип": 0.19282052263470345,
  "например": 0.19257107823284741,
  "крупный": 0.19157330062542333,
  "ряд": 0.18882941220500712,
  "орган": 0.187582190195727,
  "собственный": 0.18708330139201498,
  "иной": 0.1865844125883029,
  "многий": 0.18533719057902284,
  "центр": 0.18408996856974272,
  "единый": 0.18384052416788674,
  "региональный": 0.18384052416788674,
  "структура": 0.18284274656046265,
  "положение": 0.18184496895303856,
  "современный": 0.18009885814004642,
  "производство": 0.17785385852334223,
  "начать": 0.17785385852334223,
  "руководитель": 0.17660663651406214,
  "глава": 0.17535941450478204,
  "направление": 0.17286497048622182,
  "представитель": 0.1726155260843658,
  "рф": 0.17136830407508571,
  "действие": 0.1708694152713737,
  "реальный": 0.17037052646766163,
  "бюджет": 0.17012108206580565,
  "прежде": 0.16962219326209357,
  "период": 0.16937274886023754,
  "ссср": 0.16912330445838156,
  "газета": 0.16912330445838156,
  "понимать": 0.16887386005652552,
  "заниматься": 0.16862441565466949,
  "создать": 0.16538163843054124,
  "местный": 0.16438386082311718,
  "особенно": 0.16438386082311718,
  "изменение": 0.16288719441198102,
  "председатель": 0.16288719441198102,
  "оставаться": 0.1613905280008449,
  "вообще": 0.1613905280008449,
  "путь": 0.1608916391971329,
  "безопасность": 0.1608916391971329,
  "депутат": 0.16014330599156482,
  "информация": 0.15939497278599676,
  "известный": 0.15914552838414076,
  "член": 0.15814775077671667
}