{
  "межкомиссионный": 1.0,
  "турбоустановка": 0.918847340981236,
  "гвоздильный": 0.8894180923700782,
  "клеенаносить": 0.8850570523872424,
  "газоэлектросварщик": 0.8803368142463374,
  "сортопрокатный": 0.8756171713518734,
  "оцилиндровочный": 0.8743744290594551,
  "газосварщик": 0.872951459372314,
  "группа": 0.7397465273102153,
  "сила": 0.6891728945045343,
  "труд": 0.6596001770164667,
  "предприятие": 0.5443094378238549,
  "завод": 0.4860211830647649,
  "высокий": 0.47144911937499245,
  "часть": 0.45001961394885637,
  "тысяча": 0.4474480732977201,
  "партия": 0.44359076232101563,
  "производство": 0.4431621722124929,
  "организация": 0.4405906315613565,
  "советский": 0.4341617799335158,
  "проблема": 0.412303684398857,
  "условие": 0.4080177833136298,
  "число": 0.4028747020113571,
  "социальный": 0.3955886701664709,
  "власть": 0.3844453273448802,
  "уровень": 0.3835881471278348,
  "область": 0.36901608343806225,
  "отношение": 0.36001569115908516,
  "решение": 0.3553011999653352,
  "новое": 0.343300676926699,
  "оказаться": 0.3420149066011308,
  "общий": 0.3415863164926082,
  "необходимый": 0.3415863164926082,
  "однако": 0.3407291362755627,
  "создать": 0.33644323519033553,
  "результат": 0.3360146450818128,
  "главный": 0.33472887475624463,
  "класс": 0.33301451432215373,
  "деньга": 0.3313001538880629,
  "проект": 0.32787143301988114,
  "государственный": 0.32787143301988114,
  "развитие": 0.3274428429113584,
  "принять": 0.3270142528028357,
  "ряд": 0.3270142528028357,
  "машина": 0.31629950008976765,
  "стол": 0.31244218911306315,
  "именно": 0.31201359900454045,
  "экономический": 0.3094420583534041,
  "лишь": 0.3085848781363587,
  "государство": 0.3068705177022678,
  "совет": 0.3068705177022678,
  "правительство": 0.3055847473766996,
  "являться": 0.3055847473766996,
  "возможность": 0.3051561572681769,
  "процесс": 0.30344179683408606,
  "программа": 0.2987273056403361,
  "качество": 0.2987273056403361,
  "миллион": 0.29658435509772246,
  "рынок": 0.2910126836869271,
  "военный": 0.2875839628187454,
  "президент": 0.2875839628187454,
  "пока": 0.2871553727102226,
  "население": 0.2871553727102226,
  "компания": 0.28458383205908633,
  "создание": 0.28029793097385913,
  "например": 0.28029793097385913,
  "закон": 0.2794407507568137,
  "сегодня": 0.279012160648291,
  "начало": 0.2730118991289729,
  "трудовой": 0.27172612880340474,
  "начать": 0.2708689485863593,
  "важный": 0.27044035847783654,
  "экономика": 0.27001176836931384,
  "считать": 0.26958317826079115,
  "управление": 0.26958317826079115,
  "член": 0.2691545881522684,
  "положение": 0.2691545881522684,
  "право": 0.26829740793522294,
  "война": 0.2670116376096548,
  "средство": 0.2665830475011321,
  "образ": 0.2644400969585185,
  "некоторый": 0.26401150684999575,
  "деятельность": 0.26401150684999575,
  "находиться": 0.2627257365244276,
  "специалист": 0.2601541958732913,
  "народ": 0.2580112453306777,
  "кроме": 0.25543970467954136,
  "среди": 0.2550111145710186,
  "задача": 0.2550111145710186,
  "орган": 0.2545825244624959,
  "имя": 0.25372534424545046,
  "поэтому": 0.25329675413692776,
  "общество": 0.252868164028405,
  "месяц": 0.25201098381135956,
  "рубль": 0.249868033268746,
  "политический": 0.24901085305170054,
  "никто": 0.24472495196647334,
  "документ": 0.24472495196647334,
  "центр": 0.2438677717494279,
  "связь": 0.24129623109829157,
  "крестьянин": 0.24043905088124615,
  "семья": 0.24001046077272342,
  "особенно": 0.2395818706642007,
  "представитель": 0.2395818706642007,
  "нужно": 0.23872469044715525,
  "строительство": 0.2374389201215871,
  "руководитель": 0.2374389201215871,
  "первое": 0.2352959695789735,
  "движение": 0.2352959695789735,
  "давать": 0.23486737947045078,
  "помощь": 0.23401019925340533,
  "состояние": 0.2331530190363599,
  "полный": 0.23272442892783718,
  "решить": 0.23143865860226903,
  "остаться": 0.23015288827670086,
  "рост": 0.2297242981681781,
  "история": 0.2275813476255645,
  "вместе": 0.22715275751704178,
  "мера": 0.22500980697442818,
  "метр": 0.22500980697442818,
  "образование": 0.2232954465403373,
  "информация": 0.22158108610624644,
  "часы": 0.220723905889201,
  "материал": 0.21900954545511012,
  "служба": 0.21815236523806467,
  "счёт": 0.21558082458692834,
  "ситуация": 0.21558082458692834,
  "политика": 0.21558082458692834,
  "никакой": 0.21515223447840562,
  "земля": 0.21515223447840562,
  "разный": 0.21472364436988292,
  "форма": 0.2142950542613602,
  "школа": 0.21172351361022387,
  "количество": 0.21086633339317842,
  "крупный": 0.210009153176133,
  "цель": 0.210009153176133,
  "кабинет": 0.2082947927420421,
  "использовать": 0.2082947927420421,
  "около": 0.2082947927420421,
  "составлять": 0.2078662026335194,
  "найти": 0.2078662026335194,
  "московский": 0.20700902241647395,
  "зарплата": 0.20529466198238308,
  "отец": 0.20529466198238308,
  "оставаться": 0.2040088916568149,
  "сразу": 0.2040088916568149,
  "сотрудник": 0.20358030154829218,
  "подготовка": 0.20315171143976948,
  "писать": 0.202294531222724,
  "молодая": 0.202294531222724
}