{
  "группа": 1.0,
  "сила": 0.9316338354577057,
  "межкомиссионный": 0.9012095928192139,
  "труд": 0.891657010428737,
  "турбоустановка": 0.828074038028717,
  "гвоздильный": 0.8015521168708801,
  "предприятие": 0.7358053302433372,
  "завод": 0.657010428736964,
  "высокий": 0.6373117033603708,
  "часть": 0.608342989571263,
  "тысяча": 0.6048667439165701,
  "партия": 0.5996523754345308,
  "производство": 0.5990730011587485,
  "организация": 0.5955967555040557,
  "советский": 0.5869061413673233,
  "проблема": 0.5573580533024334,
  "условие": 0.5515643105446119,
  "число": 0.544611819235226,
  "социальный": 0.5347624565469293,
  "власть": 0.5196987253765932,
  "уровень": 0.518539976825029,
  "область": 0.49884125144843566,
  "отношение": 0.48667439165701043,
  "решение": 0.4803012746234067,
  "новое": 0.4640787949015064,
  "оказаться": 0.4623406720741599,
  "общий": 0.46176129779837777,
  "необходимый": 0.46176129779837777,
  "однако": 0.46060254924681343,
  "создать": 0.4548088064889919,
  "результат": 0.4542294322132097,
  "главный": 0.4524913093858633,
  "класс": 0.4501738122827346,
  "деньга": 0.447856315179606,
  "проект": 0.44322132097334876,
  "государственный": 0.44322132097334876,
  "развитие": 0.4426419466975666,
  "принять": 0.4420625724217845,
  "ряд": 0.4420625724217845,
  "машина": 0.4275782155272306,
  "стол": 0.4223638470451912,
  "именно": 0.42178447276940906,
  "экономический": 0.4183082271147161,
  "лишь": 0.4171494785631518,
  "государство": 0.4148319814600232,
  "совет": 0.4148319814600232,
  "правительство": 0.4130938586326767,
  "являться": 0.4130938586326767,
  "возможность": 0.41251448435689453,
  "процесс": 0.4101969872537659,
  "программа": 0.40382387022016225,
  "качество": 0.40382387022016225,
  "миллион": 0.40092699884125144,
  "рынок": 0.39339513325608344,
  "военный": 0.3887601390498262,
  "президент": 0.3887601390498262,
  "пока": 0.388180764774044,
  "население": 0.388180764774044,
  "компания": 0.3847045191193511,
  "создание": 0.37891077636152953,
  "например": 0.37891077636152953,
  "закон": 0.37775202780996525,
  "сегодня": 0.37717265353418306,
  "начало": 0.3690614136732329,
  "трудовой": 0.36732329084588644,
  "начать": 0.36616454229432216,
  "важный": 0.36558516801853996,
  "экономика": 0.3650057937427578,
  "считать": 0.3644264194669757,
  "управление": 0.3644264194669757,
  "член": 0.3638470451911935,
  "положение": 0.3638470451911935,
  "право": 0.3626882966396292,
  "война": 0.3609501738122827,
  "средство": 0.3603707995365006,
  "образ": 0.3574739281575898,
  "некоторый": 0.35689455388180763,
  "деятельность": 0.35689455388180763,
  "находиться": 0.3551564310544612,
  "специалист": 0.35168018539976825,
  "народ": 0.3487833140208575,
  "кроме": 0.34530706836616454,
  "среди": 0.3447276940903824,
  "задача": 0.3447276940903824,
  "орган": 0.34414831981460026,
  "имя": 0.3429895712630359,
  "поэтому": 0.3424101969872538,
  "общество": 0.34183082271147164,
  "месяц": 0.3406720741599073,
  "рубль": 0.33777520278099654,
  "политический": 0.3366164542294322,
  "никто": 0.3308227114716107,
  "документ": 0.3308227114716107,
  "центр": 0.32966396292004635,
  "связь": 0.3261877172653534,
  "крестьянин": 0.3250289687137891,
  "семья": 0.32444959443800697,
  "особенно": 0.3238702201622248,
  "представитель": 0.3238702201622248,
  "нужно": 0.3227114716106605
}