{
  "группа": 1.0,
  "сила": 0.9316338354577057,
  "межкомиссионный": 0.9012095928192139,
  "труд": 0.891657010428737,
  "прессовщик": 0.8843327760696411,
  "инструментальщик": 0.8830486536026001,
  "раскройщик": 0.8781839609146118,
  "холодильщик": 0.8772746324539185,
  "штамповщик": 0.8749837279319763,
  "механообрабатывающий": 0.8612560033798218,
  "деталировочный": 0.8596788048744202,
  "заготовочный": 0.8556910753250122,
  "прядильщик": 0.8550467491149902,
  "модельщик": 0.8516725301742554,
  "мерительный": 0.8492472171783447,
  "эксплуатационник": 0.8486274480819702,
  "нормировщик": 0.8472582101821899,
  "разрабочик": 0.844969630241394,
  "комплектовочный": 0.8411357402801514,
  "распиловочный": 0.8379685878753662,
  "прессовочный": 0.837265133857727,
  "мехобработка": 0.8325146436691284,
  "переводник": 0.8322785496711731,
  "монолитчик": 0.8288547396659851,
  "арматурщик": 0.8282778859138489,
  "квотировать": 0.8281358480453491,
  "турбоустановка": 0.828074038028717,
  "закалочный": 0.8280672430992126,
  "руководительский": 0.82185959815979,
  "вальцовщик": 0.8212904930114746,
  "автокрановщик": 0.8211439251899719,
  "бастующий": 0.8182977437973022,
  "волочильный": 0.8160116672515869,
  "подкатный": 0.8157007694244385,
  "верстачный": 0.8140157461166382,
  "педработник": 0.8122882843017578,
  "изолировщик": 0.8112197518348694,
  "гидромашина": 0.8106635212898254,
  "механизаторский": 0.8105570077896118,
  "комплектовщик": 0.8098978400230408,
  "батрацкий": 0.8081002831459045,
  "фрезеровочный": 0.8078939914703369,
  "низкоквалифицированный": 0.8069837093353271,
  "съемочный": 0.8064746856689453,
  "слесарная": 0.8047828078269958,
  "аккумуляторщик": 0.8044995069503784,
  "спецоценка": 0.802718460559845,
  "гвоздильный": 0.8015521168708801,
  "предприятие": 0.7358053302433372,
  "завод": 0.657010428736964,
  "высокий": 0.6373117033603708,
  "часть": 0.608342989571263,
  "тысяча": 0.6048667439165701,
  "партия": 0.5996523754345308,
  "производство": 0.5990730011587485,
  "организация": 0.5955967555040557,
  "советский": 0.5869061413673233,
  "проблема": 0.5573580533024334,
  "условие": 0.5515643105446119,
  "число": 0.544611819235226,
  "социальный": 0.5347624565469293,
  "власть": 0.5196987253765932,
  "уровень": 0.518539976825029,
  "область": 0.49884125144843566,
  "отношение": 0.48667439165701043,
  "решение": 0.4803012746234067,
  "новое": 0.4640787949015064,
  "оказаться": 0.4623406720741599,
  "общий": 0.46176129779837777,
  "необходимый": 0.46176129779837777,
  "однако": 0.46060254924681343,
  "создать": 0.4548088064889919,
  "результат": 0.4542294322132097,
  "главный": 0.4524913093858633,
  "класс": 0.4501738122827346,
  "деньга": 0.447856315179606,
  "проект": 0.44322132097334876,
  "государственный": 0.44322132097334876,
  "развитие": 0.4426419466975666,
  "принять": 0.4420625724217845,
  "ряд": 0.4420625724217845,
  "машина": 0.4275782155272306,
  "стол": 0.4223638470451912,
  "именно": 0.42178447276940906,
  "экономический": 0.4183082271147161,
  "лишь": 0.4171494785631518,
  "государство": 0.4148319814600232,
  "совет": 0.4148319814600232,
  "правительство": 0.4130938586326767,
  "являться": 0.4130938586326767,
  "возможность": 0.41251448435689453,
  "процесс": 0.4101969872537659,
  "программа": 0.40382387022016225,
  "качество": 0.40382387022016225,
  "миллион": 0.40092699884125144,
  "рынок": 0.39339513325608344,
  "военный": 0.3887601390498262,
  "президент": 0.3887601390498262,
  "пока": 0.388180764774044,
  "население": 0.388180764774044
}