{
  "омскрегион": 1.0,
  "тамбовщина": 0.9106776331350017,
  "южнороссийский": 0.8847908232187998,
  "суперрегиональный": 0.878763609535307,
  "область": 0.573846946588319,
  "развитие": 0.38475144973002967,
  "региональный": 0.35310689719456084,
  "федеральный": 0.3322678016224228,
  "власть": 0.3320748470337919,
  "проблема": 0.31760325288647384,
  "уровень": 0.31509484323427206,
  "компания": 0.26608437772202154,
  "экономический": 0.26454074101297426,
  "местный": 0.26068164924035614,
  "центр": 0.25855914876541614,
  "предприятие": 0.2543141478155362,
  "правительство": 0.25392823863827435,
  "рынок": 0.24080732661137266,
  "являться": 0.23945664449095627,
  "население": 0.23694823483875452,
  "бюджет": 0.2327032338888745,
  "закон": 0.2215118677482819,
  "федерация": 0.21938936727334193,
  "президент": 0.2186175489188183,
  "отношение": 0.21784573056429465,
  "решение": 0.21553027550072376,
  "территория": 0.2093557286645347,
  "ситуация": 0.20414595477150022,
  "число": 0.2014445905306675,
  "часть": 0.1991291354670966,
  "государство": 0.19874322628983482,
  "рубль": 0.19874322628983482,
  "организация": 0.19835731711257298,
  "условие": 0.19739254416941845,
  "однако": 0.19025322439007486,
  "проект": 0.18485049590840946,
  "государственный": 0.18446458673114763,
  "политический": 0.1838857229652549,
  "результат": 0.18195617707894585,
  "программа": 0.18060549495852948,
  "крупный": 0.17964072201537495,
  "тысяча": 0.17944776742674404,
  "производство": 0.1782900398949586,
  "сегодня": 0.17771117612906587,
  "миллион": 0.17674640318591134,
  "группа": 0.17578163024275678,
  "средство": 0.17539572106549497,
  "республика": 0.17172958388150775,
  "принять": 0.1684493558747823,
  "политика": 0.1678704921088896,
  "субъект": 0.1678704921088896,
  "социальный": 0.16690571916573504,
  "связь": 0.16632685539984235,
  "экономика": 0.1661339008112114,
  "высокий": 0.16516912786805688,
  "возможность": 0.16497617327942599,
  "деятельность": 0.16227480903859326,
  "рф": 0.15918753562049875,
  "процесс": 0.15841571726597511,
  "необходимый": 0.15725798973418967,
  "важный": 0.1535918525502024,
  "цена": 0.15185526125252427,
  "представитель": 0.15185526125252427,
  "интерес": 0.15185526125252427,
  "орган": 0.150311624543477,
  "например": 0.14896094242306065,
  "налог": 0.14896094242306065,
  "общий": 0.1483820786571679,
  "сила": 0.14799616947990613,
  "ряд": 0.14780321489127518,
  "миллиард": 0.14625957818222793,
  "финансовый": 0.1452948052390734,
  "глава": 0.1451018506504425,
  "считать": 0.1445229868845498,
  "край": 0.14375116853002615,
  "рост": 0.14375116853002615,
  "деньга": 0.1433652593527643,
  "создание": 0.14278639558687162,
  "структура": 0.14240048640960978,
  "партия": 0.14162866805508617,
  "пока": 0.14085684970056253,
  "совет": 0.13969912216877708,
  "московский": 0.1373836671052062,
  "лишь": 0.13699775792794439,
  "некоторый": 0.13641889416205166,
  "различный": 0.1352611666302662,
  "именно": 0.1350682120416353,
  "район": 0.1348752574530044,
  "депутат": 0.13429639368711166,
  "главный": 0.13391048450984985,
  "процент": 0.1331386661553262,
  "управление": 0.13063025650312443,
  "разный": 0.13043730191449351,
  "реформа": 0.12927957438270807,
  "качество": 0.12908661979407718,
  "задача": 0.12908661979407718,
  "показатель": 0.1248416188441972,
  "создать": 0.12445570966693538,
  "цель": 0.12426275507830448,
  "губернатор": 0.12387684590104266,
  "поэтому": 0.12310502754651902,
  "ресурс": 0.12252616378062631,
  "целое": 0.1223332091919954,
  "международный": 0.1223332091919954,
  "право": 0.12136843624884087,
  "сша": 0.12098252707157905,
  "новое": 0.11982479953979361,
  "составлять": 0.11905298118526997,
  "выбор": 0.11847411741937726,
  "кроме": 0.11828116283074633,
  "основный": 0.11693048071032999,
  "доход": 0.11673752612169908,
  "информация": 0.11673752612169908,
  "основа": 0.11557979858991364,
  "руководитель": 0.11519388941265182,
  "объём": 0.11480798023539,
  "около": 0.11442207105812818,
  "образ": 0.11422911646949728,
  "образование": 0.11422911646949728,
  "администрация": 0.11365025270360457,
  "услуга": 0.11268547976045003,
  "большинство": 0.11133479764003366,
  "продукция": 0.11114184305140277,
  "отрасль": 0.11056297928551002,
  "сеть": 0.11037002469687913,
  "военный": 0.10998411551961731,
  "оказаться": 0.1095982063423555,
  "помощь": 0.1095982063423555,
  "мнение": 0.10882638798783187,
  "национальный": 0.10882638798783187,
  "сфера": 0.10882638798783187,
  "многий": 0.10863343339920095,
  "поддержка": 0.10786161504467734,
  "положение": 0.10766866045604641,
  "бизнес": 0.1072827512787846,
  "единый": 0.1070897966901537,
  "наиболее": 0.1068968421015228,
  "мера": 0.1068968421015228,
  "участие": 0.1068968421015228,
  "северный": 0.10593206915836827,
  "счёт": 0.10554615998110645,
  "хозяйство": 0.10535320539247553,
  "центральный": 0.10342365950616646,
  "находиться": 0.10303775032890465,
  "восток": 0.1018800227971192,
  "строительство": 0.10168706820848829,
  "исследование": 0.10014343149944104,
  "оценка": 0.10014343149944104,
  "владимир": 0.0995645677335483,
  "бюджетный": 0.09937161314491741
}