{
  "страна": 1.0,
  "скфо": 0.9253921878483181,
  "апада": 0.9165801982259976,
  "регио": 0.9119823993030705,
  "город": 0.91060764275909,
  "омскрегион": 0.8932952248888315,
  "ерноземье": 0.8433125857962478,
  "верхневолжье": 0.8344961047036876,
  "приангарья": 0.8335048647205829,
  "ихоокеанский": 0.8250213024017083,
  "оренбуржье": 0.8245663806302871,
  "ерноземный": 0.8215174973014514,
  "егиональный": 0.817660790968075,
  "регионалист": 0.813905005221105,
  "риволжье": 0.8137009641445014,
  "тамбовщина": 0.8135039810925602,
  "россия": 0.8130730749375227,
  "прионежье": 0.8116957518391196,
  "северо": 0.8112983942168929,
  "населенный": 0.8059210043880748,
  "вологодчина": 0.8044665013316751,
  "брянщина": 0.7965765463857047,
  "приамурье": 0.7938891805798359,
  "регионалка": 0.7907642172448992,
  "южнороссийский": 0.7903794174068121,
  "инфраструктурно": 0.7893890940502869,
  "суперрегиональный": 0.7849953362039633,
  "среднесибирский": 0.7813198469453603,
  "агропредприятие": 0.7805284315565932,
  "регионалистика": 0.7799532483779376,
  "ресурсодобывающий": 0.7783228446809259,
  "область": 0.7689221058065727,
  "развитие": 0.5155449492193362,
  "региональный": 0.47314305770881915,
  "федеральный": 0.4452198608604298,
  "власть": 0.4449613127414632,
  "проблема": 0.4255702038189707,
  "уровень": 0.4222090782724052,
  "компания": 0.3565378560548971,
  "экономический": 0.35446947110316446,
  "местный": 0.3492985087238331,
  "центр": 0.3464544794152009,
  "предприятие": 0.3407664207979364,
  "правительство": 0.34024932456000323,
  "рынок": 0.32266805247027663,
  "являться": 0.32085821563751066,
  "население": 0.3174970900909453,
  "бюджет": 0.31180903147368083,
  "закон": 0.29681324057361985,
  "федерация": 0.2939692112649876,
  "президент": 0.29293501878912137,
  "отношение": 0.2919008263132551,
  "решение": 0.28879824888565625,
  "территория": 0.2805247090787261,
  "ситуация": 0.27354390986662874,
  "число": 0.2699242362010968,
  "часть": 0.266821658773498,
  "государство": 0.2663045625355649,
  "рубль": 0.2663045625355649,
  "организация": 0.2657874662976317,
  "условие": 0.26449472570279886,
  "однако": 0.25492844530103587,
  "проект": 0.24768909796997196,
  "государственный": 0.24717200173203885,
  "политический": 0.24639635737513912,
  "результат": 0.24381087618547345,
  "программа": 0.2420010393527075,
  "крупный": 0.24070829875787467,
  "тысяча": 0.24044975063890808,
  "производство": 0.23889846192510866,
  "сегодня": 0.23812281756820897,
  "миллион": 0.23683007697337613,
  "группа": 0.2355373363785433,
  "средство": 0.23502024014061015,
  "республика": 0.23010782588024536,
  "принять": 0.2257125078578137,
  "политика": 0.22493686350091402,
  "субъект": 0.22493686350091402,
  "социальный": 0.22364412290608118,
  "связь": 0.2228684785491815,
  "экономика": 0.2226099304302149,
  "высокий": 0.22131718983538207,
  "возможность": 0.22105864171641548,
  "деятельность": 0.21743896805088356,
  "рф": 0.21330219814741846,
  "процесс": 0.21226800567155218,
  "необходимый": 0.21071671695775276,
  "важный": 0.205804302697388,
  "цена": 0.2034773696266889,
  "представитель": 0.2034773696266889,
  "интерес": 0.2034773696266889,
  "орган": 0.20140898467495633,
  "например": 0.19959914784219038,
  "налог": 0.19959914784219038,
  "общий": 0.19882350348529065,
  "сила": 0.19830640724735754,
  "ряд": 0.19804785912839096,
  "миллиард": 0.19597947417665842,
  "финансовый": 0.1946867335818256,
  "глава": 0.194428185462859
}