{
  "омскрегион": 1.0,
  "тамбовщина": 0.9106776331350017,
  "южнороссийский": 0.8847908232187998,
  "суперрегиональный": 0.878763609535307,
  "область": 0.8607704198824787,
  "развитие": 0.5771271745950446,
  "региональный": 0.5296603457918413,
  "федеральный": 0.49840170243363424,
  "власть": 0.49811227055068785,
  "проблема": 0.4764048793297108,
  "уровень": 0.4726422648514081,
  "компания": 0.3991265665830323,
  "экономический": 0.3968111115194614,
  "местный": 0.3910224738605342,
  "центр": 0.38783872314812423,
  "предприятие": 0.3814712217233043,
  "правительство": 0.3808923579574115,
  "рынок": 0.36121098991705897,
  "являться": 0.3591849667364344,
  "население": 0.35542235225813174,
  "бюджет": 0.34905485083331184,
  "закон": 0.3322678016224228,
  "федерация": 0.32908405091001286,
  "президент": 0.3279263233782274,
  "отношение": 0.32676859584644197,
  "решение": 0.32329541325108563,
  "территория": 0.31403359299680206,
  "ситуация": 0.3062189321572503,
  "число": 0.30216688579600126,
  "часть": 0.2986937032006449,
  "государство": 0.2981148394347522,
  "рубль": 0.2981148394347522,
  "организация": 0.2975359756688595,
  "условие": 0.29608881625412764,
  "однако": 0.2853798365851123,
  "проект": 0.27727574386261417,
  "государственный": 0.27669688009672144,
  "политический": 0.27582858444788233,
  "результат": 0.2729342656184187,
  "программа": 0.2709082424377942,
  "крупный": 0.26946108302306243,
  "тысяча": 0.26917165114011604,
  "производство": 0.26743505984243787,
  "сегодня": 0.2665667641935988,
  "миллион": 0.26511960477886704,
  "группа": 0.2636724453641352,
  "средство": 0.2630935815982425,
  "республика": 0.2575943758222616,
  "принять": 0.25267403381217346,
  "политика": 0.2518057381633344,
  "субъект": 0.2518057381633344,
  "социальный": 0.25035857874860257,
  "связь": 0.2494902830997635,
  "экономика": 0.24920085121681712,
  "высокий": 0.2477536918020853,
  "возможность": 0.24746425991913895,
  "деятельность": 0.24341221355788992,
  "рф": 0.2387813034307481,
  "процесс": 0.23762357589896269,
  "необходимый": 0.2358869846012845,
  "важный": 0.23038777882530365,
  "цена": 0.2277828918787864,
  "представитель": 0.2277828918787864,
  "интерес": 0.2277828918787864,
  "орган": 0.22546743681521547,
  "например": 0.22344141363459097,
  "налог": 0.22344141363459097,
  "общий": 0.22257311798575186,
  "сила": 0.22199425421985916,
  "ряд": 0.2217048223369128,
  "миллиард": 0.21938936727334193,
  "финансовый": 0.21794220785861013,
  "глава": 0.21765277597566374,
  "считать": 0.21678448032682462,
  "край": 0.2156267527950392,
  "рост": 0.2156267527950392,
  "деньга": 0.21504788902914648,
  "создание": 0.2141795933803074,
  "структура": 0.21360072961441467,
  "партия": 0.21244300208262923,
  "пока": 0.21128527455084378,
  "совет": 0.2095486832531656,
  "московский": 0.2060755006578093,
  "лишь": 0.20549663689191655,
  "некоторый": 0.2046283412430775,
  "различный": 0.2028917499453993,
  "именно": 0.20260231806245294,
  "район": 0.2023128861795066,
  "депутат": 0.2014445905306675,
  "главный": 0.2008657267647748,
  "процент": 0.19970799923298935,
  "управление": 0.19594538475468665,
  "разный": 0.19565595287174029,
  "реформа": 0.19391936157406212,
  "качество": 0.19362992969111575,
  "задача": 0.19362992969111575,
  "показатель": 0.1872624282662958,
  "создать": 0.18668356450040308,
  "цель": 0.18639413261745671,
  "губернатор": 0.185815268851564
}