{
  "горковенко": 1.0,
  "бектурганов": 0.9652073737578243,
  "завсектором": 0.9613371210203978,
  "медпредставитель": 0.960517158475477,
  "президент": 0.5897071642680793,
  "власть": 0.5658599652508838,
  "организация": 0.5505296230255438,
  "предприятие": 0.5467822060371273,
  "область": 0.5443974861354078,
  "компания": 0.5423534405053624,
  "государственный": 0.5130554531413793,
  "орган": 0.47285588908382103,
  "правительство": 0.44423925026318634,
  "решение": 0.44287655317648944,
  "высокий": 0.4118751944541352,
  "советский": 0.41153452018246095,
  "управление": 0.4088091260090672,
  "группа": 0.4013142920322343,
  "проблема": 0.39858889785884044,
  "заместитель": 0.3945008065987498,
  "директор": 0.3897313667953107,
  "главный": 0.38019248718843246,
  "отношение": 0.3747416988416449,
  "партия": 0.3621367507896987,
  "совет": 0.3607740537030018,
  "однако": 0.345784385749336,
  "федеральный": 0.34339966584761644,
  "принять": 0.34169629448924527,
  "министр": 0.33352011196906395,
  "деятельность": 0.32977269498064754,
  "программа": 0.3232998838188373,
  "театр": 0.32125583818879194,
  "государство": 0.3164863983853528,
  "представитель": 0.3141016784836333,
  "служба": 0.31171695858191373,
  "политический": 0.31069493576689106,
  "глава": 0.30899156440851994,
  "александр": 0.30762886732182304,
  "председатель": 0.30762886732182304,
  "центр": 0.30660684450680037,
  "считать": 0.30354077606173235,
  "владимир": 0.3028594275183839,
  "являться": 0.29979335907331595,
  "имя": 0.2991120105299675,
  "развитие": 0.29263919936815724,
  "проект": 0.2919578508248088,
  "крупный": 0.29127650228146035,
  "именно": 0.28991380519476345,
  "число": 0.28310031976127903,
  "администрация": 0.2786715542295141,
  "закон": 0.276968182871143,
  "новое": 0.27492413724109765,
  "начальник": 0.27492413724109765,
  "уровень": 0.2701546974376586,
  "связь": 0.2660666061775679,
  "рф": 0.26572593190589366,
  "бывший": 0.2623191891891514,
  "средство": 0.26129716637412875,
  "член": 0.26095649210245453,
  "федерация": 0.2589124464724092,
  "ряд": 0.25550570375566695,
  "политика": 0.2551650294839928,
  "ситуация": 0.25448368094064433,
  "институт": 0.25414300666897005,
  "московский": 0.252439635310599,
  "деньга": 0.252439635310599,
  "право": 0.25175828676725054,
  "сотрудник": 0.2514176124955763,
  "оказаться": 0.25073626395222787,
  "качество": 0.2500549154088794,
  "специалист": 0.24937356686553097,
  "результат": 0.24937356686553097,
  "некоторый": 0.24664817269213718,
  "участие": 0.24528547560544028,
  "мнение": 0.24290075570372077,
  "сергей": 0.24187873288869807,
  "часть": 0.24153805861702388,
  "военный": 0.24119738434534962,
  "отдел": 0.23983468725865273,
  "лишь": 0.23881266444363008,
  "научный": 0.23642794454191052,
  "сегодня": 0.23642794454191052,
  "информация": 0.23540592172688787,
  "тысяча": 0.23370255036851673,
  "возможность": 0.2313178304667972,
  "необходимый": 0.23097715619512293,
  "миллион": 0.23063648192344874,
  "регион": 0.23063648192344874,
  "рынок": 0.23029580765177451,
  "пока": 0.22825176202172917,
  "сила": 0.22757041347838072,
  "встреча": 0.22654839066335802,
  "документ": 0.22620771639168383,
  "местный": 0.22382299648996426,
  "создать": 0.22177895085991892,
  "союз": 0.22007557950154782,
  "экономический": 0.2197349052298736,
  "важный": 0.2197349052298736,
  "интерес": 0.21871288241485093,
  "министерство": 0.21564681396978294,
  "начало": 0.21428411688308605,
  "условие": 0.21394344261141182,
  "структура": 0.21189939698136648,
  "комитет": 0.2105366998946696,
  "международный": 0.20985535135132116,
  "известный": 0.20951467707964694,
  "хозяйство": 0.20849265426462427,
  "общий": 0.20781130572127582,
  "например": 0.20678928290625315,
  "заявить": 0.20644860863457892,
  "решить": 0.2061079343629047,
  "должность": 0.20542658581955625,
  "поэтому": 0.20406388873285938,
  "производство": 0.20236051737448826,
  "наука": 0.1999757974727687,
  "департамент": 0.1999757974727687,
  "район": 0.19963512320109444,
  "ссср": 0.19963512320109444,
  "бизнес": 0.19929444892942022,
  "начать": 0.198953774657746,
  "многий": 0.19861310038607177,
  "рубль": 0.19554703194100378,
  "фирма": 0.19554703194100378,
  "многие": 0.1945250091259811,
  "создание": 0.1941843348543069,
  "финансовый": 0.1941843348543069,
  "мера": 0.19384366058263267,
  "рабочий": 0.19282163776761,
  "роль": 0.19214028922426155,
  "провести": 0.1911182664092389,
  "никто": 0.19043691786589045,
  "задача": 0.18941489505086778,
  "первое": 0.18907422077919356,
  "художественный": 0.1880521979641709,
  "кроме": 0.1880521979641709,
  "цель": 0.18771152369249666,
  "работник": 0.186689500877474,
  "война": 0.18634882660579977,
  "находиться": 0.18634882660579977,
  "история": 0.18464545524742867,
  "суд": 0.18430478097575445,
  "школа": 0.18192006107403488,
  "генеральный": 0.18192006107403488,
  "состав": 0.1808980382590122,
  "среди": 0.18021668971566376,
  "общество": 0.17953534117231532,
  "николай": 0.17851331835729267,
  "газета": 0.17817264408561845,
  "комиссия": 0.17749129554227,
  "народ": 0.1761285984555731
}