{
  "замруководителя": 1.0,
  "иректор": 0.9968163280295937,
  "редставитель": 0.9262226287120119,
  "редседатель": 0.9139428306033146,
  "учередитель": 0.9073300965831611,
  "комиссаренко": 0.9044887280076329,
  "содиректор": 0.8992842511132512,
  "заведующий": 0.8950566975354898,
  "юристконсульт": 0.8861254631436343,
  "горковенко": 0.8794869473993474,
  "финдиректор": 0.8774700375559964,
  "орищенко": 0.8759327790695431,
  "ачальник": 0.8723386397933307,
  "дударенко": 0.8600944538503429,
  "андросов": 0.8561565273390145,
  "саморуков": 0.8556080628910846,
  "баринов": 0.8542776146377872,
  "горланов": 0.8541162470119167,
  "комисаров": 0.8540193336963796,
  "отрудник": 0.8527781013373852,
  "турченко": 0.8520798617654435,
  "шильников": 0.8503038904807197,
  "белоглазов": 0.8498605004696355,
  "шалашов": 0.8498173763627218,
  "солоненко": 0.8489305963405532,
  "бектурганов": 0.8488872867536098,
  "сопредседательство": 0.848781006696571,
  "пересторонин": 0.8479899343697462,
  "акинин": 0.8473720076506802,
  "новожилова": 0.8472054465839772,
  "веретенникова": 0.8468726954106305,
  "удовенко": 0.8466610626967016,
  "меренков": 0.8459506741828121,
  "культорганизатор": 0.8456190358896438,
  "дмитриенко": 0.8454929094694232,
  "завсектором": 0.8454834499879067,
  "титенков": 0.8453042762791816,
  "медпредставитель": 0.8447623036322925,
  "судариков": 0.8439727151457057,
  "струков": 0.8438341615634928,
  "николенко": 0.8437120229639116,
  "тельнов": 0.8416957623006646,
  "петрук": 0.8415167740719692,
  "марченков": 0.8415160321518502,
  "легостаев": 0.8413711722486263,
  "круковский": 0.8411739142370019,
  "сокуренко": 0.8409366852789694,
  "лазуренко": 0.8408876258111042,
  "аместитель": 0.8407531527895454,
  "гордиенко": 0.8404419172996482,
  "президент": 0.777959630642488,
  "власть": 0.7464996802410009,
  "организация": 0.7262754264114735,
  "предприятие": 0.7213317199198112,
  "область": 0.7181857248796625,
  "компания": 0.7154891577023922,
  "государственный": 0.6768383614948509,
  "орган": 0.6238058736752012,
  "правительство": 0.5860539331934167,
  "решение": 0.5842562217419032,
  "высокий": 0.54335828621997,
  "советский": 0.5429088583570916,
  "управление": 0.5393134354540645,
  "группа": 0.5294260224707399,
  "проблема": 0.5258305995677128,
  "заместитель": 0.5204374652131722,
  "директор": 0.5141454751328748,
  "главный": 0.50156149497228,
  "отношение": 0.49437064916622575,
  "партия": 0.47774181823972545,
  "совет": 0.47594410678821186,
  "однако": 0.4561692808215629,
  "федеральный": 0.4530232857814141,
  "принять": 0.4507761464670222,
  "министр": 0.4399898777579409,
  "деятельность": 0.43504617126627865,
  "программа": 0.42650704187158933,
  "театр": 0.423810474694319,
  "государство": 0.4175184846140215,
  "представитель": 0.4143724895738729,
  "служба": 0.4112264945337241,
  "политический": 0.40987821094508897,
  "глава": 0.40763107163069706,
  "александр": 0.40583336017918353,
  "председатель": 0.40583336017918353,
  "центр": 0.4044850765905484,
  "считать": 0.40044022582464284,
  "владимир": 0.3995413700988861,
  "являться": 0.39549651933298063,
  "имя": 0.3945976636072238,
  "развитие": 0.3860585342125345,
  "проект": 0.38515967848677773,
  "крупный": 0.3842608227610209,
  "именно": 0.3824631113095074,
  "число": 0.37347455405193963,
  "администрация": 0.3676319918345206,
  "закон": 0.36538485252012864,
  "новое": 0.36268828534285835,
  "начальник": 0.36268828534285835,
  "уровень": 0.3563962952625609
}