{
  "горковенко": 1.0,
  "бектурганов": 0.9652073737578243,
  "завсектором": 0.9613371210203978,
  "медпредставитель": 0.960517158475477,
  "президент": 0.8845607464021191,
  "власть": 0.8487899478763258,
  "организация": 0.8257944345383157,
  "предприятие": 0.820173309055691,
  "область": 0.8165962292031117,
  "компания": 0.8135301607580437,
  "государственный": 0.7695831797120689,
  "орган": 0.7092838336257316,
  "правительство": 0.6663588753947794,
  "решение": 0.6643148297647341,
  "высокий": 0.6178127916812027,
  "советский": 0.6173017802736914,
  "управление": 0.6132136890136007,
  "группа": 0.6019714380483514,
  "проблема": 0.5978833467882607,
  "заместитель": 0.5917512098981247,
  "директор": 0.584597050192966,
  "главный": 0.5702887307826487,
  "отношение": 0.5621125482624674,
  "партия": 0.543205126184548,
  "совет": 0.5411610805545026,
  "однако": 0.518676578624004,
  "федеральный": 0.5150994987714246,
  "принять": 0.5125444417338679,
  "министр": 0.5002801679535959,
  "деятельность": 0.49465904247097126,
  "программа": 0.4849498257282559,
  "театр": 0.48188375728318794,
  "государство": 0.4747295975780292,
  "представитель": 0.4711525177254499,
  "служба": 0.46757543787287054,
  "политический": 0.46604240365033656,
  "глава": 0.4634873466127799,
  "александр": 0.4614433009827346,
  "председатель": 0.4614433009827346,
  "центр": 0.45991026676020064,
  "считать": 0.45531116409259853,
  "владимир": 0.45428914127757586,
  "являться": 0.44969003860997386,
  "имя": 0.4486680157949512,
  "развитие": 0.43895879905223584,
  "проект": 0.4379367762372132,
  "крупный": 0.43691475342219055,
  "именно": 0.4348707077921452,
  "число": 0.42465047964191854,
  "администрация": 0.41800733134427115,
  "закон": 0.4154522743067145,
  "новое": 0.41238620586164654,
  "начальник": 0.41238620586164654,
  "уровень": 0.40523204615648784,
  "связь": 0.3990999092663518,
  "рф": 0.39858889785884044,
  "бывший": 0.39347878378372714,
  "средство": 0.39194574956119316,
  "член": 0.3914347381536818,
  "федерация": 0.3883686697086138,
  "ряд": 0.3832585556335005,
  "политика": 0.3827475442259891,
  "ситуация": 0.3817255214109665,
  "институт": 0.38121451000345513,
  "московский": 0.3786594529658985,
  "деньга": 0.3786594529658985,
  "право": 0.3776374301508758,
  "сотрудник": 0.37712641874336444,
  "оказаться": 0.3761043959283418,
  "качество": 0.37508237311331916,
  "специалист": 0.37406035029829643,
  "результат": 0.37406035029829643,
  "некоторый": 0.3699722590382058,
  "участие": 0.36792821340816045,
  "мнение": 0.36435113355558113,
  "сергей": 0.36281809933304715,
  "часть": 0.3623070879255358,
  "военный": 0.3617960765180244,
  "отдел": 0.3597520308879791,
  "лишь": 0.3582189966654451,
  "научный": 0.3546419168128658,
  "сегодня": 0.3546419168128658,
  "информация": 0.35310888259033174,
  "тысяча": 0.3505538255527751,
  "возможность": 0.34697674570019577,
  "необходимый": 0.34646573429268446,
  "миллион": 0.3459547228851731,
  "регион": 0.3459547228851731,
  "рынок": 0.34544371147766173,
  "пока": 0.3423776430325937,
  "сила": 0.3413556202175711,
  "встреча": 0.3398225859950371,
  "документ": 0.33931157458752575,
  "местный": 0.33573449473494643,
  "создать": 0.3326684262898784,
  "союз": 0.3301133692523217,
  "экономический": 0.3296023578448104,
  "важный": 0.3296023578448104,
  "интерес": 0.32806932362227637,
  "министерство": 0.3234702209546744
}