{
  "когалымавиа": 1.0,
  "полёт": 0.74153689974826,
  "машина": 0.6970788842368346,
  "авиация": 0.5842239217847551,
  "военный": 0.56313486314472,
  "воздушный": 0.5010076363402924,
  "война": 0.49245801797271066,
  "советский": 0.4844783741629677,
  "лётчик": 0.47421883212186955,
  "американский": 0.45996946817589984,
  "боев": 0.4354605621888321,
  "летать": 0.4257709947055728,
  "двигатель": 0.4212111982428625,
  "истребитель": 0.4183613254536686,
  "лететь": 0.4155114526644746,
  "ракета": 0.4103816816439255,
  "сша": 0.4075318088547316,
  "авиационный": 0.3824529283098251,
  "сила": 0.377323157289276,
  "часть": 0.37333333538440455,
  "аэропорт": 0.3716234117108882,
  "однако": 0.3647837170168227,
  "высота": 0.36136386966979,
  "цель": 0.3579440223227573,
  "оказаться": 0.35053435307085307,
  "ввс": 0.3488244293973367,
  "аэродром": 0.3459745566081428,
  "земля": 0.345404582050304,
  "воздух": 0.34369465837678764,
  "тысяча": 0.3414147601454325,
  "средство": 0.3345750654513671,
  "пилот": 0.33115521810433435,
  "вертолёт": 0.32032570150539746,
  "находиться": 0.31690585415836475,
  "метр": 0.31690585415836475,
  "компания": 0.31633587960052595,
  "высокий": 0.31006615946429933,
  "управление": 0.3083562357907829,
  "километр": 0.305506363001589,
  "действие": 0.30436641388591146,
  "группа": 0.30151654109671755,
  "крыло": 0.2929669227291357,
  "возможность": 0.2906870244977806,
  "число": 0.28669720259290915,
  "небо": 0.2832773552458764,
  "ряд": 0.2827073806880376,
  "имя": 0.27700763510964976,
  "новое": 0.2747277368782946,
  "техника": 0.2747277368782946,
  "посадка": 0.273587787762617,
  "скорость": 0.26959796585774554,
  "начать": 0.26674809306855163,
  "пассажир": 0.2656081439528741,
  "никто": 0.2656081439528741,
  "пока": 0.2593384238166474,
  "вооружение": 0.25819847470096985,
  "тип": 0.25420865279609833,
  "корабль": 0.252498729122582,
  "производство": 0.2519287545647432,
  "сразу": 0.24907888177554927,
  "около": 0.24850890721771046,
  "экипаж": 0.24679898354419413,
  "взять": 0.24451908531283897,
  "лишь": 0.24451908531283897,
  "остаться": 0.24337913619716142,
  "боевой": 0.24223918708148384,
  "состав": 0.24109923796580623,
  "часы": 0.23824936517661233,
  "вместе": 0.23653944150309597,
  "кроме": 0.23425954327174084,
  "главный": 0.23083969592470815,
  "начало": 0.23083969592470815,
  "деньга": 0.23083969592470815,
  "армия": 0.23026972136686932,
  "создать": 0.23026972136686932,
  "президент": 0.22912977225119174,
  "решение": 0.2268498740198366,
  "войско": 0.22627989946199784,
  "принять": 0.2240000012306427,
  "программа": 0.2240000012306427,
  "четыре": 0.2240000012306427,
  "решить": 0.22286005211496512,
  "именно": 0.22229007755712635,
  "сидеть": 0.2188702302100936,
  "условие": 0.2188702302100936,
  "час": 0.21659033197873848,
  "оружие": 0.2160203574208997,
  "пво": 0.2160203574208997,
  "выйти": 0.2154503828630609,
  "задача": 0.2154503828630609,
  "создание": 0.21488040830522212,
  "пять": 0.21431043374738334,
  "авиакомпания": 0.21317048463170576,
  "минута": 0.21089058640035063,
  "борт": 0.21089058640035063,
  "завод": 0.21032061184251186,
  "огромный": 0.2091806627268343,
  "удар": 0.2091806627268343,
  "доллар": 0.2086106881689955,
  "поэтому": 0.20804071361115672
}