{
  "вертолет": 1.0,
  "гидросамолет": 0.894748745377472,
  "аэромобиль": 0.8642978484505253,
  "аэротакси": 0.8545732315537014,
  "авиакон": 0.8538634445354385,
  "беспилотник": 0.8314993425468513,
  "когалымавиа": 0.8065734477339364,
  "армавиа": 0.8053267038061268,
  "бпло": 0.8034161610696757,
  "донавиа": 0.8033702441596043,
  "дельталет": 0.802304173290989,
  "авиакорпуса": 0.8012406692061665,
  "летчик": 0.7949772889544021,
  "аэрокар": 0.7943317428305094,
  "полет": 0.7929854647311786,
  "авианов": 0.7852610854044545,
  "эйрбас": 0.7842176164931259,
  "аэроузел": 0.7802507947404318,
  "авиацентр": 0.7769402140441005,
  "ижавиа": 0.7768416780662764,
  "авиаразведка": 0.7734151643019695,
  "авиакассы": 0.7720426479683122,
  "комиавиатранс": 0.769415687355467,
  "авиамеханик": 0.7657093228581936,
  "авиаклуб": 0.7654204170824025,
  "полёт": 0.5981039738518883,
  "машина": 0.5622453190014292,
  "авиация": 0.47121950284257147,
  "военный": 0.4542096281058152,
  "воздушный": 0.4040994565840198,
  "война": 0.39720356142047003,
  "советский": 0.3907673926011569,
  "лётчик": 0.38249231840489706,
  "американский": 0.3709991597989806,
  "боев": 0.35123092699680447,
  "летать": 0.3434155791447814,
  "двигатель": 0.33973776839088815,
  "истребитель": 0.3374391366697049,
  "лететь": 0.33514050494852154,
  "ракета": 0.3310029678503917,
  "сша": 0.3287043361292084,
  "авиационный": 0.30847637698279556,
  "сила": 0.3043388398846657,
  "часть": 0.3011207554750091,
  "аэропорт": 0.29974157644229915,
  "однако": 0.2942248603114593,
  "высота": 0.2914665022460393,
  "цель": 0.2887081441806194,
  "оказаться": 0.2827317017055429,
  "ввс": 0.28135252267283295,
  "аэродром": 0.2790538909516497,
  "земля": 0.278594164607413,
  "воздух": 0.27721498557470303,
  "тысяча": 0.2753760801977564,
  "средство": 0.2698593640669166,
  "пилот": 0.2671010060014966,
  "вертолёт": 0.2583662054610002,
  "находиться": 0.25560784739558023,
  "метр": 0.25560784739558023,
  "компания": 0.2551481210513436,
  "высокий": 0.2500911312647404,
  "управление": 0.2487119522320304,
  "километр": 0.24641332051084713,
  "действие": 0.24549386782237384,
  "группа": 0.24319523610119057,
  "крыло": 0.23629934093764074,
  "возможность": 0.23446043556069412,
  "число": 0.23124235115103753,
  "небо": 0.2284839930856176,
  "ряд": 0.22802426674138093,
  "имя": 0.2234270032990144,
  "новое": 0.22158809792206774,
  "техника": 0.22158809792206774,
  "посадка": 0.22066864523359445,
  "скорость": 0.21745056082393788,
  "начать": 0.2151519291027546,
  "пассажир": 0.2142324764142813,
  "никто": 0.2142324764142813,
  "пока": 0.20917548662767807,
  "вооружение": 0.20825603393920478,
  "тип": 0.20503794952954818,
  "корабль": 0.2036587704968382,
  "производство": 0.20319904415260154,
  "сразу": 0.2009004124314183,
  "около": 0.20044068608718163,
  "экипаж": 0.19906150705447168,
  "взять": 0.19722260167752506,
  "лишь": 0.19722260167752506,
  "остаться": 0.19630314898905174,
  "боевой": 0.19538369630057845,
  "состав": 0.1944642436121051,
  "часы": 0.19216561189092182,
  "вместе": 0.19078643285821187,
  "кроме": 0.18894752748126525,
  "главный": 0.18618916941584535,
  "начало": 0.18618916941584535,
  "деньга": 0.18618916941584535,
  "армия": 0.18572944307160866,
  "создать": 0.18572944307160866,
  "президент": 0.18480999038313534
}