{
  "когалымавиа": 1.0,
  "полёт": 0.4943579331655066,
  "машина": 0.4647192561578898,
  "авиация": 0.3894826145231701,
  "военный": 0.37542324209648004,
  "воздушный": 0.3340050908935283,
  "война": 0.32830534531514044,
  "советский": 0.32298558277531175,
  "лётчик": 0.31614588808124633,
  "американский": 0.30664631211726656,
  "боев": 0.2903070414592214,
  "летать": 0.2838473298037152,
  "двигатель": 0.28080746549524166,
  "истребитель": 0.2789075503024457,
  "лететь": 0.27700763510964976,
  "ракета": 0.273587787762617,
  "сша": 0.27168787256982113,
  "авиационный": 0.2549686188732167,
  "сила": 0.251548771526184,
  "часть": 0.24888889025626965,
  "аэропорт": 0.24774894114059207,
  "однако": 0.2431891446778818,
  "высота": 0.24090924644652667,
  "цель": 0.23862934821517154,
  "оказаться": 0.23368956871390206,
  "ввс": 0.23254961959822448,
  "аэродром": 0.23064970440542854,
  "земля": 0.23026972136686932,
  "воздух": 0.22912977225119174,
  "тысяча": 0.227609840096955,
  "средство": 0.22305004363424474,
  "пилот": 0.22077014540288956,
  "вертолёт": 0.21355046767026495,
  "находиться": 0.21127056943890982,
  "метр": 0.21127056943890982,
  "компания": 0.21089058640035063,
  "высокий": 0.20671077297619955,
  "управление": 0.20557082386052197,
  "километр": 0.20367090866772602,
  "действие": 0.20291094259060763,
  "группа": 0.20101102739781168,
  "крыло": 0.19531128181942384,
  "возможность": 0.19379134966518705,
  "число": 0.19113146839527276,
  "небо": 0.18885157016391757,
  "ряд": 0.1884715871253584,
  "имя": 0.1846717567397665,
  "новое": 0.18315182458552973,
  "техника": 0.18315182458552973,
  "посадка": 0.18239185850841136,
  "скорость": 0.17973197723849701,
  "начать": 0.1778320620457011,
  "пассажир": 0.1770720959685827,
  "никто": 0.1770720959685827,
  "пока": 0.1728922825444316,
  "вооружение": 0.17213231646731322,
  "тип": 0.1694724351973989,
  "корабль": 0.1683324860817213,
  "производство": 0.16795250304316214,
  "сразу": 0.16605258785036617,
  "около": 0.16567260481180698,
  "экипаж": 0.1645326556961294,
  "взять": 0.16301272354189264,
  "лишь": 0.16301272354189264,
  "остаться": 0.16225275746477427,
  "боевой": 0.16149279138765588,
  "состав": 0.1607328253105375,
  "часы": 0.15883291011774156,
  "вместе": 0.15769296100206398,
  "кроме": 0.15617302884782722,
  "главный": 0.15389313061647208,
  "начало": 0.15389313061647208,
  "деньга": 0.15389313061647208,
  "армия": 0.1535131475779129,
  "создать": 0.1535131475779129,
  "президент": 0.1527531815007945,
  "решение": 0.15123324934655774,
  "войско": 0.15085326630799856,
  "принять": 0.14933333415376182,
  "программа": 0.14933333415376182,
  "четыре": 0.14933333415376182,
  "решить": 0.14857336807664343,
  "именно": 0.1481933850380842,
  "сидеть": 0.14591348680672908,
  "условие": 0.14591348680672908,
  "час": 0.14439355465249232,
  "оружие": 0.14401357161393313,
  "пво": 0.14401357161393313,
  "выйти": 0.14363358857537395,
  "задача": 0.14363358857537395,
  "создание": 0.14325360553681477,
  "пять": 0.14287362249825555,
  "авиакомпания": 0.14211365642113719,
  "минута": 0.14059372426690042,
  "борт": 0.14059372426690042,
  "завод": 0.14021374122834124,
  "огромный": 0.13945377515122284,
  "удар": 0.13945377515122284,
  "доллар": 0.13907379211266366,
  "поэтому": 0.13869380907410447,
  "из-за": 0.1379338429969861,
  "результат": 0.1375538599584269,
  "связь": 0.1367938938813085,
  "помощь": 0.13603392780419013,
  "некоторый": 0.13565394476563095,
  "фирма": 0.13489397868851258,
  "противник": 0.13451399564995337,
  "танк": 0.13413401261139418,
  "проект": 0.1329940634957166,
  "миллион": 0.13223409741859823,
  "являться": 0.13185411438003905,
  "сбить": 0.13109414830292065,
  "момент": 0.1299541991872431,
  "рейс": 0.1291942331101247,
  "например": 0.1291942331101247,
  "сегодня": 0.12881425007156552,
  "увидеть": 0.12881425007156552,
  "район": 0.12881425007156552,
  "проблема": 0.12767430095588794,
  "провести": 0.12767430095588794,
  "операция": 0.12729431791732876,
  "немецкий": 0.12729431791732876,
  "общий": 0.12729431791732876,
  "использовать": 0.1261543688016512,
  "ещё": 0.1253944027245328,
  "первое": 0.1253944027245328,
  "комплекс": 0.1253944027245328,
  "гражданский": 0.12501441968597363,
  "найти": 0.12463443664741443,
  "лётный": 0.12349448753173686,
  "поезд": 0.12273452145461847,
  "дорога": 0.12235453841605928,
  "качество": 0.1219745553775001,
  "испытание": 0.1215945723389409,
  "смочь": 0.1215945723389409,
  "считать": 0.1212145893003817,
  "полный": 0.12083460626182253,
  "мировой": 0.12083460626182253,
  "давать": 0.12007464018470414,
  "современный": 0.12007464018470414,
  "ильюшин": 0.11969465714614495,
  "прийтись": 0.11855470803046739,
  "появиться": 0.11817472499190819,
  "бомбардировщик": 0.11817472499190819,
  "пора": 0.11741475891478981,
  "ждать": 0.11741475891478981,
  "кабина": 0.11703477587623062,
  "правда": 0.11627480979911224,
  "маленький": 0.11513486068343466,
  "месяц": 0.11513486068343466
}