{
  "военный": 1.0,
  "госветслужба": 0.9957892894744873,
  "государственный": 0.9855525185474424,
  "фотослужба": 0.9400209188461304,
  "техсредство": 0.8885961174964905,
  "федеральный": 0.6423272159312768,
  "армия": 0.6126513080827801,
  "орган": 0.5771183131589223,
  "часть": 0.5708707536118703,
  "безопасность": 0.540804373291683,
  "организация": 0.5060523233112065,
  "начальник": 0.5037094884810621,
  "управление": 0.5025380710659898,
  "срок": 0.4806716126513081,
  "закон": 0.46388129636860603,
  "сила": 0.4470909800859039,
  "высокий": 0.4349863334634908,
  "тысяча": 0.42522452167122216,
  "однако": 0.4135103475204998,
  "деятельность": 0.4092151503319016,
  "власть": 0.39281530652089025,
  "президент": 0.39086294416243655,
  "область": 0.3873486919172198,
  "число": 0.37992971495509564,
  "являться": 0.373291682936353,
  "главный": 0.3693869582194455,
  "право": 0.36548223350253806,
  "проблема": 0.36431081608746585,
  "федерация": 0.3580632565404139,
  "сотрудник": 0.3557204217102694,
  "отношение": 0.3537680593518157,
  "решение": 0.3494728621632175,
  "связь": 0.34634908238969153,
  "война": 0.34517766497461927,
  "информация": 0.3428348301444748,
  "принять": 0.3416634127294026,
  "гражданин": 0.3307301835220617,
  "предприятие": 0.3299492385786802,
  "отец": 0.3291682936352987,
  "находиться": 0.32682545880515423,
  "руководитель": 0.32604451386177274,
  "средство": 0.32565404139008197,
  "состав": 0.32526356891839125,
  "деньга": 0.3248730964467005,
  "государство": 0.32448262397500977,
  "лишь": 0.3221397891448653,
  "именно": 0.3158922295978134,
  "гражданский": 0.31237797735259665,
  "офицер": 0.3076923076923077,
  "оказаться": 0.3069113627489262,
  "условие": 0.30573994533385396,
  "необходимый": 0.304178055447091,
  "рф": 0.3030066380320187,
  "возможность": 0.30144474814525574,
  "помощь": 0.29988285825849276,
  "общий": 0.29871144084342055,
  "компания": 0.29793049590003906,
  "правительство": 0.29441624365482233,
  "месяц": 0.29246388129636863,
  "командир": 0.29129246388129637,
  "имя": 0.2893401015228426,
  "документ": 0.2893401015228426,
  "качество": 0.28777821163607964,
  "внутренний": 0.28426395939086296,
  "порядок": 0.2827020695041,
  "никто": 0.27957828973057397,
  "советский": 0.27918781725888325,
  "министерство": 0.276454509957048,
  "считать": 0.27411167512690354,
  "ряд": 0.27294025771183134,
  "результат": 0.27215931276844985,
  "группа": 0.2717688402967591,
  "пока": 0.2702069504099961,
  "кроме": 0.2702069504099961,
  "войско": 0.2698164779383054,
  "сегодня": 0.2686450605232331,
  "структура": 0.2659117532213979,
  "центр": 0.2627879734478719,
  "программа": 0.25927372120265524,
  "создать": 0.25888324873096447,
  "должность": 0.25536899648574773,
  "образование": 0.254978524014057,
  "задача": 0.25341663412729404,
  "александр": 0.2522452167122218,
  "московский": 0.25185474424053106,
  "некоторый": 0.2514642717688403,
  "корабль": 0.2514642717688403,
  "личный": 0.2499023818820773,
  "например": 0.24951190941038656,
  "новое": 0.24951190941038656,
  "специалист": 0.24873096446700507,
  "министр": 0.24755954705193284,
  "действие": 0.2471690745802421,
  "уровень": 0.24599765716516986,
  "охрана": 0.2456071846934791,
  "начать": 0.24521671222178837,
  "проходить": 0.24521671222178837,
  "поэтому": 0.24482623975009762,
  "машина": 0.24326434986333464,
  "цель": 0.2420929324482624
}