{
  "пресслужба": 1.0,
  "отслуживать": 0.919279924421431,
  "военный": 0.8880532674773324,
  "госветслужба": 0.8843139322367496,
  "государственный": 0.8752231343665704,
  "гидрометслужба": 0.8674571228820809,
  "госпогранслужба": 0.8497871176820314,
  "ветслужба": 0.8417139667908242,
  "диспетчерская": 0.8394551423746441,
  "фотослужба": 0.8347886484783503,
  "радиослужба": 0.8263022566859594,
  "военослужащий": 0.8020316716041729,
  "техсредство": 0.7891206856104299,
  "офпс": 0.7885823661580104,
  "погранвойска": 0.7804831726738248,
  "прикомандировывать": 0.7797754705028465,
  "гослекслужба": 0.7727800700905689,
  "погрануправление": 0.7713225317973709,
  "госпогранкомитет": 0.7705132529273568,
  "отрудник": 0.7636211230413006,
  "дослуживаться": 0.7612851236239772,
  "администраци": 0.7612239870489973,
  "фгку": 0.7611387663687225,
  "инспекторат": 0.7574890451726772,
  "госавтодорнадзор": 0.7564588806512427,
  "госавиаслужба": 0.7546042457472234,
  "цукс": 0.7520112609865865,
  "выслуживать": 0.7507639160607,
  "гостаможслужба": 0.7479485635498553,
  "горрайотдел": 0.7448762786277967,
  "госсанэпидслужба": 0.7443468517681016,
  "дезслужба": 0.7434929511381672,
  "госспецсвязь": 0.7401614047925147,
  "наркоконтроль": 0.7384735589341762,
  "умвд": 0.7369242363803591,
  "авиалесоохрана": 0.7319118312135086,
  "гровд": 0.7288039759205527,
  "госалкогольинспекция": 0.7285237533855371,
  "госдоходы": 0.7285226418114465,
  "админстрация": 0.728043553378423,
  "дкнб": 0.7277007121696402,
  "федеральный": 0.5704207828973884,
  "армия": 0.5440669959671747,
  "орган": 0.5125118037217873,
  "часть": 0.5069636380522686,
  "безопасность": 0.48026309076771,
  "организация": 0.44940141923101234,
  "начальник": 0.4473208571049429,
  "управление": 0.4462805760419081,
  "срок": 0.4268619961985928,
  "закон": 0.41195130096176136,
  "сила": 0.3970406057249299,
  "высокий": 0.38629103474023746,
  "тысяча": 0.37762202588161453,
  "однако": 0.36721921525126705,
  "деятельность": 0.36340485135347295,
  "власть": 0.3488409164709865,
  "президент": 0.34710711469926187,
  "область": 0.34398627151015765,
  "число": 0.3373978247776042,
  "являться": 0.3315028987537406,
  "главный": 0.32803529521029146,
  "право": 0.3245676916668423,
  "проблема": 0.3235274106038075,
  "федерация": 0.31797924493428886,
  "сотрудник": 0.31589868280821937,
  "отношение": 0.3141648810364948,
  "решение": 0.3103505171387007,
  "связь": 0.3075764343039414,
  "война": 0.3065361532409066,
  "информация": 0.3044555911148371,
  "принять": 0.3034153100518024,
  "гражданин": 0.2937060201301447,
  "предприятие": 0.29301249942145485,
  "отец": 0.292318978712765,
  "находиться": 0.2902384165866955,
  "руководитель": 0.2895448958780057,
  "средство": 0.28919813552366075,
  "состав": 0.28885137516931586,
  "деньга": 0.2885046148149709,
  "государство": 0.28815785446062603,
  "лишь": 0.28607729233455653,
  "именно": 0.2805291266650379,
  "гражданский": 0.2774082834759336,
  "офицер": 0.2732471592237946,
  "оказаться": 0.2725536385151048,
  "условие": 0.27151335745207,
  "необходимый": 0.27012631603469034,
  "рф": 0.26908603497165556,
  "возможность": 0.2676989935542759,
  "помощь": 0.26631195213689624,
  "общий": 0.2652716710738615,
  "компания": 0.2645781503651717,
  "правительство": 0.2614573071760674,
  "месяц": 0.25972350540434286,
  "командир": 0.2586832243413081,
  "имя": 0.2569494225695835,
  "документ": 0.2569494225695835,
  "качество": 0.2555623811522038,
  "внутренний": 0.2524415379630996
}