{
  "госветслужба": 1.0,
  "фотослужба": 0.9439958119475378,
  "техсредство": 0.892353560024163,
  "райуправление": 0.8087088123164944,
  "услугодатель": 0.8082069738783036,
  "госгорпромнадзор": 0.8047412718779172,
  "госветфитослужба": 0.8013793613674906,
  "военный": 0.6694856770537168,
  "государственный": 0.6598132951517303,
  "федеральный": 0.4300288710477798,
  "армия": 0.4101612757896453,
  "орган": 0.3863724446253,
  "часть": 0.38218979299200856,
  "безопасность": 0.3620607820067933,
  "организация": 0.3387947822966095,
  "начальник": 0.3372262879341252,
  "управление": 0.33644204075288303,
  "срок": 0.3218027600363629,
  "закон": 0.31056188377189203,
  "сила": 0.2993210075074212,
  "высокий": 0.291217119967919,
  "тысяча": 0.28468172679090104,
  "однако": 0.2768392549784795,
  "деятельность": 0.2739636819805916,
  "власть": 0.2629842214432015,
  "президент": 0.2616771428077979,
  "область": 0.2593244012640714,
  "число": 0.2543575024495378,
  "являться": 0.24991343508916564,
  "главный": 0.24729927781835848,
  "право": 0.24468512054755132,
  "проблема": 0.24390087336630917,
  "федерация": 0.23971822173301766,
  "сотрудник": 0.23814972737053336,
  "отношение": 0.23684264873512978,
  "решение": 0.2339670757372419,
  "связь": 0.23187574992059617,
  "война": 0.231091502739354,
  "информация": 0.2295230083768697,
  "принять": 0.22873876119562755,
  "гражданин": 0.22141912083736748,
  "предприятие": 0.22089628938320605,
  "отец": 0.2203734579290446,
  "находиться": 0.2188049635665603,
  "руководитель": 0.21828213211239886,
  "средство": 0.21802071638531814,
  "состав": 0.21775930065823743,
  "деньга": 0.2174978849311567,
  "государство": 0.217236469204076,
  "лишь": 0.2156679748415917,
  "именно": 0.2114853232083002,
  "гражданский": 0.20913258166457377,
  "офицер": 0.20599559293960515,
  "оказаться": 0.20547276148544372,
  "условие": 0.20468851430420157,
  "необходимый": 0.2036428513958787,
  "рф": 0.20285860421463656,
  "возможность": 0.2018129413063137,
  "помощь": 0.2007672783979908,
  "общий": 0.19998303121674865,
  "компания": 0.19946019976258722,
  "правительство": 0.19710745821886075,
  "месяц": 0.19580037958345717,
  "командир": 0.19501613240221502,
  "имя": 0.19370905376681144,
  "документ": 0.19370905376681144,
  "качество": 0.19266339085848858,
  "внутренний": 0.19031064931476213,
  "порядок": 0.18926498640643927,
  "никто": 0.18717366058979354,
  "советский": 0.1869122448627128,
  "министерство": 0.18508233477314776,
  "считать": 0.18351384041066346,
  "ряд": 0.1827295932294213,
  "результат": 0.18220676177525988,
  "группа": 0.18194534604817916,
  "пока": 0.1808996831398563,
  "кроме": 0.1808996831398563,
  "войско": 0.18063826741277558,
  "сегодня": 0.17985402023153343,
  "структура": 0.17802411014196842,
  "центр": 0.1759327843253227,
  "программа": 0.17358004278159622,
  "создать": 0.1733186270545155,
  "должность": 0.17096588551078903,
  "образование": 0.17070446978370832,
  "задача": 0.16965880687538545,
  "александр": 0.1688745596941433,
  "московский": 0.1686131439670626,
  "некоторый": 0.16835172823998187,
  "корабль": 0.16835172823998187,
  "личный": 0.167306065331659,
  "например": 0.1670446496045783,
  "новое": 0.1670446496045783,
  "специалист": 0.16652181815041686,
  "министр": 0.1657375709691747,
  "действие": 0.165476155242094,
  "уровень": 0.16469190806085185,
  "охрана": 0.16443049233377113,
  "начать": 0.16416907660669042,
  "проходить": 0.16416907660669042,
  "поэтому": 0.1639076608796097,
  "машина": 0.1628619979712868,
  "цель": 0.16207775079004466,
  "остаться": 0.16207775079004466,
  "рубль": 0.16181633506296395,
  "бывший": 0.16155491933588323,
  "заниматься": 0.16077067215464108,
  "начало": 0.16077067215464108,
  "суд": 0.15920217779215676,
  "специальный": 0.1568494362484303,
  "важный": 0.15606518906718816,
  "социальный": 0.15606518906718816,
  "решить": 0.15580377334010745,
  "боев": 0.15580377334010745,
  "иной": 0.1550195261588653,
  "подразделение": 0.15475811043178458,
  "ваш": 0.15449669470470387,
  "положение": 0.15423527897762315,
  "вместе": 0.15397386325054244,
  "ситуация": 0.153451031796381,
  "контроль": 0.1531896160693003,
  "представитель": 0.15266678461513886,
  "церковь": 0.1521439531609774,
  "собственный": 0.15031404307141238,
  "налоговый": 0.15005262734433167,
  "подготовка": 0.14979121161725095,
  "полный": 0.14926838016308952,
  "работник": 0.1474384700735245,
  "заместитель": 0.14613139143812093,
  "директор": 0.14534714425687875,
  "семья": 0.14534714425687875,
  "развитие": 0.14508572852979804,
  "миллион": 0.14482431280271732,
  "правило": 0.1445628970756366,
  "давать": 0.14377864989439446,
  "солдат": 0.14351723416731374,
  "отдел": 0.14325581844023302,
  "образ": 0.14325581844023302,
  "состояние": 0.1429944027131523,
  "создание": 0.14247157125899088,
  "воинский": 0.14194873980482944,
  "первое": 0.14194873980482944,
  "никакой": 0.14194873980482944,
  "мера": 0.14168732407774873,
  "общество": 0.14090307689650655,
  "местный": 0.14090307689650655,
  "женщина": 0.1385503353527801,
  "основа": 0.13776608817153796,
  "глава": 0.13750467244445724
}