{
  "социоэкономический": 1.0,
  "социополитический": 0.9730742206765314,
  "биопсихосоциальный": 0.8956976901283983,
  "минсоцзащита": 0.889186610965946,
  "социоисторический": 0.8847339206465948,
  "социопата": 0.8830950119437885,
  "внестационарный": 0.8796755198946105,
  "соципотека": 0.8672438779101307,
  "общество": 0.8611978611645984,
  "минсоцразвитие": 0.8599422953016992,
  "минсоцполитика": 0.8519298755685978,
  "развитие": 0.6715848830556901,
  "проблема": 0.5837837995963926,
  "экономический": 0.5718746100846263,
  "отношение": 0.5655697450489852,
  "государство": 0.49458163501806385,
  "являться": 0.4917794727800011,
  "политический": 0.48640866182371434,
  "власть": 0.4726313641532395,
  "уровень": 0.4677275802366298,
  "государственный": 0.4205578492292412,
  "население": 0.41472001123327734,
  "деятельность": 0.3909016322097445,
  "группа": 0.38553082125345767,
  "сфера": 0.38389622661458783,
  "общественный": 0.3773578480591082,
  "процесс": 0.37385514526152985,
  "условие": 0.3687178478250816,
  "политика": 0.35634163127363805,
  "область": 0.35167136087686696,
  "закон": 0.3465340634404187,
  "организация": 0.3392951443254234,
  "право": 0.3383610902460692,
  "труд": 0.33719352264687635,
  "форма": 0.3360259550476836,
  "возможность": 0.3278529818533341,
  "именно": 0.327385954813657,
  "история": 0.32691892777397985,
  "важный": 0.32458379257559433,
  "образ": 0.31827892753995324,
  "общий": 0.3180454140201147,
  "решение": 0.31477622474237493,
  "действие": 0.3070702785877025,
  "исследование": 0.30473514338931695,
  "экономика": 0.3021664946710928,
  "структура": 0.3007654135520615,
  "результат": 0.29702919723464455,
  "средство": 0.296795683714806,
  "образование": 0.29446054851642045,
  "однако": 0.29376000795690477,
  "высокий": 0.29282595387755056,
  "культура": 0.2902573051593264,
  "наука": 0.28838919700061794,
  "программа": 0.2837189266038468,
  "основа": 0.2795156832467528,
  "число": 0.27531243988965876,
  "правительство": 0.27321081821111176,
  "лишь": 0.272043250611919,
  "ситуация": 0.2718097370920804,
  "сила": 0.27157622357224187,
  "цель": 0.2701751424532105,
  "часть": 0.2690075748540177,
  "необходимый": 0.2685405478143406,
  "современный": 0.26713946669530925,
  "роль": 0.26176865573902247,
  "предприятие": 0.257798925901767,
  "например": 0.25546379070338143,
  "иной": 0.25499676366370433,
  "связь": 0.2505600067867717,
  "новое": 0.2503264932669332,
  "интерес": 0.24752433102887048,
  "качество": 0.24542270935032345,
  "принцип": 0.239351357834521,
  "идея": 0.23724973615597397,
  "мера": 0.23678270911629687,
  "положение": 0.23444757391791127,
  "советский": 0.23398054687823416,
  "налог": 0.2337470333583956,
  "знание": 0.23047784408065583,
  "гражданин": 0.22954379000130157,
  "главный": 0.22931027648146302,
  "реформа": 0.22931027648146302,
  "бюджет": 0.2288432494417859,
  "задача": 0.22697514128307744,
  "рубль": 0.22417297904501476,
  "фонд": 0.22230487088630635,
  "сегодня": 0.2218378438466292,
  "разный": 0.21996973568792075,
  "считать": 0.2190356816085665,
  "семья": 0.21226378953324837,
  "доход": 0.21132973545389414,
  "исторический": 0.21086270841421703,
  "смысл": 0.2082940596959929,
  "защита": 0.20806054617615435,
  "помощь": 0.20665946505712302,
  "народ": 0.20642595153728444,
  "деньга": 0.20619243801744588,
  "изменение": 0.20198919466035184,
  "культурный": 0.20128865410083618,
  "различный": 0.20082162706115905
}