{
  "соци": 1.0,
  "социа": 0.8931797589278703,
  "соцобраз": 0.8614324737096577,
  "социоэкономический": 0.8575308717621493,
  "социополитический": 0.8344411847460199,
  "несоциалистический": 0.817380765995089,
  "соционик": 0.8112662783904532,
  "социологич": 0.8045460996129563,
  "социосфера": 0.7943910884516878,
  "микросоциум": 0.7929971183890305,
  "биопсихосоциальный": 0.7680884210511488,
  "минсоцзащита": 0.7625049696608587,
  "социоисторический": 0.7586866502496187,
  "социопата": 0.7572812354409626,
  "внестационарный": 0.7543489154430473,
  "соцполитика": 0.7542968858670064,
  "социогуманитарный": 0.7534933766613809,
  "соципотека": 0.7436883986546613,
  "соцпроект": 0.7428794311855594,
  "ассоц": 0.7422177487938119,
  "общество": 0.7385037526441766,
  "соцпомощь": 0.7381408661595059,
  "минсоцразвитие": 0.7374270661552098,
  "социнтерн": 0.7360377180092058,
  "соцзаказ": 0.7341832289748571,
  "минсоцполитика": 0.730556168876559,
  "соцмедиа": 0.7286707790280136,
  "институализация": 0.7258450712409027,
  "постинтернатный": 0.7235882113481875,
  "медиасообщество": 0.719047552391406,
  "соцпрограмма": 0.7132723574873817,
  "культуротворческий": 0.708624205954719,
  "коммуникативистика": 0.7063438403144523,
  "соцкарта": 0.7036026035564636,
  "соцсеть": 0.7035957807271181,
  "медиакоммуникация": 0.7029474798845383,
  "соцуслуга": 0.7020047849602656,
  "развитие": 0.5759047702290271,
  "проблема": 0.5006126305885144,
  "экономический": 0.49040013292450874,
  "отношение": 0.4849935165141528,
  "государство": 0.42411902063458945,
  "являться": 0.42171608000776456,
  "политический": 0.4171104438063502,
  "власть": 0.4052959857244613,
  "уровень": 0.4010908396275178,
  "государственный": 0.3606413390759658,
  "население": 0.35563521277008064,
  "деятельность": 0.33521021744206925,
  "группа": 0.33060458124065495,
  "сфера": 0.32920286587500713,
  "общественный": 0.3235960044124157,
  "процесс": 0.32059232862888465,
  "условие": 0.3161869374797057,
  "политика": 0.3055739497112292,
  "область": 0.3015690486665211,
  "закон": 0.2971636575173422,
  "организация": 0.2909560608980446,
  "право": 0.290155080689103,
  "труд": 0.28915385542792593,
  "форма": 0.2881526301667489,
  "возможность": 0.2811440533385097,
  "именно": 0.28074356323403893,
  "история": 0.2803430731295681,
  "важный": 0.27834062260721404,
  "образ": 0.27293400619685804,
  "общий": 0.27273376114462267,
  "решение": 0.269930330413327,
  "действие": 0.2633222436895586,
  "исследование": 0.26131979316720455,
  "экономика": 0.2591170975926151,
  "структура": 0.25791562727920264,
  "результат": 0.25471170644343616,
  "средство": 0.25451146139120073,
  "образование": 0.2525090108688467,
  "однако": 0.2519082757121405,
  "высокий": 0.2511072955031989,
  "культура": 0.2489045999286094,
  "наука": 0.24730263951072612,
  "программа": 0.24329773846601802,
  "основа": 0.2396933275257807,
  "число": 0.2360889165855434,
  "правительство": 0.2342867111154248,
  "лишь": 0.23328548585424771,
  "ситуация": 0.23308524080201232,
  "сила": 0.23288499574977692,
  "цель": 0.23168352543636447,
  "часть": 0.23068230017518745,
  "необходимый": 0.23028181007071666,
  "современный": 0.22908033975730419,
  "роль": 0.22447470355588986,
  "предприятие": 0.22107053766788798,
  "например": 0.2190680871455339,
  "иной": 0.21866759704106312,
  "связь": 0.21486294104859038,
  "новое": 0.21466269599635499,
  "интерес": 0.21225975536953012,
  "качество": 0.21045754989941146,
  "принцип": 0.20525117854129094,
  "идея": 0.20344897307117227
}