{
  "социоэкономический": 1.0,
  "социополитический": 0.9730742206765314,
  "биопсихосоциальный": 0.8956976901283983,
  "минсоцзащита": 0.889186610965946,
  "социоисторический": 0.8847339206465948,
  "социопата": 0.8830950119437885,
  "внестационарный": 0.8796755198946105,
  "соципотека": 0.8672438779101307,
  "минсоцразвитие": 0.8599422953016992,
  "минсоцполитика": 0.8519298755685978,
  "пракультурный": 0.8125357523149431,
  "соцзакладка": 0.7977435335791491,
  "общерегиональный": 0.7974293854564614,
  "геолокационный": 0.7967311245229773,
  "соцгарантия": 0.7960658183435401,
  "общество": 0.5741319074430656,
  "развитие": 0.4477232553704601,
  "проблема": 0.3891891997309284,
  "экономический": 0.3812497400564175,
  "отношение": 0.37704649669932344,
  "государство": 0.3297210900120426,
  "являться": 0.3278529818533341,
  "политический": 0.32427244121580956,
  "власть": 0.31508757610215965,
  "уровень": 0.31181838682441987,
  "государственный": 0.28037189948616087,
  "население": 0.27648000748885154,
  "деятельность": 0.2606010881398297,
  "группа": 0.25702054750230513,
  "сфера": 0.25593081774305854,
  "общественный": 0.2515718987060721,
  "процесс": 0.24923676350768656,
  "условие": 0.24581189855005442,
  "политика": 0.23756108751575872,
  "область": 0.23444757391791127,
  "закон": 0.23102270896027913,
  "организация": 0.2261967628836156,
  "право": 0.22557406016404613,
  "труд": 0.22479568176458425,
  "форма": 0.2240173033651224,
  "возможность": 0.21856865456888938,
  "именно": 0.21825730320910464,
  "история": 0.21794595184931995,
  "важный": 0.21638919505039622,
  "образ": 0.21218595169330218,
  "общий": 0.21203027601340982,
  "решение": 0.2098508164949166,
  "действие": 0.20471351905846835,
  "исследование": 0.20315676225954463,
  "экономика": 0.20144432978072854,
  "структура": 0.20051027570137434,
  "результат": 0.19801946482309637,
  "средство": 0.19786378914320402,
  "образование": 0.19630703234428032,
  "однако": 0.1958400053046032,
  "высокий": 0.1952173025850337,
  "культура": 0.1935048701062176,
  "наука": 0.19225946466707863,
  "программа": 0.18914595106923124,
  "основа": 0.1863437888311685,
  "число": 0.18354162659310583,
  "правительство": 0.1821405454740745,
  "лишь": 0.18136216707461264,
  "ситуация": 0.18120649139472028,
  "сила": 0.1810508157148279,
  "цель": 0.18011676163547366,
  "часть": 0.1793383832360118,
  "необходимый": 0.1790270318762271,
  "современный": 0.17809297779687286,
  "роль": 0.1745124371593483,
  "предприятие": 0.171865950601178,
  "например": 0.1703091938022543,
  "иной": 0.16999784244246952,
  "связь": 0.16704000452451448,
  "новое": 0.16688432884462212,
  "интерес": 0.16501622068591365,
  "качество": 0.1636151395668823,
  "принцип": 0.15956757188968065,
  "идея": 0.15816649077064932,
  "мера": 0.15785513941086457,
  "положение": 0.15629838261194084,
  "советский": 0.15598703125215613,
  "налог": 0.15583135557226374,
  "знание": 0.15365189605377053,
  "гражданин": 0.15302919333420106,
  "главный": 0.15287351765430868,
  "реформа": 0.15287351765430868,
  "бюджет": 0.15256216629452396,
  "задача": 0.15131676085538495,
  "рубль": 0.1494486526966765,
  "фонд": 0.14820324725753756,
  "сегодня": 0.14789189589775278,
  "разный": 0.14664649045861383,
  "считать": 0.14602378773904434,
  "семья": 0.14150919302216558,
  "доход": 0.1408864903025961,
  "исторический": 0.14057513894281135,
  "смысл": 0.13886270646399526,
  "защита": 0.1387070307841029,
  "помощь": 0.13777297670474867,
  "народ": 0.1376173010248563,
  "деньга": 0.13746162534496392,
  "изменение": 0.13465946310690124,
  "культурный": 0.1341924360672241,
  "различный": 0.1338810847074394,
  "поэтому": 0.133725409027547,
  "рост": 0.1332583819878699,
  "определённый": 0.13232432790851567,
  "национальный": 0.13185730086883857,
  "работник": 0.13170162518894618,
  "регион": 0.13030054406991484,
  "поведение": 0.12967784135034535,
  "рабочий": 0.129522165670453,
  "объект": 0.129522165670453,
  "институт": 0.1293664899905606,
  "федеральный": 0.1288994629508835,
  "анализ": 0.12609730071282083,
  "теория": 0.12594162503292844,
  "тысяча": 0.12469621959378947,
  "управление": 0.12391784119432761,
  "производство": 0.12360648983454287,
  "личность": 0.12345081415465049,
  "состояние": 0.122828111435081,
  "некоторый": 0.1223610843954039,
  "целое": 0.12220540871551153,
  "президент": 0.12220540871551153,
  "период": 0.12204973303561914,
  "прежде": 0.12111567895626493,
  "индивид": 0.12049297623669546,
  "существовать": 0.12002594919701833,
  "партия": 0.11987027351712594,
  "реальность": 0.11924757079755646,
  "принять": 0.11924757079755646,
  "практика": 0.1190918951176641,
  "научный": 0.11831351671820226,
  "обеспечение": 0.1180021653584175,
  "единый": 0.11737946263884802,
  "понятие": 0.11675675991927853,
  "проект": 0.11675675991927853,
  "орган": 0.11597838151981668,
  "век": 0.11504432744046243,
  "становиться": 0.1141102733611082,
  "создание": 0.11395459768121585,
  "человеческий": 0.11395459768121585,
  "рынок": 0.11395459768121585,
  "характер": 0.11395459768121585,
  "война": 0.11348757064153872,
  "прошлое": 0.11317621928175399,
  "установка": 0.11286486792196924,
  "центр": 0.11270919224207686
}