{
  "профпатолог": 1.0,
  "юристконсульт": 0.9917306690675395,
  "онкогинеколог": 0.8761471803687543,
  "онкоуролог": 0.8562266342020167,
  "область": 0.5804698240192601,
  "компания": 0.5059168815051586,
  "проблема": 0.45866933768963736,
  "высокий": 0.45437410643368087,
  "предприятие": 0.4065129581530231,
  "программа": 0.36110622773291184,
  "подготовка": 0.3555837875466821,
  "производство": 0.3540497763838405,
  "являться": 0.3466865228022008,
  "уровень": 0.34269809377881266,
  "решение": 0.3420844893136761,
  "главный": 0.3371756535925829,
  "развитие": 0.33625524689487796,
  "однако": 0.33288042233662646,
  "центр": 0.3322668178714898,
  "результат": 0.32950559777837496,
  "качество": 0.32889199331323826,
  "необходимый": 0.3270511799178284,
  "организация": 0.31999472856875705,
  "число": 0.3175403107082105,
  "тысяча": 0.31723350847564213,
  "институт": 0.31477909061509557,
  "проект": 0.31477909061509557,
  "управление": 0.31232467275454906,
  "рынок": 0.3052682214054777,
  "средство": 0.2972913633587014,
  "возможность": 0.2960641544284281,
  "часть": 0.2914621209399033,
  "фирма": 0.28900770307935675,
  "группа": 0.2877804941490835,
  "считать": 0.2871668896839469,
  "технология": 0.28686008745137853,
  "советский": 0.28655328521881024,
  "наука": 0.28532607628853696,
  "мнение": 0.28501927405596866,
  "образование": 0.2847124718234003,
  "военный": 0.27765602047432897,
  "новое": 0.27581520707891904,
  "например": 0.27213358028809925,
  "государственный": 0.2702927668926893,
  "сегодня": 0.26262271107848134,
  "научный": 0.26231590884591305,
  "задача": 0.26139550214820806,
  "деятельность": 0.26139550214820806,
  "именно": 0.2610886999156397,
  "поэтому": 0.2607818976830714,
  "условие": 0.25832747982252485,
  "некоторый": 0.25311184186886343,
  "создание": 0.24912341284547526,
  "помощь": 0.24666899498492872,
  "исследование": 0.24666899498492872,
  "лишь": 0.24544178605465544,
  "процесс": 0.24237376372897226,
  "информация": 0.24083975256613063,
  "создать": 0.23899893917072076,
  "известный": 0.2386921369381524,
  "отношение": 0.2371581257753108,
  "оказаться": 0.23255609228678603,
  "технический": 0.23071527889137614,
  "крупный": 0.2304084766588078,
  "учёный": 0.2282608610308296,
  "опыт": 0.22764725656569293,
  "материал": 0.22764725656569293,
  "американский": 0.2273404543331246,
  "заниматься": 0.22672684986798797,
  "разработка": 0.22672684986798797,
  "общий": 0.22611324540285135,
  "современный": 0.22457923424000972,
  "принять": 0.2242724320074414,
  "руководитель": 0.2236588275423048,
  "миллион": 0.22304522307716812,
  "сила": 0.21844318958864334,
  "важный": 0.21813638735607502,
  "цель": 0.21660237619323341,
  "деньга": 0.21476156279782352,
  "сша": 0.2129207494024136,
  "связь": 0.21261394716984527,
  "ряд": 0.21261394716984527,
  "молодая": 0.2110799360070037,
  "международный": 0.20862551814645713,
  "оборудование": 0.20862551814645713,
  "многий": 0.2080119136813205,
  "кроме": 0.20402348465793235,
  "машина": 0.20310307796022736,
  "разный": 0.20248947349509075,
  "завод": 0.20248947349509075,
  "рабочий": 0.20248947349509075,
  "использовать": 0.2018758690299541,
  "оценка": 0.2018758690299541,
  "профессиональный": 0.2018758690299541,
  "имя": 0.2015690667973858,
  "участие": 0.20126226456481747,
  "пока": 0.20095546233224915,
  "служба": 0.19666023107629266,
  "начать": 0.19573982437858772,
  "около": 0.19481941768088276,
  "книга": 0.19481941768088276,
  "право": 0.19481941768088276,
  "ситуация": 0.19328540651804116,
  "рубль": 0.1923649998203362,
  "многие": 0.19205819758776788,
  "ведущий": 0.19144459312263123,
  "начало": 0.1908309886574946,
  "образ": 0.19021738419235795,
  "история": 0.18991058195978966,
  "внимание": 0.18960377972722134,
  "различный": 0.1889901752620847,
  "техника": 0.18868337302951638,
  "сотрудник": 0.1859221529364015,
  "школа": 0.18530854847126488,
  "основа": 0.18377453730842325,
  "знание": 0.18224052614558167,
  "директор": 0.18193372391301335,
  "строительство": 0.18193372391301335,
  "среди": 0.1810133172153084,
  "находиться": 0.18009291051760343,
  "провести": 0.17917250381989847,
  "интерес": 0.17855889935476182,
  "нужно": 0.17549087702907865,
  "труд": 0.17426366809880536,
  "найти": 0.17365006363366872,
  "объект": 0.17365006363366872,
  "использование": 0.17365006363366872,
  "разработать": 0.17365006363366872,
  "нужный": 0.17242285470339544,
  "позволять": 0.17242285470339544,
  "район": 0.17242285470339544,
  "автор": 0.17180925023825883,
  "база": 0.17180925023825883,
  "экономический": 0.17088884354055384,
  "московский": 0.17058204130798554,
  "состав": 0.17058204130798554,
  "любой": 0.1684344256800073,
  "давать": 0.16751401898230237,
  "количество": 0.16751401898230237,
  "решить": 0.1669004145171657,
  "менее": 0.16598000781946073,
  "комплекс": 0.16505960112175577,
  "совет": 0.16475279888918748,
  "хозяйство": 0.16475279888918748,
  "причина": 0.16444599665661913,
  "отдел": 0.1635255899589142,
  "представитель": 0.1635255899589142,
  "полный": 0.16321878772634588,
  "подобный": 0.16260518326120924,
  "правило": 0.16260518326120924
}