{
  "пулинович": 1.0,
  "театр": 0.5520364575621473,
  "сцена": 0.23788221615605565,
  "роль": 0.1948804309278456,
  "играть": 0.18714510012277105,
  "актёр": 0.1592812741044918,
  "пьеса": 0.15212817249979924,
  "режиссёр": 0.14688810969636162,
  "театральный": 0.10247233926722397,
  "зритель": 0.10006024686564159,
  "артист": 0.09365572566144009,
  "поставить": 0.0872512044572386,
  "зал": 0.08434005845532883,
  "постановка": 0.08267654645423753,
  "главный": 0.07735330805074536,
  "музыка": 0.07361040604828994,
  "имя": 0.07128148924676213,
  "искусство": 0.06437791444223323,
  "репетиция": 0.05838927123830456,
  "герой": 0.05739116403764979,
  "оказаться": 0.05589400323666762,
  "история": 0.054396842435685454,
  "смотреть": 0.053315559634976105,
  "именно": 0.053315559634976105,
  "публика": 0.05265015483453959,
  "премьера": 0.05123616963361199,
  "сыграть": 0.05115299403355742,
  "ставить": 0.05090346723339372,
  "успех": 0.050238062432957205,
  "молодая": 0.049406306432411555,
  "любить": 0.04824184803164765,
  "автор": 0.046827862830720046,
  "увидеть": 0.04616245803028353,
  "эфроса": 0.045829755630065264,
  "понимать": 0.04558022882990157,
  "написать": 0.04524752642968331,
  "образ": 0.04499799962951962,
  "фильм": 0.04499799962951962,
  "художественный": 0.04399989242886484,
  "вместе": 0.04383354122875571,
  "московский": 0.04383354122875571,
  "помнить": 0.04341766322848288,
  "сидеть": 0.04333448762842832,
  "советский": 0.04308496082826462,
  "текст": 0.04283543402810093,
  "художник": 0.042752258428046364,
  "разный": 0.042752258428046364,
  "правда": 0.042419556027828105,
  "любовь": 0.04225320482771897,
  "александр": 0.042086853627609846,
  "фестиваль": 0.0410055708269005,
  "начало": 0.04092239522684594,
  "никто": 0.039924288026191156,
  "начать": 0.039924288026191156,
  "новое": 0.03975793682608203,
  "лишь": 0.0393420588258092,
  "музыкальный": 0.03925888322575464,
  "понять": 0.039009356425590946,
  "выйти": 0.03892618082553637,
  "сразу": 0.038843005225481814,
  "давать": 0.03826077602509986,
  "сегодня": 0.03784489802482704,
  "владимир": 0.037678546824717905,
  "немой": 0.03759537122466334,
  "писать": 0.03751219562460877,
  "отношение": 0.03751219562460877,
  "актриса": 0.03751219562460877,
  "вообще": 0.03701314202428138,
  "николай": 0.03692996642422682,
  "современный": 0.03692996642422682,
  "действие": 0.036514088423954,
  "однако": 0.036347737223844864,
  "кажется": 0.03609821042368117,
  "опера": 0.035931859223572046,
  "ряд": 0.03534963002319009,
  "труппа": 0.03534963002319009,
  "мхат": 0.03526645442313552,
  "замечательный": 0.035183278823080956,
  "костюм": 0.034933752022917264,
  "решить": 0.0348505764228627,
  "декорация": 0.034601049622699005,
  "известный": 0.03451787402264444,
  "игра": 0.03443469842258987,
  "вечер": 0.03426834722248074,
  "сила": 0.03401882042231705,
  "первое": 0.03385246922220792,
  "полный": 0.033769293622153355,
  "высокий": 0.033769293622153355,
  "школа": 0.03368611802209879,
  "сергей": 0.03360294242204422,
  "общий": 0.0334365912219351,
  "пора": 0.03310388882171683,
  "происходить": 0.032937537621607706,
  "остаться": 0.032937537621607706,
  "книга": 0.03285436202155314,
  "актёрский": 0.03277118642149857,
  "смысл": 0.03268801082144401,
  "знаменитый": 0.032438484021280314,
  "голос": 0.032438484021280314,
  "бывать": 0.03235530842122575,
  "важный": 0.032188957221116615,
  "иван": 0.032188957221116615,
  "гастроль": 0.032188957221116615,
  "культура": 0.032105781621062056,
  "концерт": 0.032105781621062056,
  "прийти": 0.032105781621062056,
  "некоторый": 0.03193943042095292,
  "показать": 0.0317730792208438,
  "считать": 0.0315235524206801,
  "принять": 0.031274025620516406,
  "поэтому": 0.031190850020461843,
  "женщина": 0.03102449882035271,
  "тема": 0.03102449882035271,
  "живой": 0.030691796420134452,
  "петь": 0.030691796420134452,
  "чувство": 0.03035909401991619,
  "пока": 0.030275918419861627,
  "многий": 0.030109567219752494,
  "совершенно": 0.029860040419588802,
  "настоящий": 0.02977686481953424,
  "никакой": 0.02977686481953424,
  "пройти": 0.029693689219479676,
  "особенно": 0.029527338019370544,
  "судьба": 0.029527338019370544,
  "деньга": 0.029444162419315977,
  "ходить": 0.029444162419315977,
  "прекрасный": 0.029028284419043156,
  "свет": 0.029028284419043156,
  "балет": 0.029028284419043156,
  "появиться": 0.028945108818988586,
  "огромный": 0.028945108818988586,
  "драматический": 0.028945108818988586,
  "например": 0.028861933218934023,
  "мейерхольд": 0.028861933218934023,
  "интересный": 0.02877875761887946,
  "найти": 0.02827970401855207,
  "уйти": 0.028196528418497506,
  "юрий": 0.028113352818442943,
  "собственный": 0.028030177218388373,
  "жена": 0.02794700161833381,
  "идея": 0.027863826018279247,
  "часто": 0.027780650418224678,
  "почему": 0.027697474818170115,
  "андрей": 0.027697474818170115,
  "событие": 0.027447948018006423,
  "представление": 0.027447948018006423,
  "маленький": 0.027364772417951853,
  "язык": 0.02728159681789729,
  "хотеться": 0.026865718817624465,
  "становиться": 0.026782543217569902
}