{
  "театриум": 1.0,
  "режиссер": 0.9351758326302703,
  "киносказка": 0.9342570959766159,
  "миракль": 0.9308102920209592,
  "актер": 0.9065790752321587,
  "театрализованный": 0.8941898189673614,
  "еатр": 0.8935233957624824,
  "самарт": 0.8773317618483321,
  "мьюзикл": 0.8740540712078045,
  "киносюжет": 0.8706061162621567,
  "эфрос": 0.8682244713297437,
  "рамта": 0.8669656171337028,
  "аудиоспектакль": 0.8634345442679794,
  "кинодрама": 0.8568873021304332,
  "театр": 0.6896574176947611,
  "сцена": 0.29718550770031893,
  "роль": 0.24346351207756894,
  "играть": 0.23379978752647468,
  "актёр": 0.19898959693919954,
  "пьеса": 0.19005324950485428,
  "режиссёр": 0.183506855454113,
  "театральный": 0.1280183725478297,
  "зритель": 0.12500495306415513,
  "артист": 0.11700380477991577,
  "поставить": 0.10900265649567642,
  "зал": 0.10536577091193125,
  "постановка": 0.10328755057836259,
  "главный": 0.09663724551094287,
  "музыка": 0.09196124976041337,
  "имя": 0.08905174129341725,
  "искусство": 0.08042712690910729,
  "репетиция": 0.0729455337082601,
  "герой": 0.0716986015081189,
  "оказаться": 0.0698282032079071,
  "история": 0.0679578049076953,
  "смотреть": 0.06660696169087567,
  "именно": 0.06660696169087567,
  "публика": 0.0657756735574482,
  "премьера": 0.06400918627391484,
  "сыграть": 0.06390527525723641,
  "ставить": 0.0635935422072011,
  "успех": 0.06276225407377364,
  "молодая": 0.06172314390698931,
  "любить": 0.060268389673491254,
  "автор": 0.05850190238995789,
  "увидеть": 0.057670614256530424,
  "эфроса": 0.05725497018981669,
  "понимать": 0.05694323713978139,
  "написать": 0.05652759307306766,
  "образ": 0.05621586002303235,
  "фильм": 0.05621586002303235,
  "художественный": 0.05496892782289116,
  "вместе": 0.05476110578953429,
  "московский": 0.05476110578953429,
  "помнить": 0.05424155070614212,
  "сидеть": 0.054137639689463696,
  "советский": 0.05382590663942839,
  "текст": 0.05351417358939309,
  "художник": 0.05341026257271466,
  "разный": 0.05341026257271466,
  "правда": 0.05299461850600093,
  "любовь": 0.05278679647264406,
  "александр": 0.0525789744392872,
  "фестиваль": 0.05122813122246756,
  "начало": 0.05112422020578913,
  "никто": 0.04987728800564793,
  "начать": 0.04987728800564793,
  "новое": 0.04966946597229106,
  "лишь": 0.049149910888898904,
  "музыкальный": 0.04904599987222046,
  "понять": 0.048734266822185165,
  "выйти": 0.04863035580550673,
  "сразу": 0.048526444788828296,
  "давать": 0.04779906767207927,
  "сегодня": 0.0472795125886871,
  "владимир": 0.04707169055533023,
  "немой": 0.0469677795386518,
  "писать": 0.04686386852197337,
  "отношение": 0.04686386852197337,
  "актриса": 0.04686386852197337,
  "вообще": 0.04624040242190277,
  "николай": 0.046136491405224335,
  "современный": 0.046136491405224335,
  "действие": 0.045616936321832176,
  "однако": 0.04540911428847531,
  "кажется": 0.04509738123844,
  "опера": 0.04488955920508314,
  "ряд": 0.044162182088334105,
  "труппа": 0.044162182088334105,
  "мхат": 0.04405827107165567,
  "замечательный": 0.043954360054977236,
  "костюм": 0.04364262700494193,
  "решить": 0.043538715988263504,
  "декорация": 0.0432269829382282,
  "известный": 0.04312307192154977,
  "игра": 0.043019160904871345,
  "вечер": 0.04281133887151447,
  "сила": 0.04249960582147917,
  "первое": 0.04229178378812231,
  "полный": 0.042187872771443875
}