{
  "дипломированный": 1.0,
  "телемаркетолог": 0.9676127399775111,
  "профконсультант": 0.9500641891322168,
  "юрисконсульт": 0.943441650111369,
  "профпатолог": 0.9337395252892388,
  "высоквалифицированный": 0.9305810478170752,
  "онсультант": 0.9290647576562234,
  "юристконсульт": 0.9260181241499035,
  "рофессиональный": 0.9208010974277244,
  "квалифицированый": 0.9159861856226036,
  "специа": 0.9143670649177656,
  "профконсультация": 0.9116132222440396,
  "циалист": 0.9099060995279487,
  "специал": 0.9037006008754068,
  "професионал": 0.9024357173414166,
  "профессиональна": 0.8987696776083147,
  "курортолог": 0.8986181939700014,
  "директолог": 0.8964192097923366,
  "профессион": 0.8886802664018595,
  "телеконсультация": 0.884904514910235,
  "профессональный": 0.8839646960741993,
  "профессинальный": 0.8799662258360337,
  "професс": 0.8782101592700717,
  "подолог": 0.8745521637736813,
  "лесопатолог": 0.8735005978903165,
  "квалифицированна": 0.8700925552430687,
  "онсультация": 0.865466343785866,
  "профессиональ": 0.8633578815008336,
  "миколог": 0.8626589051735685,
  "физиотерапевт": 0.8621904979925268,
  "проффесионал": 0.8588073634035301,
  "реабилитолог": 0.8581255416533484,
  "профессианальный": 0.8507511087962663,
  "профессиональногий": 0.849464418596492,
  "артролог": 0.8475923405685589,
  "рунолог": 0.8444864898498209,
  "суперпрофессиональный": 0.8420696328513446,
  "професионально": 0.8354267409424317,
  "консульт": 0.8338040342525538,
  "иверолог": 0.8336667007173715,
  "авиаспециалист": 0.8289054817693366,
  "профессио": 0.8286715204751023,
  "кинезиолог": 0.8270182844531266,
  "профориентатор": 0.8245168175914082,
  "автомастер": 0.8235550951710737,
  "полупрофессионал": 0.8223879054997962,
  "документовед": 0.8195671890509991,
  "высококомпетентный": 0.819216150191133,
  "область": 0.8130114268867079,
  "компания": 0.7085918831586582,
  "проблема": 0.6424165344585773,
  "высокий": 0.6364005936676609,
  "предприятие": 0.569365824854592,
  "программа": 0.5057687364934752,
  "подготовка": 0.4980339554765827,
  "производство": 0.49588540519411256,
  "являться": 0.48557236383825575,
  "уровень": 0.4799861331038333,
  "решение": 0.47912671299084525,
  "главный": 0.47225135208694075,
  "развитие": 0.4709622219174587,
  "однако": 0.46623541129602436,
  "центр": 0.46537599118303624,
  "результат": 0.46150860067459,
  "качество": 0.4606491805616019,
  "необходимый": 0.4580709202226378,
  "организация": 0.448187588923275,
  "число": 0.4447499084713228,
  "тысяча": 0.4443201984148287,
  "институт": 0.4408825179628765,
  "проект": 0.4408825179628765,
  "управление": 0.4374448375109242,
  "рынок": 0.4275615062115615,
  "средство": 0.41638904474271665,
  "возможность": 0.41467020451674047,
  "часть": 0.4082245536693301,
  "фирма": 0.4047868732173778,
  "группа": 0.4030680329914017,
  "считать": 0.40220861287841364,
  "технология": 0.4017789028219196,
  "советский": 0.4013491927654255,
  "наука": 0.39963035253944945,
  "мнение": 0.3992006424829554,
  "образование": 0.3987709324264614,
  "военный": 0.38888760112709864,
  "новое": 0.38630934078813445,
  "например": 0.38115282011020607,
  "государственный": 0.3785745597712419,
  "сегодня": 0.3678318083588911,
  "научный": 0.36740209830239706,
  "задача": 0.36611296813291494,
  "деятельность": 0.36611296813291494,
  "именно": 0.36568325807642094,
  "поэтому": 0.3652535480199269,
  "условие": 0.3618158675679746,
  "некоторый": 0.3545107966075761,
  "создание": 0.3489245658731537,
  "помощь": 0.34548688542120143,
  "исследование": 0.34548688542120143,
  "лишь": 0.3437680451952253
}