{
  "театр": 1.0,
  "сцена": 0.4309175832454422,
  "роль": 0.35302094319722765,
  "играть": 0.3390085882175682,
  "актёр": 0.28853397619406357,
  "пьеса": 0.27557631459996984,
  "режиссёр": 0.26608407412987795,
  "театральный": 0.1856260358595751,
  "зритель": 0.18125659183365977,
  "артист": 0.16965496459243634,
  "поставить": 0.1580533373512129,
  "зал": 0.15277987042338406,
  "постановка": 0.149766460750339,
  "главный": 0.14012354979659486,
  "музыка": 0.13334337803224347,
  "имя": 0.12912460448998042,
  "искусство": 0.11661895434684345,
  "репетиция": 0.10577067952388128,
  "герой": 0.10396263372005424,
  "оказаться": 0.10125056501431369,
  "история": 0.09853849630857316,
  "смотреть": 0.09657978002109387,
  "именно": 0.09657978002109387,
  "публика": 0.09537441615187585,
  "премьера": 0.09281301792978755,
  "сыграть": 0.0926623474461353,
  "ставить": 0.09221033599517854,
  "успех": 0.09100497212596052,
  "молодая": 0.089498267289438,
  "любить": 0.08738888051830647,
  "автор": 0.08482748229621817,
  "увидеть": 0.08362211842700015,
  "эфроса": 0.08301943649239114,
  "понимать": 0.08256742504143438,
  "написать": 0.08196474310682537,
  "образ": 0.08151273165586861,
  "фильм": 0.08151273165586861,
  "художественный": 0.07970468585204159,
  "вместе": 0.07940334488473708,
  "московский": 0.07940334488473708,
  "помнить": 0.07864999246647582,
  "сидеть": 0.07849932198282357,
  "советский": 0.07804731053186681,
  "текст": 0.07759529908091005,
  "художник": 0.0774446285972578,
  "разный": 0.0774446285972578,
  "правда": 0.07684194666264879,
  "любовь": 0.07654060569534428,
  "александр": 0.07623926472803978,
  "фестиваль": 0.07428054844056049,
  "начало": 0.07412987795690824,
  "никто": 0.07232183215308122,
  "начать": 0.07232183215308122,
  "новое": 0.0720204911857767,
  "лишь": 0.07126713876751545,
  "музыкальный": 0.07111646828386319,
  "понять": 0.07066445683290644,
  "выйти": 0.07051378634925418,
  "сразу": 0.07036311586560193,
  "давать": 0.06930842248003616,
  "сегодня": 0.0685550700617749,
  "владимир": 0.06825372909447039,
  "немой": 0.06810305861081814,
  "писать": 0.06795238812716589,
  "отношение": 0.06795238812716589,
  "актриса": 0.06795238812716589,
  "вообще": 0.06704836522525237,
  "николай": 0.06689769474160012,
  "современный": 0.06689769474160012,
  "действие": 0.06614434232333886,
  "однако": 0.06584300135603435,
  "кажется": 0.06539098990507759,
  "опера": 0.0650896489377731,
  "ряд": 0.06403495555220733,
  "труппа": 0.06403495555220733,
  "мхат": 0.06388428506855506,
  "замечательный": 0.06373361458490281,
  "костюм": 0.06328160313394605,
  "решить": 0.0631309326502938,
  "декорация": 0.06267892119933705,
  "известный": 0.0625282507156848,
  "игра": 0.06237758023203255,
  "вечер": 0.062076239264728036,
  "сила": 0.06162422781377128,
  "первое": 0.06132288684646678,
  "полный": 0.06117221636281452,
  "высокий": 0.06117221636281452,
  "школа": 0.061021545879162274,
  "сергей": 0.06087087539551002,
  "общий": 0.060569534428205514,
  "пора": 0.059966852493596505,
  "происходить": 0.059665511526292,
  "остаться": 0.059665511526292,
  "книга": 0.059514841042639745,
  "актёрский": 0.059364170558987496,
  "смысл": 0.05921350007533524,
  "знаменитый": 0.05876148862437849,
  "голос": 0.05876148862437849,
  "бывать": 0.05861081814072623,
  "важный": 0.05830947717342173
}