{
  "профпатолог": 1.0,
  "юристконсульт": 0.9917306690675395,
  "область": 0.8707047360288902,
  "компания": 0.7588753222577378,
  "проблема": 0.688004006534456,
  "высокий": 0.6815611596505213,
  "предприятие": 0.6097694372295346,
  "программа": 0.5416593415993677,
  "подготовка": 0.5333756813200231,
  "производство": 0.5310746645757607,
  "являться": 0.5200297842033013,
  "уровень": 0.514047140668219,
  "решение": 0.513126733970514,
  "главный": 0.5057634803888743,
  "развитие": 0.504382870342317,
  "однако": 0.49932063350493966,
  "центр": 0.4984002268072347,
  "результат": 0.4942583966675624,
  "качество": 0.49333798996985745,
  "необходимый": 0.4905767698767426,
  "организация": 0.47999209285313554,
  "число": 0.47631046606231575,
  "тысяча": 0.4758502627134632,
  "институт": 0.47216863592264346,
  "проект": 0.47216863592264346,
  "управление": 0.46848700913182356,
  "рынок": 0.45790233210821657,
  "средство": 0.4459370450380521,
  "возможность": 0.44409623164264217,
  "часть": 0.437193181409855,
  "фирма": 0.4335115546190352,
  "группа": 0.43167074122362525,
  "считать": 0.4307503345259203,
  "технология": 0.4302901311770678,
  "советский": 0.42982992782821533,
  "наука": 0.42798911443280546,
  "мнение": 0.42752891108395297,
  "образование": 0.4270687077351005,
  "военный": 0.4164840307114934,
  "новое": 0.41372281061837857,
  "например": 0.4082003704321488,
  "государственный": 0.40543915033903394,
  "сегодня": 0.393934066617722,
  "научный": 0.3934738632688695,
  "задача": 0.3920932532223121,
  "деятельность": 0.3920932532223121,
  "именно": 0.3916330498734596,
  "поэтому": 0.3911728465246071,
  "условие": 0.38749121973378725,
  "некоторый": 0.3796677628032951,
  "создание": 0.3736851192682129,
  "помощь": 0.37000349247739306,
  "исследование": 0.37000349247739306,
  "лишь": 0.3681626790819832,
  "процесс": 0.3635606455934584,
  "информация": 0.361259628849196,
  "создать": 0.35849840875608113,
  "известный": 0.35803820540722864,
  "отношение": 0.3557371886629663,
  "оказаться": 0.348834138430179,
  "технический": 0.34607291833706416,
  "крупный": 0.3456127149882117,
  "учёный": 0.34239129154624437,
  "опыт": 0.3414708848485394,
  "материал": 0.3414708848485394,
  "американский": 0.3410106814996869,
  "заниматься": 0.34009027480198195,
  "разработка": 0.34009027480198195,
  "общий": 0.339169868104277,
  "современный": 0.3368688513600146,
  "принять": 0.3364086480111621,
  "руководитель": 0.3354882413134571,
  "миллион": 0.33456783461575224,
  "сила": 0.327664784382965,
  "важный": 0.32720458103411254,
  "цель": 0.3249035642898502,
  "деньга": 0.3221423441967353,
  "сша": 0.3193811241036204,
  "связь": 0.3189209207547679,
  "ряд": 0.3189209207547679,
  "молодая": 0.31661990401050555,
  "международный": 0.3129382772196857,
  "оборудование": 0.3129382772196857,
  "многий": 0.3120178705219807,
  "кроме": 0.3060352269868985,
  "машина": 0.30465461694034107,
  "разный": 0.30373421024263614,
  "завод": 0.30373421024263614,
  "рабочий": 0.30373421024263614,
  "использовать": 0.30281380354493115,
  "оценка": 0.30281380354493115,
  "профессиональный": 0.30281380354493115,
  "имя": 0.30235360019607865,
  "участие": 0.30189339684722616,
  "пока": 0.3014331934983737,
  "служба": 0.294990346614439,
  "начать": 0.2936097365678816,
  "около": 0.29222912652132416,
  "книга": 0.29222912652132416,
  "право": 0.29222912652132416
}