{
  "техпроект": 1.0,
  "томскремстройпроект": 0.9741944908746007,
  "стройпроект": 0.9722461096381833,
  "экопроект": 0.9491499605956246,
  "дальпитерстрой": 0.9463881043752304,
  "богостроительство": 0.9462906422837886,
  "госинвестпроект": 0.9432238136249422,
  "проект": 0.6015977041689177,
  "миллион": 0.3980778657571358,
  "объект": 0.38391242245858853,
  "область": 0.37234879527610093,
  "компания": 0.34430699935856846,
  "развитие": 0.33476700693301614,
  "новое": 0.3295633747008967,
  "предприятие": 0.3168433848001604,
  "жильё": 0.30556884829723496,
  "тысяча": 0.3015215787833643,
  "здание": 0.29718521858993147,
  "производство": 0.29227067703737425,
  "решение": 0.27521432694320497,
  "средство": 0.2746361455840806,
  "завод": 0.27290160150670745,
  "центр": 0.2700106947110856,
  "программа": 0.26336160908115525,
  "построить": 0.25353252597604076,
  "комплекс": 0.25353252597604076,
  "проблема": 0.2517979818986676,
  "метр": 0.25093070985998106,
  "государственный": 0.2491961657826079,
  "часть": 0.2483288937439213,
  "организация": 0.2437034428709263,
  "участок": 0.24283617083223974,
  "деньга": 0.24110162675486657,
  "дорога": 0.23821071995924464,
  "власть": 0.23560890384318495,
  "район": 0.2263580020971949,
  "рубль": 0.22375618598113514,
  "условие": 0.22173255122419983,
  "план": 0.21999800714682669,
  "начать": 0.217396191030767,
  "необходимый": 0.21681800967164258,
  "правительство": 0.21566164695339382,
  "сегодня": 0.21508346559426944,
  "число": 0.20756710792565253,
  "являться": 0.20641074520740377,
  "крупный": 0.20612165452784156,
  "территория": 0.2049652918095928,
  "создание": 0.2014962036548465,
  "однако": 0.19889438753878683,
  "рынок": 0.19889438753878683,
  "военный": 0.19513620870447834,
  "материал": 0.19166712054973203,
  "общий": 0.1902216671519211,
  "принять": 0.18877621375411013,
  "сила": 0.18819803239498578,
  "государство": 0.18675257899717482,
  "строить": 0.18646348831761264,
  "главный": 0.1841507628811151,
  "земля": 0.18386167220155292,
  "высокий": 0.18212712812417978,
  "площадь": 0.18212712812417978,
  "возможность": 0.18125985608549322,
  "московский": 0.17952531200812008,
  "качество": 0.17432167977600063,
  "квартира": 0.1728762263781897,
  "храм": 0.17229804501906532,
  "миллиард": 0.17114168230081656,
  "деятельность": 0.16969622890300562,
  "реконструкция": 0.16969622890300562,
  "хозяйство": 0.16853986618475683,
  "технология": 0.16825077550519466,
  "управление": 0.16767259414607028,
  "доллар": 0.1662271407482593,
  "сооружение": 0.16478168735044835,
  "создать": 0.16449259667088617,
  "начало": 0.164203505991324,
  "например": 0.164203505991324,
  "городской": 0.16391441531176182,
  "именно": 0.16391441531176182,
  "начаться": 0.16275805259351303,
  "советский": 0.16102350851613992,
  "жилищный": 0.16073441783657771,
  "связь": 0.15957805511832895,
  "ряд": 0.1584216924000802,
  "стоимость": 0.1575544203613936,
  "уровень": 0.15726532968183143,
  "важный": 0.15697623900226923,
  "эксплуатация": 0.15581987628402047,
  "задача": 0.15524169492489612,
  "процесс": 0.15437442288620953,
  "пока": 0.15379624152708515,
  "лишь": 0.1517726067701498,
  "рабочий": 0.14743624657671697,
  "поэтому": 0.1468580652175926,
  "объём": 0.14627988385846818,
  "счёт": 0.14512352114021945,
  "около": 0.14252170502415973,
  "век": 0.14165443298547317,
  "регион": 0.14136534230591097,
  "современный": 0.1407871609467866,
  "специалист": 0.1407871609467866,
  "история": 0.13991988890810003,
  "отношение": 0.13963079822853783,
  "участие": 0.13934170754897562,
  "промышленность": 0.13760716347160248,
  "собственный": 0.1373180727920403,
  "экономический": 0.13702898211247813,
  "считать": 0.13645080075335372,
  "право": 0.13616171007379155,
  "федеральный": 0.13616171007379155,
  "находиться": 0.13587261939422937,
  "кроме": 0.13587261939422937,
  "президент": 0.1350053473555428,
  "бюджет": 0.13471625667598058,
  "результат": 0.1344271659964184,
  "цена": 0.13298171259860747,
  "фирма": 0.13269262191904527,
  "технический": 0.13269262191904527,
  "местный": 0.1321144405599209,
  "оборудование": 0.13095807784167213,
  "срок": 0.13037989648254775,
  "партия": 0.12980171512342337,
  "решить": 0.129223533764299,
  "оказаться": 0.12835626172561243,
  "социальный": 0.12835626172561243,
  "образ": 0.12835626172561243,
  "путь": 0.12604353628911488,
  "имя": 0.12546535492999053,
  "инвестиция": 0.12546535492999053,
  "цель": 0.12546535492999053,
  "политический": 0.12517626425042833,
  "фонд": 0.12488717357086614,
  "основа": 0.12315262949349298,
  "архитектор": 0.12315262949349298,
  "база": 0.1228635388139308,
  "жилой": 0.1228635388139308,
  "отрасль": 0.12199626677524422,
  "очередь": 0.12141808541611987,
  "составлять": 0.11939445065918454,
  "заниматься": 0.11939445065918454,
  "администрация": 0.11881626930006015,
  "директор": 0.11823808794093575,
  "идея": 0.11794899726137358,
  "реализация": 0.11794899726137358,
  "первое": 0.11765990658181139,
  "война": 0.11737081590224918,
  "использовать": 0.11737081590224918,
  "период": 0.11621445318400042,
  "разработка": 0.11592536250443825,
  "политика": 0.11534718114531385
}