{
  "пеноблочный": 1.0,
  "дверь": 0.871451518166702,
  "комната": 0.723683652042783,
  "окно": 0.6431691096034681,
  "нога": 0.517661146389242,
  "сидеть": 0.47361495552538146,
  "чёрный": 0.455617587215417,
  "ряд": 0.4523022825267394,
  "квартира": 0.44519805819385866,
  "голова": 0.43998829368307946,
  "увидеть": 0.42577984501731797,
  "смотреть": 0.41820200572891186,
  "оказаться": 0.4063616318407773,
  "стоялый": 0.3921531831750159,
  "висеть": 0.3888378784863382,
  "угол": 0.3713141251318991,
  "земля": 0.36752520548769607,
  "огромный": 0.3646835157545438,
  "потолок": 0.3613682110658661,
  "половина": 0.34715976240010465,
  "пока": 0.34668614744457926,
  "улица": 0.3457389175335285,
  "высокий": 0.34479168762247775,
  "никто": 0.34384445771142697,
  "метр": 0.33768746328959703,
  "вдоль": 0.3372138483340716,
  "лишь": 0.3296360090456655,
  "здание": 0.32442624453488633,
  "часть": 0.3225317847127848,
  "сразу": 0.31590117533542944,
  "остаться": 0.3140067155133279,
  "маленький": 0.31353310055780254,
  "зал": 0.3087969510025487,
  "коридор": 0.3069024911804472,
  "вода": 0.3054816463138711,
  "словно": 0.3054816463138711,
  "понять": 0.3045344164028203,
  "женщина": 0.3026399565807188,
  "выйти": 0.3026399565807188,
  "картина": 0.301692726669668,
  "красный": 0.271854984471569,
  "вокруг": 0.26475076013868826,
  "найти": 0.2638035302276375,
  "голос": 0.25954099562790905,
  "взгляд": 0.25954099562790905,
  "ещё": 0.25954099562790905,
  "начать": 0.25764653580580754,
  "двор": 0.2566993058947568,
  "находиться": 0.25575207598370603,
  "помещение": 0.25575207598370603,
  "пространство": 0.25385761616160446,
  "книга": 0.2510159264284522,
  "ночь": 0.24722700678424916,
  "далёкий": 0.24438531705109684,
  "иван": 0.2439117020955715,
  "каменный": 0.24249085722899533,
  "имя": 0.24107001236241918,
  "дерево": 0.24012278245136842,
  "длинный": 0.23964916749584306,
  "из-за": 0.2382283226292669,
  "сила": 0.23491301794058922,
  "прямо": 0.23396578802953846,
  "этаж": 0.2330185581184877,
  "главный": 0.2330185581184877,
  "однако": 0.23254494316296231,
  "пол": 0.23254494316296231,
  "небольшой": 0.23207132820743695,
  "век": 0.23159771325191156,
  "взять": 0.22922963847428462,
  "четыре": 0.22875602351875926,
  "кровать": 0.22686156369665775,
  "образ": 0.22591433378560696,
  "вместе": 0.2254407188300816,
  "крыша": 0.2254407188300816,
  "пройти": 0.22449348891903084,
  "помнить": 0.22354625900798009,
  "похожий": 0.22259902909692933,
  "минута": 0.22259902909692933,
  "никакой": 0.2221254141414039,
  "разный": 0.22117818423035315,
  "небо": 0.21881010945272625,
  "центр": 0.21833649449720088,
  "башня": 0.2178628795416755,
  "храм": 0.2178628795416755,
  "воздух": 0.21596841971957398,
  "немой": 0.21596841971957398,
  "кабинет": 0.21596841971957398,
  "тёмный": 0.2150211898085232,
  "деревянный": 0.2150211898085232,
  "камень": 0.2145475748529978,
  "полный": 0.2145475748529978,
  "машина": 0.2145475748529978,
  "пять": 0.2126531150308963,
  "церковь": 0.21075865520879475,
  "сквозь": 0.21075865520879475,
  "лежать": 0.20649612060906633,
  "снова": 0.20602250565354094,
  "белый": 0.20412804583143943,
  "портрет": 0.20033912618723637,
  "общий": 0.19939189627618562
}