{
  "экостроительство": 1.0,
  "благоустроительный": 0.9965020938426323,
  "постороить": 0.9772446458285227,
  "спостройка": 0.9687448857703824,
  "благоустроитель": 0.9459688955480491,
  "построеный": 0.9302672492784309,
  "троитель": 0.9284362774513216,
  "недостраивать": 0.9282017334473793,
  "энергостроительный": 0.9207958751591532,
  "проектировка": 0.9154157891966261,
  "троительный": 0.9136862779528923,
  "росстройинвест": 0.9066800520754564,
  "сейсмоусиление": 0.9043849601786318,
  "госпроект": 0.8991582115384377,
  "среднеэтажный": 0.8990792022140954,
  "энергостройкомплект": 0.8988289900974662,
  "мостостроение": 0.8985761029372075,
  "асфальтирование": 0.8970290678839135,
  "мостострой": 0.8928797886027664,
  "техпроект": 0.8881070330814047,
  "тепловозостроительный": 0.8872835017926136,
  "непостроенный": 0.8868834872327332,
  "достраивание": 0.8868692521791335,
  "постоить": 0.8841892406114806,
  "построенный": 0.8816857819233735,
  "петрострой": 0.8796884797048738,
  "тракторостроитель": 0.8756537496134323,
  "ракетостроитель": 0.875085302842167,
  "шахтостроительный": 0.8694237640749093,
  "гидрострой": 0.8670794704827566,
  "томскремстройпроект": 0.8651889789348912,
  "проект": 0.8014247282370631,
  "миллион": 0.5303036284394214,
  "объект": 0.5114329837091878,
  "область": 0.49602837576613995,
  "компания": 0.45867220150424903,
  "развитие": 0.4459633999512346,
  "новое": 0.439031326376863,
  "предприятие": 0.4220862576395104,
  "жильё": 0.4070667648950388,
  "тысяча": 0.40167515211497207,
  "здание": 0.39589842413632914,
  "производство": 0.3893514657605338,
  "решение": 0.36662966904453825,
  "средство": 0.3658594386473859,
  "завод": 0.3635487474559287,
  "центр": 0.3596975954701667,
  "программа": 0.35083994590291423,
  "построить": 0.33774602915132357,
  "комплекс": 0.33774602915132357,
  "проблема": 0.3354353379598664,
  "метр": 0.33427999236413786,
  "государственный": 0.33196930117268064,
  "часть": 0.33081395557695203,
  "организация": 0.3246521123997329,
  "участок": 0.3234967668040043,
  "деньга": 0.3211860756125472,
  "дорога": 0.3173349236267852,
  "власть": 0.31386888683959946,
  "район": 0.30154520048516115,
  "рубль": 0.29807916369797544,
  "условие": 0.2953833573079421,
  "план": 0.29307266611648486,
  "начать": 0.28960662932929915,
  "необходимый": 0.28883639893214674,
  "правительство": 0.28729593813784193,
  "сегодня": 0.2865257077406896,
  "число": 0.2765127125777085,
  "являться": 0.27497225178340373,
  "крупный": 0.2745871365848275,
  "территория": 0.2730466757905227,
  "создание": 0.2684252934076084,
  "однако": 0.2649592566204226,
  "рынок": 0.2649592566204226,
  "военный": 0.25995275903893206,
  "материал": 0.2553313766560177,
  "общий": 0.2534058006631367,
  "принять": 0.25148022467025577,
  "сила": 0.25070999427310336,
  "государство": 0.24878441828022238,
  "строить": 0.2483993030816462,
  "главный": 0.2453183814930366,
  "земля": 0.24493326629446044,
  "высокий": 0.24262257510300325,
  "площадь": 0.24262257510300325,
  "возможность": 0.24146722950727464,
  "московский": 0.2391565383158175,
  "качество": 0.23222446474144598,
  "квартира": 0.23029888874856502,
  "храм": 0.22952865835141262,
  "миллиард": 0.22798819755710784,
  "деятельность": 0.22606262156422682,
  "реконструкция": 0.22606262156422682,
  "хозяйство": 0.22452216076992207,
  "технология": 0.22413704557134587,
  "управление": 0.22336681517419346,
  "доллар": 0.2214412391813125,
  "сооружение": 0.2195156631884315,
  "создать": 0.21913054798985532,
  "начало": 0.21874543279127912
}