{
  "пеноблочный": 1.0,
  "шлакоблочный": 0.93026649233359,
  "дверь": 0.5809676787778013,
  "комната": 0.4824557680285219,
  "окно": 0.42877940640231205,
  "нога": 0.34510743092616136,
  "сидеть": 0.31574330368358766,
  "чёрный": 0.30374505814361136,
  "ряд": 0.30153485501782623,
  "квартира": 0.2967987054625724,
  "голова": 0.29332552912205295,
  "увидеть": 0.28385323001154533,
  "смотреть": 0.2788013371526079,
  "оказаться": 0.2709077545605182,
  "стоялый": 0.26143545545001057,
  "висеть": 0.2592252523242255,
  "угол": 0.24754275008793272,
  "земля": 0.24501680365846404,
  "огромный": 0.24312234383636253,
  "потолок": 0.24091214071057737,
  "половина": 0.23143984160006975,
  "пока": 0.2311240982963862,
  "улица": 0.230492611689019,
  "высокий": 0.22986112508165182,
  "никто": 0.22922963847428462,
  "метр": 0.225124975526398,
  "вдоль": 0.2248092322227144,
  "лишь": 0.219757339363777,
  "здание": 0.21628416302325754,
  "часть": 0.2150211898085232,
  "сразу": 0.21060078355695297,
  "остаться": 0.20933781034221863,
  "маленький": 0.20902206703853504,
  "зал": 0.20586463400169916,
  "коридор": 0.20460166078696482,
  "вода": 0.20365443087591406,
  "словно": 0.20365443087591406,
  "понять": 0.20302294426854686,
  "женщина": 0.20175997105381252,
  "выйти": 0.20175997105381252,
  "картина": 0.20112848444644535,
  "красный": 0.18123665631437932,
  "вокруг": 0.17650050675912551,
  "найти": 0.17586902015175832,
  "голос": 0.17302733041860605,
  "взгляд": 0.17302733041860605,
  "ещё": 0.17302733041860605,
  "начать": 0.1717643572038717,
  "двор": 0.1711328705965045,
  "находиться": 0.17050138398913733,
  "помещение": 0.17050138398913733,
  "пространство": 0.169238410774403,
  "книга": 0.16734395095230145,
  "ночь": 0.16481800452283274,
  "далёкий": 0.16292354470073123,
  "иван": 0.16260780139704764,
  "каменный": 0.16166057148599688,
  "имя": 0.16071334157494613,
  "дерево": 0.16008185496757893,
  "длинный": 0.15976611166389534,
  "из-за": 0.1588188817528446,
  "сила": 0.1566086786270595,
  "прямо": 0.15597719201969232,
  "этаж": 0.15534570541232512,
  "главный": 0.15534570541232512,
  "однако": 0.15502996210864153,
  "пол": 0.15502996210864153,
  "небольшой": 0.15471421880495798,
  "век": 0.15439847550127436,
  "взять": 0.15281975898285644,
  "четыре": 0.15250401567917282,
  "кровать": 0.15124104246443848,
  "образ": 0.1506095558570713,
  "вместе": 0.15029381255338772,
  "крыша": 0.15029381255338772,
  "пройти": 0.14966232594602055,
  "помнить": 0.14903083933865338,
  "похожий": 0.1483993527312862,
  "минута": 0.1483993527312862,
  "никакой": 0.14808360942760262,
  "разный": 0.14745212282023545,
  "небо": 0.1458734063018175,
  "центр": 0.1455576629981339,
  "башня": 0.14524191969445033,
  "храм": 0.14524191969445033,
  "воздух": 0.14397894647971596,
  "немой": 0.14397894647971596,
  "кабинет": 0.14397894647971596,
  "тёмный": 0.14334745987234881,
  "деревянный": 0.14334745987234881,
  "камень": 0.1430317165686652,
  "полный": 0.1430317165686652,
  "машина": 0.1430317165686652,
  "пять": 0.14176874335393086,
  "церковь": 0.14050577013919652,
  "сквозь": 0.14050577013919652,
  "лежать": 0.13766408040604422,
  "снова": 0.13734833710236063,
  "белый": 0.1360853638876263,
  "портрет": 0.13355941745815758,
  "общий": 0.1329279308507904,
  "лестница": 0.13229644424342324,
  "решить": 0.13198070093973963,
  "понимать": 0.13166495763605604,
  "площадь": 0.13134921433237248,
  "новое": 0.13103347102868887,
  "кухня": 0.13071772772500528,
  "войти": 0.1300862411176381,
  "палец": 0.1300862411176381,
  "оставаться": 0.1300862411176381,
  "ждать": 0.12977049781395453,
  "история": 0.12977049781395453,
  "некоторый": 0.12945475451027094,
  "живой": 0.12945475451027094,
  "вернуться": 0.12913901120658736,
  "ходить": 0.12882326790290377,
  "плечо": 0.12819178129553657,
  "давать": 0.12819178129553657,
  "деньга": 0.12787603799185301,
  "дорога": 0.12787603799185301,
  "писать": 0.12787603799185301,
  "играть": 0.12661306477711867,
  "казалось": 0.12661306477711867,
  "правда": 0.12661306477711867,
  "солнце": 0.12598157816975147,
  "начинать": 0.12503434825870072,
  "назад": 0.12440286165133353,
  "смерть": 0.12377137504396636,
  "пора": 0.12377137504396636,
  "собственный": 0.12345563174028278,
  "любить": 0.12313988843659918,
  "поэтому": 0.1228241451329156,
  "всякий": 0.1228241451329156,
  "фотография": 0.12250840182923202,
  "форма": 0.12187691522186483,
  "поставить": 0.1202981987034469,
  "узкий": 0.11966671209607972,
  "тысяча": 0.11966671209607972,
  "пытаться": 0.11935096879239612,
  "выходить": 0.11903522548871255,
  "первое": 0.11840373888134537,
  "оно": 0.1180879955776618,
  "кроме": 0.11777225227397821,
  "война": 0.11777225227397821,
  "совершенно": 0.11777225227397821,
  "цвета": 0.11745650897029461,
  "художник": 0.11714076566661101,
  "появиться": 0.11650927905924385,
  "шаг": 0.11619353575556025,
  "давно": 0.11587779245187667
}