{
  "техпроект": 1.0,
  "томскремстройпроект": 0.9741944908746007,
  "проект": 0.9023965562533764,
  "миллион": 0.5971167986357037,
  "объект": 0.5758686336878828,
  "область": 0.5585231929141513,
  "компания": 0.5164604990378526,
  "развитие": 0.5021505103995243,
  "новое": 0.4943450620513451,
  "предприятие": 0.4752650772002406,
  "жильё": 0.45835327244585244,
  "тысяча": 0.45228236817504647,
  "здание": 0.44577782788489717,
  "производство": 0.43840601555606135,
  "решение": 0.41282149041480753,
  "средство": 0.41195421837612095,
  "завод": 0.40935240226006125,
  "центр": 0.4050160420666284,
  "программа": 0.3950424136217328,
  "построить": 0.3802987889640611,
  "комплекс": 0.3802987889640611,
  "проблема": 0.3776969728480014,
  "метр": 0.37639606478997156,
  "государственный": 0.37379424867391187,
  "часть": 0.37249334061588196,
  "организация": 0.3655551643063894,
  "участок": 0.36425425624835955,
  "деньга": 0.36165244013229986,
  "дорога": 0.357316079938867,
  "власть": 0.35341335576477745,
  "район": 0.33953700314579227,
  "рубль": 0.3356342789717027,
  "условие": 0.33259882683629977,
  "план": 0.32999701072024,
  "начать": 0.32609428654615047,
  "необходимый": 0.3252270145074639,
  "правительство": 0.3234924704300908,
  "сегодня": 0.3226251983914042,
  "число": 0.31135066188847876,
  "являться": 0.30961611781110565,
  "крупный": 0.30918248179176233,
  "территория": 0.30744793771438916,
  "создание": 0.3022443054822698,
  "однако": 0.29834158130818017,
  "рынок": 0.29834158130818017,
  "военный": 0.2927043130567175,
  "материал": 0.28750068082459806,
  "общий": 0.28533250072788163,
  "принять": 0.28316432063116526,
  "сила": 0.28229704859247867,
  "государство": 0.28012886849576224,
  "строить": 0.279695232476419,
  "главный": 0.27622614432167264,
  "земля": 0.2757925083023294,
  "высокий": 0.2731906921862697,
  "площадь": 0.2731906921862697,
  "возможность": 0.2718897841282398,
  "московский": 0.26928796801218013,
  "качество": 0.261482519664001,
  "квартира": 0.25931433956728456,
  "храм": 0.258447067528598,
  "миллиард": 0.25671252345122486,
  "деятельность": 0.2545443433545084,
  "реконструкция": 0.2545443433545084,
  "хозяйство": 0.2528097992771353,
  "технология": 0.252376163257792,
  "управление": 0.2515088912191054,
  "доллар": 0.249340711122389,
  "сооружение": 0.24717253102567255,
  "создать": 0.24673889500632928,
  "начало": 0.24630525898698596,
  "например": 0.24630525898698596,
  "городской": 0.2458716229676427,
  "именно": 0.2458716229676427,
  "начаться": 0.24413707889026956,
  "советский": 0.24153526277420984,
  "жилищный": 0.24110162675486657,
  "связь": 0.23936708267749343,
  "ряд": 0.2376325386001203,
  "стоимость": 0.23633163054209042,
  "уровень": 0.23589799452274715,
  "важный": 0.2354643585034039,
  "эксплуатация": 0.23372981442603075,
  "задача": 0.23286254238734416,
  "процесс": 0.2315616343293143,
  "пока": 0.2306943622906277,
  "лишь": 0.22765891015522471,
  "рабочий": 0.22115436986507545,
  "поэтому": 0.2202870978263889,
  "объём": 0.2194198257877023,
  "счёт": 0.21768528171032916,
  "около": 0.21378255753623962,
  "век": 0.21248164947820974,
  "регион": 0.21204801345886645,
  "современный": 0.2111807414201799,
  "специалист": 0.2111807414201799,
  "история": 0.20987983336215002,
  "отношение": 0.20944619734280676,
  "участие": 0.20901256132346346,
  "промышленность": 0.20641074520740377
}