{
  "поштукатурить": 1.0,
  "оштукатуриваться": 0.9996080449262498,
  "штукатуриться": 0.9962934222661433,
  "заштукатуривать": 0.9926565766100373,
  "проем": 0.9909416465023975,
  "фальшстена": 0.9712296685395763,
  "полоток": 0.9558560022461651,
  "полстена": 0.9109855749478898,
  "межэтажный": 0.9034580109721628,
  "вмуровывать": 0.9001314131864188,
  "гипсокартоновый": 0.8927470901365865,
  "штроблять": 0.8925904923397885,
  "остекляться": 0.8904611307687404,
  "разгораживать": 0.8875474905847878,
  "пеноблочный": 0.8867136533750142,
  "потолока": 0.8681426285363928,
  "пятистенный": 0.8679449468470231,
  "фальшпотолок": 0.8599439048268599,
  "деревяный": 0.8583225649318947,
  "шпатлевать": 0.8497955385471925,
  "расстекловка": 0.8454766634278558,
  "враспор": 0.8416313584693063,
  "прошпаклевывать": 0.8395942053656669,
  "дверь": 0.7727279594127988,
  "комната": 0.6417001749906286,
  "окно": 0.5703068309144461,
  "нога": 0.45901720632510273,
  "сидеть": 0.41996084750695584,
  "чёрный": 0.40400233530169155,
  "ряд": 0.4010626093691429,
  "квартира": 0.39476319665653853,
  "голова": 0.390143627333962,
  "увидеть": 0.37754480190875334,
  "смотреть": 0.370825428348642,
  "оказаться": 0.3603264071609681,
  "стоялый": 0.34772758173575946,
  "висеть": 0.34478785580321075,
  "угол": 0.32924930444545336,
  "земля": 0.32588961766539776,
  "огромный": 0.32336985258035605,
  "потолок": 0.32043012664780735,
  "половина": 0.30783130122259866,
  "пока": 0.30741134037509166,
  "улица": 0.30657141868007776,
  "высокий": 0.30573149698506386,
  "никто": 0.30489157529004995,
  "метр": 0.29943208427245954,
  "вдоль": 0.2990121234249526,
  "лишь": 0.2922927498648413,
  "здание": 0.28767318054226476,
  "часть": 0.28599333715223696,
  "сразу": 0.28011388528713954,
  "остаться": 0.27843404189711174,
  "маленький": 0.2780140810496048,
  "зал": 0.27381447257453523,
  "коридор": 0.2721346291845074,
  "вода": 0.2708747466419865,
  "словно": 0.2708747466419865,
  "понять": 0.2700348249469726,
  "женщина": 0.2683549815569448,
  "выйти": 0.2683549815569448,
  "картина": 0.2675150598619309,
  "красный": 0.24105752646899264,
  "вокруг": 0.23475811375638833,
  "найти": 0.23391819206137443,
  "голос": 0.23013854443381182,
  "взгляд": 0.23013854443381182,
  "ещё": 0.23013854443381182,
  "начать": 0.228458701043784,
  "двор": 0.2276187793487701,
  "находиться": 0.2267788576537562,
  "помещение": 0.2267788576537562,
  "пространство": 0.22509901426372833,
  "книга": 0.2225792491786866,
  "ночь": 0.219219562398631,
  "далёкий": 0.2166997973135892,
  "иван": 0.2162798364660823,
  "каменный": 0.2150199539235614,
  "имя": 0.21376007138104053,
  "дерево": 0.21292014968602663,
  "длинный": 0.21250018883851968,
  "из-за": 0.2112403062959988,
  "сила": 0.20830058036345012,
  "прямо": 0.2074606586684362,
  "этаж": 0.2066207369734223,
  "главный": 0.2066207369734223,
  "однако": 0.2062007761259153,
  "пол": 0.2062007761259153,
  "небольшой": 0.20578081527840839,
  "век": 0.2053608544309014,
  "взять": 0.20326105019336663,
  "четыре": 0.2028410893458597,
  "кровать": 0.20116124595583187,
  "образ": 0.20032132426081792,
  "вместе": 0.199901363413311,
  "крыша": 0.199901363413311,
  "пройти": 0.1990614417182971,
  "помнить": 0.1982215200232832,
  "похожий": 0.19738159832826926,
  "минута": 0.19738159832826926
}