{
  "театр": 1.0,
  "спектакль": 0.8054094665664915,
  "зал": 0.4780866516403707,
  "играть": 0.4605559729526672,
  "роль": 0.44077134986225897,
  "актёр": 0.40245429501627855,
  "зритель": 0.29576759328825447,
  "режиссёр": 0.2787377911344854,
  "пьеса": 0.2737290257951415,
  "артист": 0.2662158777861257,
  "фильм": 0.2511895817680942,
  "выйти": 0.2421738041572752,
  "главный": 0.22414224893563736,
  "сидеть": 0.21562734785875282,
  "герой": 0.21437515652391687,
  "имя": 0.2086150763836714,
  "концерт": 0.20736288504883546,
  "театральный": 0.20485850237916353,
  "музыка": 0.1990984222389181,
  "ряд": 0.19459053343350866,
  "смотреть": 0.18732782369146006,
  "образ": 0.1853243175557225,
  "увидеть": 0.17931379914850992,
  "публика": 0.17655897821187078,
  "оказаться": 0.17480591034310042,
  "искусство": 0.17104933633859257,
  "выходить": 0.16654144753318306,
  "петь": 0.16028049085900326,
  "история": 0.16003005259203607,
  "любить": 0.15477084898572505,
  "женщина": 0.15477084898572505,
  "вместе": 0.15477084898572505,
  "лишь": 0.15452041071875786,
  "происходить": 0.15401953418482345,
  "молодая": 0.15126471324818433,
  "поставить": 0.15076383671424995,
  "голос": 0.14775857751064364,
  "любовь": 0.14775857751064364,
  "никто": 0.14700726270974207,
  "понять": 0.14675682444277488,
  "понимать": 0.1457550713749061,
  "вечер": 0.14325068870523416,
  "советский": 0.1424993739043326,
  "автор": 0.1419984973703982,
  "написать": 0.14124718256949662,
  "картина": 0.14074630603556224,
  "сразу": 0.14074630603556224,
  "начать": 0.13999499123466067,
  "писать": 0.1389932381667919,
  "высокий": 0.1354871024292512,
  "сила": 0.1354871024292512,
  "помнить": 0.13448534936138243,
  "правда": 0.13423491109441524,
  "однако": 0.13398447282744805,
  "новое": 0.13148009015777612,
  "роман": 0.1297270222890058,
  "действие": 0.1289757074881042,
  "давать": 0.12722263961933383,
  "начало": 0.12672176308539945,
  "текст": 0.12597044828449788,
  "постановка": 0.1257200100175307,
  "разный": 0.1254695717505635,
  "сыграть": 0.1249686952166291,
  "нога": 0.12421738041572752,
  "некоторый": 0.12421738041572752,
  "полный": 0.12346606561482595,
  "первое": 0.12321562734785875,
  "огромный": 0.12296518908089156,
  "художник": 0.12221387427998999,
  "отношение": 0.1219634360130228,
  "немой": 0.11970949161031806,
  "александр": 0.11945905334335087,
  "пока": 0.1184573002754821,
  "взять": 0.11745554720761334,
  "вообще": 0.11670423240671174,
  "стол": 0.11645379413974455,
  "часть": 0.11570247933884298,
  "момент": 0.11545204107187579,
  "появиться": 0.1149511645379414,
  "общий": 0.11394941147007263,
  "остаться": 0.11319809666917106,
  "чёрный": 0.11319809666917106,
  "важный": 0.11294765840220387,
  "репетиция": 0.11294765840220387,
  "начинать": 0.11244678186826947,
  "иван": 0.11219634360130228,
  "никакой": 0.11194590533433509,
  "известный": 0.11119459053343352,
  "московский": 0.11119459053343352,
  "сегодня": 0.11119459053343352,
  "читать": 0.11094415226646633,
  "уйти": 0.11094415226646633,
  "опера": 0.11094415226646633,
  "знаменитый": 0.11044327573253193,
  "живой": 0.11044327573253193,
  "актриса": 0.10994239919859755,
  "группа": 0.10969196093163036,
  "сергей": 0.10944152266466317,
  "книга": 0.10869020786376157,
  "особенно": 0.10843976959679438,
  "владимир": 0.10793889306286,
  "минута": 0.10793889306286,
  "решить": 0.10768845479589281,
  "николай": 0.10768845479589281,
  "выступать": 0.10743801652892562,
  "показать": 0.10718757826195843,
  "игра": 0.10718757826195843,
  "пора": 0.10618582519408966,
  "совершенно": 0.10568494866015528,
  "маленький": 0.10568494866015528,
  "чувство": 0.10493363385925371,
  "музыкальный": 0.10468319559228652,
  "андрей": 0.1044327573253193,
  "оставаться": 0.10393188079138492,
  "костюм": 0.10343100425745054,
  "кажется": 0.10318056599048335,
  "художественный": 0.10318056599048335,
  "считать": 0.10293012772351616,
  "голова": 0.10242925118958177,
  "становиться": 0.10242925118958177,
  "отец": 0.10192837465564739,
  "настоящий": 0.10092662158777863,
  "смерть": 0.10042574505384422,
  "например": 0.10017530678687703,
  "кино": 0.09942399198597546,
  "смысл": 0.09942399198597546,
  "народ": 0.09942399198597546,
  "улица": 0.09892311545204108,
  "собственный": 0.0984222389181067,
  "дверь": 0.09817180065113949,
  "поэтому": 0.0979213623841723,
  "найти": 0.09641873278236916,
  "ждать": 0.09641873278236916,
  "внимание": 0.0946656649135988,
  "успех": 0.0946656649135988,
  "принять": 0.0946656649135988,
  "многий": 0.09416478837966441,
  "бывать": 0.09316303531179565,
  "война": 0.09316303531179565,
  "кулиса": 0.09291259704482846,
  "персонаж": 0.09291259704482846,
  "форма": 0.09266215877786126,
  "снова": 0.09266215877786126,
  "век": 0.09241172051089407,
  "пройти": 0.09241172051089407,
  "всякий": 0.09191084397695969,
  "язык": 0.09140996744302529,
  "пытаться": 0.09090909090909091,
  "мысль": 0.09065865264212372,
  "деньга": 0.09015777610818934
}