{
  "актер": 1.0,
  "сценически": 0.9741539670876839,
  "танцполе": 0.9732869949147307,
  "травести": 0.9723182547577955,
  "драматургически": 0.9702281698901257,
  "киноплощадка": 0.9698027929952897,
  "театриум": 0.9588295866180697,
  "кинодрама": 0.9349867611518694,
  "самарт": 0.932933570735056,
  "тапер": 0.9207020644105031,
  "спекталь": 0.9204562278639222,
  "мелодраматичный": 0.9118707279142372,
  "галерка": 0.9075509473005924,
  "театр": 0.7956120452699654,
  "спектакль": 0.6407934729747581,
  "зал": 0.3803714987278648,
  "играть": 0.3664238796021704,
  "роль": 0.35068299516031537,
  "актёр": 0.3201974847855834,
  "зритель": 0.23531625982064344,
  "режиссёр": 0.22176714409854031,
  "пьеса": 0.21778211006262768,
  "артист": 0.21180455900875864,
  "фильм": 0.1998494569010206,
  "выйти": 0.1926763956363778,
  "главный": 0.17833027310709218,
  "сидеть": 0.17155571524604063,
  "герой": 0.17055945673706246,
  "имя": 0.1659766675957629,
  "концерт": 0.1649804090867847,
  "театральный": 0.16298789206882838,
  "музыка": 0.1584051029275288,
  "ряд": 0.15481857229520737,
  "смотреть": 0.14904027294313402,
  "образ": 0.14744625932876895,
  "увидеть": 0.14266421848567373,
  "публика": 0.14047244976592177,
  "оказаться": 0.13907768785335234,
  "искусство": 0.13608891232641782,
  "выходить": 0.13250238169409642,
  "петь": 0.12752108914920557,
  "история": 0.12732183744740994,
  "любить": 0.12313755170970163,
  "женщина": 0.12313755170970163,
  "вместе": 0.12313755170970163,
  "лишь": 0.12293830000790601,
  "происходить": 0.12253979660431474,
  "молодая": 0.12034802788456277,
  "поставить": 0.1199495244809715,
  "голос": 0.11755850405942388,
  "любовь": 0.11755850405942388,
  "никто": 0.11696074895403699,
  "понять": 0.11676149725224136,
  "понимать": 0.11596449044505883,
  "вечер": 0.11397197342710248,
  "советский": 0.1133742183217156,
  "автор": 0.1129757149181243,
  "написать": 0.11237795981273742,
  "картина": 0.11197945640914615,
  "сразу": 0.11197945640914615,
  "начать": 0.11138170130375925,
  "писать": 0.11058469449657671,
  "высокий": 0.10779517067143785,
  "сила": 0.10779517067143785,
  "помнить": 0.10699816386425531,
  "правда": 0.10679891216245968,
  "однако": 0.10659966046066405,
  "новое": 0.1046071434427077,
  "роман": 0.10321238153013826,
  "действие": 0.10261462642475137,
  "давать": 0.10121986451218193,
  "начало": 0.10082136110859066,
  "текст": 0.10022360600320376,
  "постановка": 0.10002435430140813,
  "разный": 0.09982510259961248,
  "сыграть": 0.09942659919602122,
  "нога": 0.09882884409063432,
  "некоторый": 0.09882884409063432,
  "полный": 0.09823108898524742,
  "первое": 0.09803183728345179,
  "огромный": 0.09783258558165615,
  "художник": 0.09723483047626924,
  "отношение": 0.09703557877447362,
  "немой": 0.09524231345831292,
  "александр": 0.09504306175651728,
  "пока": 0.09424605494933475,
  "взять": 0.09344904814215221,
  "вообще": 0.0928512930367653,
  "стол": 0.09265204133496967,
  "часть": 0.09205428622958278,
  "момент": 0.09185503452778715,
  "появиться": 0.09145653112419587,
  "общий": 0.09065952431701334,
  "остаться": 0.09006176921162644,
  "чёрный": 0.09006176921162644,
  "важный": 0.0898625175098308,
  "репетиция": 0.0898625175098308,
  "начинать": 0.08946401410623954,
  "иван": 0.0892647624044439,
  "никакой": 0.08906551070264827
}