{
  "театр": 1.0,
  "спектакль": 0.8054094665664914,
  "зал": 0.4780866516403707,
  "играть": 0.46055597295266715,
  "роль": 0.44077134986225897,
  "актёр": 0.4024542950162785,
  "зритель": 0.29576759328825447,
  "режиссёр": 0.2787377911344853,
  "пьеса": 0.2737290257951415,
  "артист": 0.2662158777861257,
  "фильм": 0.25118958176809414,
  "выйти": 0.24217380415727524,
  "главный": 0.22414224893563736,
  "сидеть": 0.21562734785875282,
  "герой": 0.21437515652391687,
  "имя": 0.20861507638367144,
  "концерт": 0.20736288504883546,
  "театральный": 0.20485850237916353,
  "музыка": 0.1990984222389181,
  "ряд": 0.19459053343350863,
  "смотреть": 0.18732782369146006,
  "образ": 0.1853243175557225,
  "увидеть": 0.1793137991485099,
  "публика": 0.17655897821187078,
  "оказаться": 0.17480591034310042,
  "искусство": 0.17104933633859254,
  "выходить": 0.16654144753318306,
  "петь": 0.16028049085900326,
  "история": 0.16003005259203607,
  "любить": 0.15477084898572502,
  "женщина": 0.15477084898572502,
  "вместе": 0.15477084898572502,
  "лишь": 0.15452041071875783,
  "происходить": 0.15401953418482345,
  "молодая": 0.15126471324818433,
  "поставить": 0.15076383671424995,
  "голос": 0.1477585775106436,
  "любовь": 0.1477585775106436,
  "никто": 0.14700726270974204,
  "понять": 0.14675682444277485,
  "понимать": 0.1457550713749061,
  "вечер": 0.14325068870523416,
  "советский": 0.1424993739043326,
  "автор": 0.14199849737039819,
  "написать": 0.14124718256949662,
  "картина": 0.14074630603556224,
  "сразу": 0.14074630603556224,
  "начать": 0.13999499123466067,
  "писать": 0.13899323816679188,
  "высокий": 0.1354871024292512,
  "сила": 0.1354871024292512,
  "помнить": 0.13448534936138243,
  "правда": 0.13423491109441524,
  "однако": 0.13398447282744805,
  "новое": 0.13148009015777612,
  "роман": 0.12972702228900576,
  "действие": 0.1289757074881042,
  "давать": 0.12722263961933383,
  "начало": 0.12672176308539945,
  "текст": 0.12597044828449788,
  "постановка": 0.1257200100175307,
  "разный": 0.12546957175056347,
  "сыграть": 0.1249686952166291,
  "нога": 0.12421738041572752,
  "некоторый": 0.12421738041572752,
  "полный": 0.12346606561482594,
  "первое": 0.12321562734785875,
  "огромный": 0.12296518908089156,
  "художник": 0.12221387427998998,
  "отношение": 0.12196343601302279,
  "немой": 0.11970949161031806,
  "александр": 0.11945905334335086,
  "пока": 0.1184573002754821,
  "взять": 0.11745554720761332,
  "вообще": 0.11670423240671174,
  "стол": 0.11645379413974455,
  "часть": 0.11570247933884298,
  "момент": 0.11545204107187579,
  "появиться": 0.1149511645379414,
  "общий": 0.11394941147007262,
  "остаться": 0.11319809666917105,
  "чёрный": 0.11319809666917105,
  "важный": 0.11294765840220386,
  "репетиция": 0.11294765840220386,
  "начинать": 0.11244678186826947,
  "иван": 0.11219634360130228,
  "никакой": 0.11194590533433509,
  "известный": 0.11119459053343352,
  "московский": 0.11119459053343352,
  "сегодня": 0.11119459053343352,
  "читать": 0.11094415226646631,
  "уйти": 0.11094415226646631,
  "опера": 0.11094415226646631,
  "знаменитый": 0.11044327573253193,
  "живой": 0.11044327573253193,
  "актриса": 0.10994239919859755,
  "группа": 0.10969196093163035,
  "сергей": 0.10944152266466316,
  "книга": 0.10869020786376159,
  "особенно": 0.1084397695967944
}