{
  "супертехнология": 1.0,
  "нейротехнология": 0.9029828256283962,
  "ехнологический": 0.8673986840604408,
  "роботостроение": 0.8207550037066528,
  "техносервис": 0.8151792787763597,
  "производство": 0.7679342400061812,
  "развитие": 0.7194841302266113,
  "информационный": 0.6167006830513811,
  "современный": 0.5568301902523413,
  "высокий": 0.5367580019150909,
  "использование": 0.5267219077464658,
  "компания": 0.5263758355337546,
  "предприятие": 0.5201465357049527,
  "область": 0.4883078921355212,
  "новое": 0.4706582092872494,
  "разработка": 0.460276042905913,
  "создание": 0.4585456818423569,
  "процесс": 0.45577710414066724,
  "являться": 0.45439281528982234,
  "решение": 0.4395117101432402,
  "рынок": 0.43778134907968413,
  "возможность": 0.4031741278085628,
  "проблема": 0.3983291168306059,
  "качество": 0.3924458892145153,
  "материал": 0.3907155281509592,
  "программа": 0.38102550619504527,
  "основа": 0.37064333981370884,
  "уровень": 0.3654522566230407,
  "использовать": 0.36302975113406216,
  "средство": 0.36095331785779494,
  "задача": 0.3564543790925492,
  "наука": 0.3561083068798379,
  "позволять": 0.3502250792637473,
  "проект": 0.3478025737747688,
  "условие": 0.34399577943494547,
  "информация": 0.34399577943494547,
  "результат": 0.34018898509512213,
  "оборудование": 0.33811255181885486,
  "необходимый": 0.31631000241804846,
  "применение": 0.3125032080782251,
  "метод": 0.3097346303765354,
  "управление": 0.309042485951113,
  "продукция": 0.3069660526748457,
  "организация": 0.3055817638240009,
  "исследование": 0.304197474973156,
  "специалист": 0.30177496948417754,
  "центр": 0.28550957548675054,
  "число": 0.2841252866359057,
  "сегодня": 0.28308706999777206,
  "однако": 0.28170278114692715,
  "создать": 0.27478133689270295,
  "фирма": 0.26543738714950016,
  "техника": 0.26543738714950016,
  "важный": 0.260246303958832,
  "внедрение": 0.25851594289527596,
  "деятельность": 0.25851594289527596,
  "связь": 0.25297878749189656,
  "разработать": 0.25159449864105166,
  "например": 0.25090235421562923,
  "база": 0.25090235421562923,
  "государственный": 0.24882592093936196,
  "часть": 0.24328876553598255,
  "технический": 0.24121233225971528,
  "экономический": 0.2408662600470041,
  "цель": 0.2408662600470041,
  "научный": 0.23740553791989197,
  "экономика": 0.23705946570718073,
  "продукт": 0.23671339349446952,
  "направление": 0.2360212490690471,
  "различный": 0.2301380214529565,
  "сша": 0.2225244327733098,
  "завод": 0.2218322883478874,
  "строительство": 0.2218322883478874,
  "комплекс": 0.22114014392246495,
  "промышленность": 0.21871763843348646,
  "международный": 0.21837156622077522,
  "мировой": 0.21733334958264164,
  "институт": 0.21560298851908552,
  "помощь": 0.21456477188095194,
  "именно": 0.21214226639197342,
  "главный": 0.21110404975383976,
  "сфера": 0.21041190532841736,
  "ряд": 0.20798939983943887,
  "структура": 0.20764332762672766,
  "образ": 0.206605110988594,
  "объект": 0.20487474992503796,
  "крупный": 0.20418260549961553,
  "обеспечение": 0.20418260549961553,
  "ресурс": 0.19899152230894734,
  "миллион": 0.19656901681996883,
  "поэтому": 0.19622294460725764,
  "отрасль": 0.1924161502674343,
  "общий": 0.19207007805472306,
  "тысяча": 0.19172400584201188,
  "основный": 0.19103186141658945,
  "общество": 0.190339716991167,
  "сеть": 0.18722506707676612,
  "образование": 0.18549470601321005,
  "реализация": 0.18307220052423154,
  "услуга": 0.18064969503525305
}