{
  "супертехнология": 1.0,
  "нанотехнологичный": 0.992142793192209,
  "спецтехнология": 0.9686832237205274,
  "низкотехнологичный": 0.961716657197873,
  "инфотехнология": 0.9608649234931848,
  "бионанотехнология": 0.9606450326549796,
  "аудиотехнология": 0.9599195393607347,
  "агротехнология": 0.9439950302107308,
  "высокотехнический": 0.9437407184919406,
  "нанобиотехнология": 0.9339703149199321,
  "высокотехнологичность": 0.9225463359064162,
  "медиатехнология": 0.9178152041789879,
  "нология": 0.9164672055975676,
  "нейротехнология": 0.9029828256283962,
  "иновационный": 0.9021223951586665,
  "технопрогресс": 0.8913701725859291,
  "технодинамика": 0.8791200924383733,
  "высокотехничный": 0.8768494128585058,
  "промтехнология": 0.8763718231403891,
  "ресурсоэффективность": 0.8713232137165012,
  "стройтехнология": 0.8708646653365804,
  "ехнологический": 0.8673986840604408,
  "нетехнологичный": 0.8576770739175594,
  "техноград": 0.8326745152377394,
  "принтинг": 0.8289669469832387,
  "высокоэкологичный": 0.82317114812495,
  "роботостроение": 0.8207550037066528,
  "оптотехника": 0.8206804861619821,
  "техноцентр": 0.8189401261598509,
  "электротехнологический": 0.816988572084556,
  "техносервис": 0.8151792787763597,
  "технокий": 0.8141025277193366,
  "психотехнология": 0.8132741379629174,
  "техномаш": 0.7996988539128393,
  "ехнолоджа": 0.7938604866782953,
  "технополимер": 0.792892216322052,
  "техногенез": 0.7869669729819889,
  "топливосберегающий": 0.7835761500647863,
  "технотрейд": 0.7814581673700671,
  "технокада": 0.7806065252102741,
  "роботехника": 0.7793327695388389,
  "техноплекс": 0.7769982831670359,
  "техномир": 0.7761350148055559,
  "производство": 0.7679342400061812,
  "развитие": 0.7194841302266113,
  "информационный": 0.6167006830513811,
  "современный": 0.5568301902523413,
  "высокий": 0.5367580019150909,
  "использование": 0.5267219077464658,
  "компания": 0.5263758355337546,
  "предприятие": 0.5201465357049527,
  "область": 0.4883078921355212,
  "новое": 0.4706582092872494,
  "разработка": 0.460276042905913,
  "создание": 0.4585456818423569,
  "процесс": 0.45577710414066724,
  "являться": 0.45439281528982234,
  "решение": 0.4395117101432402,
  "рынок": 0.43778134907968413,
  "возможность": 0.4031741278085628,
  "проблема": 0.3983291168306059,
  "качество": 0.3924458892145153,
  "материал": 0.3907155281509592,
  "программа": 0.38102550619504527,
  "основа": 0.37064333981370884,
  "уровень": 0.3654522566230407,
  "использовать": 0.36302975113406216,
  "средство": 0.36095331785779494,
  "задача": 0.3564543790925492,
  "наука": 0.3561083068798379,
  "позволять": 0.3502250792637473,
  "проект": 0.3478025737747688,
  "условие": 0.34399577943494547,
  "информация": 0.34399577943494547,
  "результат": 0.34018898509512213,
  "оборудование": 0.33811255181885486,
  "необходимый": 0.31631000241804846,
  "применение": 0.3125032080782251,
  "метод": 0.3097346303765354,
  "управление": 0.309042485951113,
  "продукция": 0.3069660526748457,
  "организация": 0.3055817638240009,
  "исследование": 0.304197474973156,
  "специалист": 0.30177496948417754,
  "центр": 0.28550957548675054,
  "число": 0.2841252866359057,
  "сегодня": 0.28308706999777206,
  "однако": 0.28170278114692715,
  "создать": 0.27478133689270295,
  "фирма": 0.26543738714950016,
  "техника": 0.26543738714950016,
  "важный": 0.260246303958832,
  "внедрение": 0.25851594289527596,
  "деятельность": 0.25851594289527596,
  "связь": 0.25297878749189656,
  "разработать": 0.25159449864105166,
  "например": 0.25090235421562923,
  "база": 0.25090235421562923,
  "государственный": 0.24882592093936196,
  "часть": 0.24328876553598255
}