{
  "спектакль": 1.0,
  "сцена": 0.5406447091800981,
  "актёр": 0.514540995094604,
  "роль": 0.43798177995795373,
  "играть": 0.4101261387526279,
  "пьеса": 0.38489838822704975,
  "режиссёр": 0.37631394533987383,
  "театральный": 0.3491590749824807,
  "имя": 0.31955150665732307,
  "артист": 0.3172740014015417,
  "искусство": 0.28398738612473723,
  "главный": 0.23826208829712683,
  "художественный": 0.2321303433777155,
  "зал": 0.22302032235459004,
  "зритель": 0.2111072179397337,
  "московский": 0.19744218640504554,
  "постановка": 0.19551506657323056,
  "поставить": 0.18780658724597057,
  "музыка": 0.18044849334267696,
  "советский": 0.1760686755430974,
  "любить": 0.17291520672740013,
  "история": 0.1715136650315347,
  "оказаться": 0.1704625087596356,
  "молодая": 0.16713384723195515,
  "александр": 0.16538192011212333,
  "кино": 0.16345480028030834,
  "именно": 0.16327960756832516,
  "писать": 0.1543447792571829,
  "вместе": 0.15259285213735108,
  "опера": 0.14908899789768745,
  "новое": 0.14873861247372108,
  "культура": 0.14523475823405746,
  "никто": 0.14243167484232655,
  "написать": 0.1420812894183602,
  "труппа": 0.1401541695865452,
  "николай": 0.13875262789067974,
  "актриса": 0.13840224246671337,
  "школа": 0.13682550805886476,
  "сегодня": 0.13682550805886476,
  "жена": 0.13594954449894883,
  "сидеть": 0.13524877365101612,
  "ходить": 0.13524877365101612,
  "концерт": 0.13437281009110022,
  "владимир": 0.13279607568325158,
  "отношение": 0.1326208829712684,
  "помнить": 0.1324456902592852,
  "понимать": 0.13209530483531884,
  "известный": 0.1317449194113525,
  "увидеть": 0.1315697266993693,
  "фильм": 0.13139453398738613,
  "ряд": 0.13051857042747023,
  "художник": 0.12981779957953749,
  "начать": 0.1296426068675543,
  "правда": 0.12929222144358796,
  "автор": 0.1278906797477225,
  "образ": 0.12771548703573932,
  "музыкальный": 0.12754029432375613,
  "смотреть": 0.12683952347582342,
  "выйти": 0.12613875262789068,
  "успех": 0.1259635599159075,
  "публика": 0.12543798177995796,
  "вечер": 0.1250875963559916,
  "разный": 0.12473721093202522,
  "понять": 0.12456201822004205,
  "иван": 0.12421163279607568,
  "мхат": 0.12403644008409251,
  "любовь": 0.12386124737210932,
  "мейерхольд": 0.12386124737210932,
  "знаменитый": 0.12263489838822705,
  "начало": 0.12228451296426068,
  "книга": 0.12228451296426068,
  "ставить": 0.12158374211632796,
  "остаться": 0.12158374211632796,
  "высокий": 0.12088297126839523,
  "улица": 0.12088297126839523,
  "женщина": 0.12000700770847933,
  "сразу": 0.11948142957252979,
  "давать": 0.11860546601261387,
  "вообще": 0.11860546601261387,
  "директор": 0.11825508058864752,
  "сила": 0.11755430974071479,
  "балет": 0.11755430974071479,
  "современный": 0.1173791170287316,
  "премьера": 0.1173791170287316,
  "сыграть": 0.11650315346881569,
  "сергей": 0.11632796075683252,
  "лишь": 0.11545199719691661,
  "фестиваль": 0.11527680448493342,
  "репетиция": 0.11527680448493342,
  "принять": 0.11510161177295025,
  "герой": 0.11299929922915207,
  "гастроль": 0.11299929922915207,
  "уйти": 0.11124737210932026,
  "немой": 0.11107217939733707,
  "однако": 0.1107217939733707,
  "многий": 0.11019621583742116,
  "война": 0.1087946741415557,
  "считать": 0.10861948142957253,
  "пора": 0.10844428871758935,
  "бывать": 0.1079187105816398
}