{
  "супертехнология": 1.0,
  "нейротехнология": 0.9029828256283962,
  "ехнологический": 0.8673986840604408,
  "роботостроение": 0.8207550037066528,
  "техносервис": 0.8151792787763597,
  "технофас": 0.77162230919801,
  "биофармацевтика": 0.753371735806559,
  "оптоинформатика": 0.7512201103628638,
  "микротоннелирование": 0.7498240507114777,
  "производство": 0.5119561600041207,
  "развитие": 0.4796560868177409,
  "информационный": 0.4111337887009207,
  "современный": 0.3712201268348942,
  "высокий": 0.357838667943394,
  "использование": 0.35114793849764386,
  "компания": 0.3509172236891698,
  "предприятие": 0.34676435713663517,
  "область": 0.32553859475701413,
  "новое": 0.3137721395248329,
  "разработка": 0.30685069527060865,
  "создание": 0.30569712122823794,
  "процесс": 0.3038514027604448,
  "являться": 0.30292854352654824,
  "решение": 0.29300780676216015,
  "рынок": 0.29185423271978944,
  "возможность": 0.2687827518723752,
  "проблема": 0.2655527445537373,
  "качество": 0.2616305928096768,
  "материал": 0.2604770187673061,
  "программа": 0.25401700413003014,
  "основа": 0.24709555987580592,
  "уровень": 0.2436348377486938,
  "использовать": 0.2420198340893748,
  "средство": 0.24063554523852992,
  "задача": 0.23763625272836608,
  "наука": 0.23740553791989197,
  "позволять": 0.23348338617583156,
  "проект": 0.23186838251651257,
  "условие": 0.22933051962329698,
  "информация": 0.22933051962329698,
  "результат": 0.22679265673008142,
  "оборудование": 0.2254083678792366,
  "необходимый": 0.21087333494536567,
  "применение": 0.20833547205215006,
  "метод": 0.20648975358435692,
  "управление": 0.20602832396740867,
  "продукция": 0.2046440351165638,
  "организация": 0.20372117588266722,
  "исследование": 0.20279831664877065,
  "специалист": 0.20118331298945166,
  "центр": 0.190339716991167,
  "число": 0.18941685775727043,
  "сегодня": 0.18872471333184804,
  "однако": 0.18780185409795147,
  "создать": 0.18318755792846864,
  "фирма": 0.17695825809966678,
  "техника": 0.17695825809966678,
  "важный": 0.17349753597255466,
  "внедрение": 0.17234396193018395,
  "деятельность": 0.17234396193018395,
  "связь": 0.16865252499459768,
  "разработать": 0.1677296657607011,
  "например": 0.16726823614375286,
  "база": 0.16726823614375286,
  "государственный": 0.16588394729290798,
  "часть": 0.1621925103573217,
  "технический": 0.16080822150647686,
  "экономический": 0.16057750669800272,
  "цель": 0.16057750669800272,
  "научный": 0.1582703586132613,
  "экономика": 0.15803964380478716,
  "продукт": 0.15780892899631302,
  "направление": 0.15734749937936474,
  "различный": 0.15342534763530433,
  "сша": 0.1483496218488732,
  "завод": 0.14788819223192493,
  "строительство": 0.14788819223192493,
  "комплекс": 0.14742676261497664,
  "промышленность": 0.14581175895565762,
  "международный": 0.1455810441471835,
  "мировой": 0.14488889972176106,
  "институт": 0.14373532567939037,
  "помощь": 0.14304318125396792,
  "именно": 0.14142817759464896,
  "главный": 0.1407360331692265,
  "сфера": 0.14027460355227822,
  "ряд": 0.13865959989295926,
  "структура": 0.13842888508448511,
  "образ": 0.1377367406590627,
  "объект": 0.13658316661669198,
  "крупный": 0.1361217369997437,
  "обеспечение": 0.1361217369997437,
  "ресурс": 0.13266101487263154,
  "миллион": 0.13104601121331258,
  "поэтому": 0.1308152964048384,
  "отрасль": 0.12827743351162288,
  "общий": 0.1280467187031487,
  "тысяча": 0.1278160038946746,
  "основный": 0.1273545742777263,
  "общество": 0.12689314466077803,
  "сеть": 0.12481671138451073,
  "образование": 0.12366313734214003,
  "реализация": 0.12204813368282103,
  "услуга": 0.12043313002350205,
  "обработка": 0.11997170040655376,
  "машина": 0.11881812636418304,
  "лишь": 0.11766455232181235,
  "бизнес": 0.11766455232181235,
  "позволить": 0.11628026347096748,
  "форма": 0.1158188338540192,
  "отношение": 0.11558811904554506,
  "опыт": 0.11558811904554506,
  "компьютерный": 0.11328097096080364,
  "наиболее": 0.11143525249301052,
  "социальный": 0.11074310806758808,
  "рост": 0.1102816784506398,
  "модель": 0.1102816784506398,
  "политический": 0.10958953402521739,
  "счёт": 0.10958953402521739,
  "государство": 0.10935881921674323,
  "пока": 0.10866667479132082,
  "выставка": 0.10843595998284666,
  "труд": 0.1075131007489501,
  "способ": 0.10728238594047597,
  "обеспечивать": 0.10728238594047597,
  "сила": 0.1063595267065794,
  "составлять": 0.10543666747268284,
  "век": 0.1047445230472604,
  "анализ": 0.10428309343031211,
  "среда": 0.10220666015404484,
  "требовать": 0.10174523053709655,
  "кроме": 0.10174523053709655,
  "эффективный": 0.10151451572862241,
  "цена": 0.10151451572862241,
  "получение": 0.10151451572862241,
  "промышленный": 0.10082237130319999,
  "подготовка": 0.1003609416862517,
  "использоваться": 0.1003609416862517,
  "выбор": 0.1003609416862517,
  "интерес": 0.09989951206930342,
  "специальный": 0.0987459380269327,
  "отечественный": 0.0987459380269327,
  "принять": 0.09851522321845857,
  "политика": 0.09851522321845857,
  "группа": 0.09851522321845857,
  "знание": 0.09851522321845857,
  "метр": 0.09828450840998441,
  "объём": 0.09782307879303613,
  "идея": 0.097592363984562,
  "повышение": 0.097592363984562
}