{
  "театриум": 1.0,
  "гастроли": 0.9410567041078117,
  "комиссаржевская": 0.8992885180965534,
  "автокинотеатр": 0.8636908960297253,
  "мюзик": 0.8579338013595683,
  "анченко": 0.8532804041793303,
  "спекталь": 0.8524469480451455,
  "ермолова": 0.8414279362478386,
  "актер": 0.8413901024580359,
  "образцова": 0.8285384568550932,
  "дирижер": 0.8253865683369649,
  "спектакль": 0.6667496466594274,
  "сцена": 0.36047466881411927,
  "актёр": 0.3430700266711174,
  "роль": 0.29202419703023275,
  "играть": 0.2734514580991099,
  "пьеса": 0.2566308643501685,
  "режиссёр": 0.2509071900883759,
  "театральный": 0.23280168987250152,
  "имя": 0.21306085415325782,
  "артист": 0.2115423283287006,
  "искусство": 0.1893484893544029,
  "главный": 0.1588611631844466,
  "художественный": 0.15477282442602336,
  "зал": 0.1486987211277945,
  "зритель": 0.14075566296857217,
  "московский": 0.1316445080212289,
  "постановка": 0.1303596015542959,
  "поставить": 0.1252199756865638,
  "музыка": 0.1203139691764559,
  "советский": 0.11739372720615356,
  "любить": 0.11529115298753588,
  "история": 0.11435667555703914,
  "оказаться": 0.11365581748416657,
  "молодая": 0.11143643358673681,
  "александр": 0.11026833679861588,
  "кино": 0.10898343033168285,
  "именно": 0.10886662065287077,
  "писать": 0.10290932703345401,
  "вместе": 0.10174123024533308,
  "опера": 0.09940503666909122,
  "новое": 0.09917141731146703,
  "культура": 0.09683522373522517,
  "никто": 0.09496626887423168,
  "написать": 0.09473264951660751,
  "труппа": 0.09344774304967447,
  "николай": 0.09251326561917772,
  "актриса": 0.09227964626155354,
  "школа": 0.09122835915224471,
  "сегодня": 0.09122835915224471,
  "жена": 0.09064431075818423,
  "сидеть": 0.09017707204293587,
  "ходить": 0.09017707204293587,
  "концерт": 0.0895930236488754,
  "владимир": 0.08854173653956657,
  "отношение": 0.08842492686075447,
  "помнить": 0.08830811718194237,
  "понимать": 0.08807449782431818,
  "известный": 0.08784087846669401,
  "увидеть": 0.08772406878788191,
  "фильм": 0.08760725910906982,
  "ряд": 0.08702321071500936,
  "художник": 0.08655597199976098,
  "начать": 0.08643916232094888,
  "правда": 0.08620554296332471,
  "автор": 0.08527106553282797,
  "образ": 0.08515425585401587,
  "музыкальный": 0.08503744617520377,
  "смотреть": 0.0845702074599554,
  "выйти": 0.08410296874470702,
  "успех": 0.08398615906589493,
  "публика": 0.08363573002945866,
  "вечер": 0.08340211067183446,
  "разный": 0.08316849131421028,
  "понять": 0.0830516816353982,
  "иван": 0.082818062277774,
  "мхат": 0.08270125259896191,
  "любовь": 0.08258444292014983,
  "мейерхольд": 0.08258444292014983,
  "знаменитый": 0.08176677516846517,
  "начало": 0.08153315581084097,
  "книга": 0.08153315581084097,
  "ставить": 0.0810659170955926,
  "остаться": 0.0810659170955926,
  "высокий": 0.08059867838034424,
  "улица": 0.08059867838034424,
  "женщина": 0.08001462998628377,
  "сразу": 0.0796642009498475,
  "давать": 0.07908015255578703,
  "вообще": 0.07908015255578703,
  "директор": 0.07884653319816284,
  "сила": 0.07837929448291447,
  "балет": 0.07837929448291447,
  "современный": 0.07826248480410238,
  "премьера": 0.07826248480410238,
  "сыграть": 0.0776784364100419,
  "сергей": 0.07756162673122982,
  "лишь": 0.07697757833716935,
  "фестиваль": 0.07686076865835725,
  "репетиция": 0.07686076865835725
}