{
  "спектакль": 1.0,
  "сцена": 0.5406447091800982,
  "актёр": 0.5145409950946042,
  "роль": 0.4379817799579538,
  "играть": 0.41012613875262793,
  "пьеса": 0.38489838822704975,
  "режиссёр": 0.3763139453398739,
  "театральный": 0.3491590749824808,
  "имя": 0.31955150665732307,
  "артист": 0.3172740014015417,
  "искусство": 0.28398738612473723,
  "главный": 0.23826208829712683,
  "художественный": 0.23213034337771551,
  "зал": 0.22302032235459004,
  "зритель": 0.21110721793973372,
  "московский": 0.19744218640504557,
  "постановка": 0.19551506657323056,
  "поставить": 0.18780658724597057,
  "музыка": 0.18044849334267696,
  "советский": 0.1760686755430974,
  "любить": 0.17291520672740016,
  "история": 0.1715136650315347,
  "оказаться": 0.17046250875963562,
  "молодая": 0.16713384723195515,
  "александр": 0.16538192011212335,
  "кино": 0.16345480028030834,
  "именно": 0.16327960756832516,
  "писать": 0.15434477925718293,
  "вместе": 0.15259285213735108,
  "опера": 0.14908899789768745,
  "новое": 0.1487386124737211,
  "культура": 0.14523475823405746,
  "никто": 0.14243167484232658,
  "написать": 0.1420812894183602,
  "труппа": 0.1401541695865452,
  "николай": 0.13875262789067977,
  "актриса": 0.1384022424667134,
  "школа": 0.13682550805886476,
  "сегодня": 0.13682550805886476,
  "жена": 0.13594954449894886,
  "сидеть": 0.13524877365101615,
  "ходить": 0.13524877365101615,
  "концерт": 0.13437281009110022,
  "владимир": 0.13279607568325158,
  "отношение": 0.1326208829712684,
  "помнить": 0.13244569025928524,
  "понимать": 0.13209530483531887,
  "известный": 0.1317449194113525,
  "увидеть": 0.1315697266993693,
  "фильм": 0.13139453398738615,
  "ряд": 0.13051857042747023,
  "художник": 0.12981779957953749,
  "начать": 0.1296426068675543,
  "правда": 0.12929222144358796,
  "автор": 0.1278906797477225,
  "образ": 0.12771548703573932,
  "музыкальный": 0.12754029432375616,
  "смотреть": 0.12683952347582342,
  "выйти": 0.12613875262789068,
  "успех": 0.1259635599159075,
  "публика": 0.12543798177995796,
  "вечер": 0.1250875963559916,
  "разный": 0.12473721093202524,
  "понять": 0.12456201822004205,
  "иван": 0.12421163279607568,
  "мхат": 0.1240364400840925,
  "любовь": 0.12386124737210934,
  "мейерхольд": 0.12386124737210934,
  "знаменитый": 0.12263489838822705,
  "начало": 0.12228451296426068,
  "книга": 0.12228451296426068,
  "ставить": 0.12158374211632797,
  "остаться": 0.12158374211632797,
  "высокий": 0.12088297126839524,
  "улица": 0.12088297126839524,
  "женщина": 0.12000700770847934,
  "сразу": 0.11948142957252979,
  "давать": 0.11860546601261387,
  "вообще": 0.11860546601261387,
  "директор": 0.1182550805886475,
  "сила": 0.11755430974071479,
  "балет": 0.11755430974071479,
  "современный": 0.1173791170287316,
  "премьера": 0.1173791170287316,
  "сыграть": 0.11650315346881569,
  "сергей": 0.11632796075683251,
  "лишь": 0.11545199719691661,
  "фестиваль": 0.11527680448493342,
  "репетиция": 0.11527680448493342,
  "принять": 0.11510161177295025,
  "герой": 0.11299929922915207,
  "гастроль": 0.11299929922915207,
  "уйти": 0.11124737210932026,
  "немой": 0.11107217939733707,
  "однако": 0.1107217939733707,
  "многий": 0.11019621583742117,
  "война": 0.1087946741415557,
  "считать": 0.10861948142957252,
  "пора": 0.10844428871758936,
  "бывать": 0.1079187105816398,
  "читать": 0.1079187105816398,
  "решить": 0.10756832515767345,
  "пока": 0.10651716888577437,
  "деньга": 0.10634197617379118,
  "взять": 0.10599159074982481,
  "творческий": 0.10599159074982481,
  "первое": 0.1051156271899089,
  "прийти": 0.10476524176594253,
  "общий": 0.10476524176594253,
  "век": 0.1031885073580939,
  "замечательный": 0.1031885073580939,
  "приехать": 0.10301331464611072,
  "действие": 0.10266292922214437,
  "здание": 0.10178696566222846,
  "важный": 0.10161177295024527,
  "маленький": 0.10108619481429572,
  "огромный": 0.10091100210231256,
  "полный": 0.10091100210231256,
  "язык": 0.100385423966363,
  "появиться": 0.09985984583041346,
  "оперный": 0.09968465311843028,
  "драматический": 0.09898388227049756,
  "петь": 0.0986334968465312,
  "судьба": 0.0986334968465312,
  "некоторый": 0.09828311142256482,
  "поэтому": 0.09810791871058164,
  "кажется": 0.09723195515066572,
  "голос": 0.09688156972669938,
  "ещё": 0.09600560616678347,
  "найти": 0.09583041345480028,
  "станиславский": 0.0956552207428171,
  "часть": 0.09530483531885073,
  "например": 0.09460406447091801,
  "никакой": 0.09407848633496847,
  "руководитель": 0.09337771548703575,
  "собственный": 0.09337771548703575,
  "часто": 0.09337771548703575,
  "создать": 0.09320252277505256,
  "актёрский": 0.09320252277505256,
  "почему": 0.09232655921513666,
  "живой": 0.09232655921513666,
  "интересный": 0.09074982480728802,
  "прекрасный": 0.08987386124737211,
  "среди": 0.08987386124737211,
  "пригласить": 0.08987386124737211,
  "отец": 0.08969866853538892,
  "борис": 0.08952347582340575,
  "особенно": 0.08934828311142257,
  "сезон": 0.08934828311142257,
  "эфроса": 0.08847231955150667
}