{
  "сипайлово": 1.0,
  "жилгородка": 0.986801216373485,
  "выйти": 0.8787185968337836,
  "машина": 0.8354240674277396,
  "окно": 0.6955185974026525,
  "квартира": 0.6630477003481196,
  "дверь": 0.6229601731203009,
  "оказаться": 0.6009120331450006,
  "увидеть": 0.5936962782439934,
  "никто": 0.5836743964370387,
  "женщина": 0.545190370298333,
  "ряд": 0.5447894950260547,
  "сидеть": 0.5443886197537765,
  "двор": 0.5375737401250473,
  "ходить": 0.5059045936150707,
  "смотреть": 0.4922748343576123,
  "пока": 0.4838564536397705,
  "имя": 0.48225295255065764,
  "дорога": 0.47744244928331947,
  "выходить": 0.46581706638725207,
  "нога": 0.4602048125753575,
  "площадь": 0.456997810397132,
  "здание": 0.45619605985257555,
  "магазин": 0.4533899329466283,
  "деньга": 0.4533899329466283,
  "сразу": 0.45178643185751555,
  "остаться": 0.44416980168423004,
  "центр": 0.4357514209663881,
  "главный": 0.4305400424267717,
  "чёрный": 0.42733304024854624,
  "голова": 0.4193155348029825,
  "отец": 0.40969452826830605,
  "свет": 0.40648752609008054,
  "часть": 0.40648752609008054,
  "московский": 0.4024787733672987,
  "комната": 0.39967264646135137,
  "ночь": 0.39406039264945675,
  "именно": 0.39045251519895313,
  "стоялый": 0.38644376247617124,
  "начать": 0.3792280075751639,
  "понять": 0.3788271323028857,
  "найти": 0.3788271323028857,
  "помнить": 0.3784262570306075,
  "театр": 0.37762450648605117,
  "взять": 0.377223631213773,
  "находиться": 0.3768227559414948,
  "решить": 0.375219254852382,
  "прямо": 0.37121050212960016,
  "тысяча": 0.36639999886226193,
  "стоять": 0.3655982483177056,
  "вместе": 0.36359387195631465,
  "минута": 0.36359387195631465,
  "маленький": 0.36118862032264554,
  "земля": 0.3547746159661946,
  "пять": 0.35437374069391636,
  "огромный": 0.3515676137879691,
  "любить": 0.35116673851569086,
  "жена": 0.35076586324341275,
  "однако": 0.34675711052063085,
  "угол": 0.34675711052063085,
  "школа": 0.3431492330701272,
  "война": 0.3415457319810144,
  "правда": 0.34114485670873623,
  "иван": 0.34074398143645807,
  "стоить": 0.3387396050750671,
  "ждать": 0.33833872980278895,
  "высокий": 0.33513172762456345,
  "пойти": 0.3347308523522852,
  "далёкий": 0.33312735126317256,
  "советский": 0.33272647599089433,
  "понимать": 0.3315238501740598,
  "ещё": 0.3311229749017816,
  "вечер": 0.3279159727235561,
  "никакой": 0.325510721089887,
  "стол": 0.325510721089887,
  "район": 0.32350634472849604,
  "вода": 0.3231054694562179,
  "городской": 0.3186958414611578,
  "молодая": 0.3178940909166015,
  "вернуться": 0.3178940909166015,
  "мама": 0.31749321564432326,
  "пройти": 0.3170923403720451,
  "полный": 0.3166914650997669,
  "появиться": 0.3162905898274887,
  "пора": 0.3142862134660978,
  "вообще": 0.31268271237698503,
  "народ": 0.31228183710470686,
  "власть": 0.30666958329281224,
  "поэтому": 0.3062687080205341,
  "давать": 0.3050660822036995,
  "новое": 0.301859080025474,
  "сила": 0.301859080025474,
  "среди": 0.3010573294809176,
  "сегодня": 0.2978503273026922,
  "некоторый": 0.29584595094130123,
  "история": 0.29544507566902306,
  "совершенно": 0.29504420039674484,
  "почему": 0.2938415745799103,
  "первое": 0.2926389487630758,
  "писать": 0.2906345724016848
}