{
  "сипайлово": 1.0,
  "жилгородка": 0.986801216373485,
  "выйти": 0.585812397889189,
  "машина": 0.5569493782851597,
  "окно": 0.46367906493510175,
  "квартира": 0.4420318002320797,
  "дверь": 0.41530678208020066,
  "оказаться": 0.4006080220966671,
  "увидеть": 0.39579751882932895,
  "никто": 0.38911626429135915,
  "женщина": 0.3634602468655552,
  "ряд": 0.36319299668403643,
  "сидеть": 0.3629257465025177,
  "двор": 0.35838249341669826,
  "ходить": 0.33726972907671376,
  "смотреть": 0.3281832229050749,
  "пока": 0.3225709690931803,
  "имя": 0.3215019683671051,
  "дорога": 0.31829496618887965,
  "выходить": 0.3105447109248347,
  "нога": 0.30680320838357167,
  "площадь": 0.30466520693142135,
  "здание": 0.30413070656838376,
  "магазин": 0.30225995529775224,
  "деньга": 0.30225995529775224,
  "сразу": 0.30119095457167705,
  "остаться": 0.29611320112282,
  "центр": 0.29050094731092546,
  "главный": 0.28702669495118116,
  "чёрный": 0.28488869349903084,
  "голова": 0.27954368986865497,
  "отец": 0.273129685512204,
  "свет": 0.2709916840600537,
  "часть": 0.2709916840600537,
  "московский": 0.2683191822448658,
  "комната": 0.26644843097423426,
  "ночь": 0.2627069284329712,
  "именно": 0.26030167679930205,
  "стоялый": 0.25762917498411414,
  "начать": 0.25281867171677597,
  "понять": 0.2525514215352571,
  "найти": 0.2525514215352571,
  "помнить": 0.2522841713537383,
  "театр": 0.2517496709907008,
  "взять": 0.251482420809182,
  "находиться": 0.2512151706276632,
  "решить": 0.250146169901588,
  "прямо": 0.24747366808640014,
  "тысяча": 0.24426666590817464,
  "стоять": 0.24373216554513705,
  "вместе": 0.2423959146375431,
  "минута": 0.2423959146375431,
  "маленький": 0.24079241354843037,
  "земля": 0.23651641064412973,
  "пять": 0.2362491604626109,
  "огромный": 0.23437840919197941,
  "любить": 0.2341111590104606,
  "жена": 0.2338439088289418,
  "однако": 0.2311714070137539,
  "угол": 0.2311714070137539,
  "школа": 0.2287661553800848,
  "война": 0.22769715465400964,
  "правда": 0.22742990447249084,
  "иван": 0.22716265429097202,
  "стоить": 0.22582640338337806,
  "ждать": 0.22555915320185932,
  "высокий": 0.22342115174970897,
  "пойти": 0.22315390156819018,
  "далёкий": 0.22208490084211502,
  "советский": 0.22181765066059622,
  "понимать": 0.22101590011603986,
  "ещё": 0.22074864993452106,
  "вечер": 0.21861064848237075,
  "никакой": 0.217007147393258,
  "стол": 0.217007147393258,
  "район": 0.21567089648566404,
  "вода": 0.21540364630414524,
  "городской": 0.21246389430743853,
  "молодая": 0.21192939394440097,
  "вернуться": 0.21192939394440097,
  "мама": 0.2116621437628822,
  "пройти": 0.21139489358136337,
  "полный": 0.2111276433998446,
  "появиться": 0.2108603932183258,
  "пора": 0.20952414231073185,
  "вообще": 0.20845514158465667,
  "народ": 0.2081878914031379,
  "власть": 0.20444638886187483,
  "поэтому": 0.20417913868035603,
  "давать": 0.20337738813579967,
  "новое": 0.20123938668364935,
  "сила": 0.20123938668364935,
  "среди": 0.2007048863206118,
  "сегодня": 0.19856688486846144,
  "некоторый": 0.19723063396086749,
  "история": 0.1969633837793487,
  "совершенно": 0.19669613359782992,
  "почему": 0.19589438305327353,
  "первое": 0.19509263250871717,
  "писать": 0.1937563816011232,
  "этаж": 0.19348913141960442,
  "четыре": 0.19295463105656685,
  "час": 0.19268738087504805,
  "словно": 0.1913511299674541,
  "узнать": 0.1905493794228977,
  "играть": 0.1884113779707474,
  "вокруг": 0.1881441277892286,
  "красный": 0.18707512706315343,
  "начало": 0.18680787688163467,
  "ранний": 0.18654062670011584,
  "всякий": 0.1852043757925219,
  "семья": 0.18440262524796552,
  "разный": 0.1822646237958152,
  "стена": 0.18199737361429644,
  "из-за": 0.1817301234327776,
  "снова": 0.1817301234327776,
  "толпа": 0.18066112270670245,
  "особенно": 0.1801266223436649,
  "около": 0.1801266223436649,
  "воздух": 0.1795921219806273,
  "бывать": 0.1793248717991085,
  "считать": 0.17905762161758973,
  "голос": 0.17905762161758973,
  "назад": 0.17852312125455214,
  "образ": 0.17825587107303334,
  "немой": 0.17745412052847698,
  "уйти": 0.17718687034695818,
  "девушка": 0.1766523699839206,
  "как-то": 0.17638511980240182,
  "общий": 0.17558336925784543,
  "месяц": 0.17504886889480786,
  "принять": 0.17478161871328907,
  "утро": 0.1742471183502515,
  "книга": 0.1737126179872139,
  "например": 0.1737126179872139,
  "однажды": 0.1734453678056951,
  "автомобиль": 0.17291086744265755,
  "бывший": 0.17291086744265755,
  "попасть": 0.17210911689810118,
  "часы": 0.1707728659905072,
  "знакомый": 0.16997111544595087,
  "взгляд": 0.16997111544595087,
  "прийти": 0.16943661508291324,
  "собственный": 0.16916936490139448,
  "мужчина": 0.16916936490139448,
  "мимо": 0.16863486453835688,
  "прийтись": 0.16810036417531932,
  "небо": 0.16756586381228172,
  "снег": 0.16756586381228172,
  "домой": 0.16729861363076293
}