{
  "завокзальный": 1.0,
  "перекресток": 0.9870050730396508,
  "окзальный": 0.9436307825754563,
  "мельникать": 0.9059119739654291,
  "жилмассив": 0.8786443210978746,
  "кировка": 0.8420018263149925,
  "спартановка": 0.8336455460652477,
  "проломный": 0.832486359181152,
  "петровки": 0.8319539861163459,
  "типановый": 0.8319135855010824,
  "плотинка": 0.8304682275922045,
  "автозаводской": 0.8296635820048753,
  "черниковка": 0.8285195021884529,
  "дворовая": 0.827871970104926,
  "петроградка": 0.8242048373348646,
  "сипайлово": 0.8241043537533121,
  "доваторец": 0.8232139863476998,
  "королевка": 0.8140378671168516,
  "жилгородка": 0.8132271787024531,
  "краснолесье": 0.8106683867430042,
  "неподалеку": 0.8083783279359378,
  "выйти": 0.7241558213747225,
  "машина": 0.6884766111975007,
  "окно": 0.573179904235923,
  "квартира": 0.5464204966030068,
  "дверь": 0.5133841908833571,
  "оказаться": 0.49521422273754967,
  "увидеть": 0.48926768770801277,
  "никто": 0.4810086112781003,
  "женщина": 0.44929375778723657,
  "ряд": 0.44896339473004004,
  "сидеть": 0.4486330316728435,
  "двор": 0.4430168597005031,
  "ходить": 0.41691817818197985,
  "смотреть": 0.40568583423729887,
  "пока": 0.39874821003617245,
  "имя": 0.3974267578073864,
  "дорога": 0.3934624011210285,
  "выходить": 0.3838818724623301,
  "нога": 0.3792567896615791,
  "площадь": 0.3766138852040071,
  "здание": 0.3759531590896141,
  "магазин": 0.3736406176892387,
  "деньга": 0.3736406176892387,
  "сразу": 0.37231916546045263,
  "остаться": 0.3660422673737192,
  "центр": 0.3591046431725927,
  "главный": 0.3548099234290383,
  "чёрный": 0.3521670189714663,
  "голова": 0.34555975782753634,
  "отец": 0.3376310444548204,
  "свет": 0.3349881399972484,
  "часть": 0.3349881399972484,
  "московский": 0.3316845094252835,
  "комната": 0.329371968024908,
  "ночь": 0.324746885224157,
  "именно": 0.32177361770938856,
  "стоялый": 0.3184699871374235,
  "начать": 0.3125234521078866,
  "понять": 0.3121930890506901,
  "найти": 0.3121930890506901,
  "помнить": 0.3118627259934936,
  "театр": 0.3112019998791006,
  "взять": 0.3108716368219041,
  "находиться": 0.31054127376470764,
  "решить": 0.3092198215359216,
  "прямо": 0.30591619096395667,
  "тысяча": 0.30195183427759864,
  "стоять": 0.3012911081632057,
  "вместе": 0.2996392928772232,
  "минута": 0.2996392928772232,
  "маленький": 0.2976571145340442,
  "земля": 0.29237130561890023,
  "пять": 0.29204094256170376,
  "огромный": 0.28972840116132825,
  "любить": 0.2893980381041318,
  "жена": 0.2890676750469353,
  "однако": 0.2857640444749703,
  "угол": 0.2857640444749703,
  "школа": 0.28279077696020183,
  "война": 0.28146932473141584,
  "правда": 0.2811389616742193,
  "иван": 0.28080859861702284,
  "стоить": 0.2791567833310404,
  "ждать": 0.27882642027384386,
  "высокий": 0.2761835158162719,
  "пойти": 0.27585315275907535,
  "далёкий": 0.2745317005302894,
  "советский": 0.2742013374730929,
  "понимать": 0.2732102483015034,
  "ещё": 0.2728798852443069,
  "вечер": 0.2702369807867349,
  "никакой": 0.26825480244355593,
  "стол": 0.26825480244355593,
  "район": 0.2666029871575734,
  "вода": 0.26627262410037694,
  "городской": 0.2626386304712155,
  "молодая": 0.2619779043568225,
  "вернуться": 0.2619779043568225,
  "мама": 0.261647541299626
}