{
  "научноисследовательский": 1.0,
  "криптозоолог": 0.9882519893828879,
  "патофизиолог": 0.9828663511960061,
  "патролог": 0.977921407015774,
  "индолог": 0.9768422565850515,
  "исследовани": 0.9612873685294793,
  "нанотехнолог": 0.960595985619314,
  "этимолог": 0.9539320598703626,
  "астробиология": 0.9492688338507985,
  "гляциолог": 0.9464876893877093,
  "текстолог": 0.9311586471911599,
  "курортолог": 0.9310031081299894,
  "патоморфолог": 0.9282429771511744,
  "цитолог": 0.922845359314379,
  "уфолог": 0.9212760251757253,
  "миколог": 0.9188615365550671,
  "наука": 0.8237097303331707,
  "научный": 0.6112315353275434,
  "исследование": 0.41120627482774036,
  "институт": 0.39434292601776993,
  "проблема": 0.30328084244392967,
  "развитие": 0.28045046251658506,
  "однако": 0.2586578271313925,
  "книга": 0.25580402964047444,
  "история": 0.25243135987848037,
  "лишь": 0.25243135987848037,
  "известный": 0.2498369985231003,
  "имя": 0.24464827581234017,
  "область": 0.24283222286357412,
  "результат": 0.23608688333958597,
  "высокий": 0.22778492700236974,
  "университет": 0.22622831018914172,
  "советский": 0.22389338496929964,
  "век": 0.22233676815607162,
  "считать": 0.21559142863208344,
  "оказаться": 0.2148131202254694,
  "число": 0.21325650341224137,
  "земля": 0.21014326978578532,
  "группа": 0.2059922916171772,
  "являться": 0.20106300504195507,
  "некоторый": 0.20080356890641707,
  "разный": 0.19327992097581487,
  "новое": 0.19276104870473884,
  "например": 0.19172330416258684,
  "процесс": 0.18757232599397872,
  "современный": 0.18705345372290272,
  "важный": 0.18705345372290272,
  "отношение": 0.18523740077413667,
  "создать": 0.18523740077413667,
  "многий": 0.18471852850306064,
  "специалист": 0.18394022009644664,
  "язык": 0.18368078396090862,
  "теория": 0.1821241671476806,
  "общество": 0.18004867806337654,
  "профессор": 0.1784920612501485,
  "академия": 0.1774543167079965,
  "часть": 0.17174672172616032,
  "многие": 0.17096841331954632,
  "идея": 0.1699306687773943,
  "образ": 0.16837405196416624,
  "возможность": 0.16759574355755222,
  "тысяча": 0.16733630742201422,
  "труд": 0.16707687128647622,
  "автор": 0.16577969060878617,
  "совет": 0.16552025447324817,
  "культура": 0.16422307379555812,
  "найти": 0.1626664569823301,
  "ряд": 0.16033153176248804,
  "американский": 0.15955322335587402,
  "среди": 0.15877491494926,
  "общий": 0.157996606542646,
  "деятельность": 0.15618055359387992,
  "называть": 0.15488337291618992,
  "писать": 0.15332675610296187,
  "решение": 0.15177013928973385,
  "центр": 0.15177013928973385,
  "главный": 0.1507323947475818,
  "молодая": 0.14839746952773974,
  "метр": 0.14632198044343567,
  "сила": 0.14554367203682167,
  "пока": 0.14528423590128367,
  "академик": 0.14424649135913165,
  "школа": 0.14346818295251762,
  "государственный": 0.1432087468169796,
  "поэтому": 0.1429493106814416,
  "знание": 0.1421710022748276,
  "крупный": 0.14113325773267554,
  "заниматься": 0.14061438546159954,
  "начать": 0.14061438546159954,
  "уровень": 0.14035494932606155,
  "народ": 0.14009551319052352,
  "создание": 0.14009551319052352,
  "начало": 0.13827946024175747,
  "условие": 0.13827946024175747,
  "назад": 0.13698227956406744,
  "социальный": 0.13672284342852944,
  "степень": 0.13646340729299145,
  "ссср": 0.13646340729299145,
  "основа": 0.13646340729299145,
  "журнал": 0.13620397115745345
}