{
  "курортолог": 1.0,
  "наука": 0.8847550809875083,
  "научный": 0.6565300695453763,
  "исследование": 0.4416808829496695,
  "институт": 0.42356778680346857,
  "проблема": 0.32575706761398343,
  "развитие": 0.30123472206220364,
  "однако": 0.2778270285809593,
  "книга": 0.27476173538698684,
  "история": 0.27113911615774666,
  "лишь": 0.27113911615774666,
  "известный": 0.26835248598140804,
  "имя": 0.2627792256287308,
  "область": 0.2608285845052938,
  "результат": 0.25358334604681343,
  "высокий": 0.24466612948252986,
  "университет": 0.24299415137672672,
  "советский": 0.24048618421802193,
  "век": 0.2388142061122188,
  "считать": 0.2315689676537384,
  "оказаться": 0.2307329786008368,
  "число": 0.22906100049503364,
  "земля": 0.22571704428342734,
  "группа": 0.22125843600128556,
  "являться": 0.2159638386662422,
  "некоторый": 0.21568517564860834,
  "разный": 0.20760394813722638,
  "новое": 0.20704662210195862,
  "например": 0.2059319700314232,
  "процесс": 0.2014733617492814,
  "современный": 0.2009160357140137,
  "важный": 0.2009160357140137,
  "отношение": 0.1989653945905767,
  "создать": 0.1989653945905767,
  "многий": 0.19840806855530896,
  "специалист": 0.19757207950240738,
  "язык": 0.19729341648477353,
  "теория": 0.19562143837897034,
  "общество": 0.19339213423789947,
  "профессор": 0.1917201561320963,
  "академия": 0.19060550406156085,
  "часть": 0.1844749176736159,
  "многие": 0.18363892862071432,
  "идея": 0.1825242765501789,
  "образ": 0.18085229844437573,
  "возможность": 0.18001630939147414,
  "тысяча": 0.1797376463738403,
  "труд": 0.17945898335620641,
  "автор": 0.1780656682680371,
  "совет": 0.17778700525040325,
  "культура": 0.17639369016223394,
  "найти": 0.17472171205643078,
  "ряд": 0.17221374489772603,
  "американский": 0.17137775584482445,
  "среди": 0.17054176679192284,
  "общий": 0.1697057777390213,
  "деятельность": 0.16775513661558425,
  "называть": 0.16636182152741497,
  "писать": 0.16468984342161178,
  "решение": 0.16301786531580864,
  "центр": 0.16301786531580864,
  "главный": 0.16190321324527318,
  "молодая": 0.1593952460865684,
  "метр": 0.15716594194549752,
  "сила": 0.15632995289259596,
  "пока": 0.15605128987496208,
  "академик": 0.15493663780442665,
  "школа": 0.15410064875152507,
  "государственный": 0.1538219857338912,
  "поэтому": 0.15354332271625734,
  "знание": 0.15270733366335576,
  "крупный": 0.1515926815928203,
  "заниматься": 0.1510353555575526,
  "начать": 0.1510353555575526,
  "уровень": 0.15075669253991875,
  "народ": 0.15047802952228487,
  "создание": 0.15047802952228487,
  "начало": 0.14852738839884785,
  "условие": 0.14852738839884785,
  "назад": 0.14713407331067854,
  "социальный": 0.1468554102930447,
  "степень": 0.14657674727541084,
  "ссср": 0.14657674727541084,
  "основа": 0.14657674727541084,
  "журнал": 0.146298084257777,
  "исследователь": 0.14546209520487538,
  "сегодня": 0.14518343218724153,
  "пора": 0.14518343218724153,
  "власть": 0.14211813899326906,
  "метод": 0.14128214994036747,
  "подобный": 0.14072482390509977,
  "принять": 0.14044616088746587,
  "путь": 0.13905284579929658,
  "международный": 0.13905284579929658,
  "открытие": 0.13877418278166273,
  "опыт": 0.13765953071112727,
  "помощь": 0.13765953071112727,
  "необходимый": 0.136266215622958,
  "обнаружить": 0.1359875526053241,
  "внимание": 0.1354302265700564
}