{
  "курортолог": 1.0,
  "регионовед": 0.9583743835350449,
  "наука": 0.5898367206583388,
  "научный": 0.4376867130302508,
  "исследование": 0.2944539219664464,
  "институт": 0.2823785245356457,
  "проблема": 0.21717137840932227,
  "развитие": 0.20082314804146909,
  "однако": 0.18521801905397287,
  "книга": 0.18317449025799123,
  "история": 0.18075941077183108,
  "лишь": 0.18075941077183108,
  "известный": 0.17890165732093868,
  "имя": 0.17518615041915386,
  "область": 0.1738857230035292,
  "результат": 0.16905556403120894,
  "высокий": 0.16311075298835323,
  "университет": 0.1619961009178178,
  "советский": 0.16032412281201464,
  "век": 0.1592094707414792,
  "считать": 0.15437931176915892,
  "оказаться": 0.1538219857338912,
  "число": 0.15270733366335576,
  "земля": 0.15047802952228487,
  "группа": 0.14750562400085704,
  "являться": 0.14397589244416145,
  "некоторый": 0.14379011709907222,
  "разный": 0.13840263209148423,
  "новое": 0.13803108140130577,
  "например": 0.1372879800209488,
  "процесс": 0.13431557449952095,
  "современный": 0.13394402380934245,
  "важный": 0.13394402380934245,
  "отношение": 0.13264359639371778,
  "создать": 0.13264359639371778,
  "многий": 0.13227204570353931,
  "специалист": 0.13171471966827158,
  "язык": 0.13152894432318232,
  "теория": 0.1304142922526469,
  "общество": 0.128928089491933,
  "профессор": 0.12781343742139753,
  "академия": 0.12707033604104057,
  "часть": 0.12298327844907728,
  "многие": 0.12242595241380956,
  "идея": 0.12168285103345258,
  "образ": 0.12056819896291715,
  "возможность": 0.1200108729276494,
  "тысяча": 0.11982509758256019,
  "труд": 0.11963932223747095,
  "автор": 0.11871044551202475,
  "совет": 0.11852467016693549,
  "культура": 0.1175957934414893,
  "найти": 0.11648114137095386,
  "ряд": 0.11480916326515068,
  "американский": 0.11425183722988297,
  "среди": 0.11369451119461525,
  "общий": 0.11313718515934754,
  "деятельность": 0.11183675774372284,
  "называть": 0.11090788101827664,
  "писать": 0.1097932289477412,
  "решение": 0.10867857687720575,
  "центр": 0.10867857687720575,
  "главный": 0.10793547549684879,
  "молодая": 0.10626349739104562,
  "метр": 0.1047772946303317,
  "сила": 0.10421996859506398,
  "пока": 0.10403419324997473,
  "академик": 0.10329109186961777,
  "школа": 0.10273376583435005,
  "государственный": 0.10254799048926082,
  "поэтому": 0.10236221514417157,
  "знание": 0.10180488910890385,
  "крупный": 0.10106178772854688,
  "заниматься": 0.10069023703836841,
  "начать": 0.10069023703836841,
  "уровень": 0.10050446169327916,
  "народ": 0.10031868634818993,
  "создание": 0.10031868634818993,
  "начало": 0.09901825893256525,
  "условие": 0.09901825893256525,
  "назад": 0.09808938220711903,
  "социальный": 0.0979036068620298,
  "степень": 0.09771783151694055,
  "ссср": 0.09771783151694055,
  "основа": 0.09771783151694055,
  "журнал": 0.09753205617185132,
  "исследователь": 0.09697473013658359,
  "сегодня": 0.09678895479149435,
  "пора": 0.09678895479149435,
  "власть": 0.09474542599551271,
  "метод": 0.09418809996024498,
  "подобный": 0.0938165492700665,
  "принять": 0.09363077392497726,
  "путь": 0.09270189719953105,
  "международный": 0.09270189719953105,
  "открытие": 0.09251612185444182,
  "опыт": 0.09177302047408485,
  "помощь": 0.09177302047408485,
  "необходимый": 0.09084414374863865,
  "обнаружить": 0.09065836840354942,
  "внимание": 0.09028681771337092,
  "существовать": 0.09010104236828169,
  "статья": 0.08954371633301397,
  "роль": 0.08935794098792472,
  "связь": 0.08917216564283548,
  "использовать": 0.0869428615017646,
  "миллион": 0.08675708615667536,
  "интерес": 0.08675708615667536,
  "проект": 0.08638553546649687,
  "образование": 0.08638553546649687,
  "задача": 0.08619976012140763,
  "форма": 0.08582820943122915,
  "природа": 0.08527088339596142,
  "качество": 0.08527088339596142,
  "иной": 0.0847135573606937,
  "мировой": 0.08434200667051522,
  "организм": 0.08434200667051522,
  "клетка": 0.08415623132542599,
  "программа": 0.08397045598033676,
  "сша": 0.08378468063524751,
  "ещё": 0.08359890529015826,
  "различный": 0.08359890529015826,
  "право": 0.08322735459997978,
  "вместе": 0.08285580390980131,
  "направление": 0.08136960114908737,
  "давать": 0.08118382580399815,
  "оставаться": 0.08118382580399815,
  "закон": 0.08044072442364117,
  "удаться": 0.08025494907855193,
  "государство": 0.07988339838837345,
  "появиться": 0.07932607235310574,
  "мозг": 0.07858297097274876,
  "материал": 0.07802564493748104,
  "организация": 0.07802564493748104,
  "никто": 0.07765409424730256,
  "происходить": 0.07765409424730256,
  "писатель": 0.07746831890221333,
  "почему": 0.07728254355712409,
  "провести": 0.07728254355712409,
  "находиться": 0.07709676821203484,
  "разработка": 0.07672521752185636,
  "понять": 0.07653944217676713,
  "доктор": 0.07616789148658865,
  "информация": 0.0759821161414994,
  "прошлое": 0.07579634079641015,
  "причина": 0.07561056545132093,
  "война": 0.07561056545132093,
  "александр": 0.07561056545132093,
  "собственный": 0.07542479010623168,
  "около": 0.07542479010623168
}