{
  "являться": 1.0,
  "отношение": 0.9678899082568807,
  "однако": 0.9089121887287025,
  "суд": 0.8519003931847968,
  "история": 0.827653997378768,
  "именно": 0.8269986893840104,
  "лишь": 0.7929226736566186,
  "право": 0.7621231979030144,
  "решение": 0.7064220183486238,
  "власть": 0.6546526867627785,
  "число": 0.6415465268676278,
  "закон": 0.6277850589777195,
  "проблема": 0.6179554390563565,
  "советский": 0.6153342070773263,
  "образ": 0.5969855832241153,
  "процесс": 0.5910878112712975,
  "некоторый": 0.5694626474442989,
  "результат": 0.5681520314547838,
  "например": 0.5655307994757536,
  "считать": 0.562254259501966,
  "важный": 0.5570117955439057,
  "сила": 0.5563564875491481,
  "политический": 0.5511140235910879,
  "общий": 0.5484927916120577,
  "информация": 0.5478374836173001,
  "событие": 0.5327653997378768,
  "известный": 0.5307994757536042,
  "связь": 0.5262123197903015,
  "иной": 0.5242463958060288,
  "оказаться": 0.5203145478374837,
  "книга": 0.5150720838794234,
  "действие": 0.5111402359108781,
  "главный": 0.509829619921363,
  "возможность": 0.5052424639580603,
  "принять": 0.5052424639580603,
  "война": 0.5006553079947575,
  "деятельность": 0.49934469200524245,
  "тысяча": 0.4980340760157274,
  "автор": 0.4967234600262123,
  "орган": 0.4875491480996068,
  "статья": 0.4849279161205767,
  "документ": 0.4829619921363041,
  "имя": 0.48099606815203144,
  "область": 0.4796854521625164,
  "государственный": 0.4796854521625164,
  "высокий": 0.4783748361730013,
  "ситуация": 0.47771952817824376,
  "новое": 0.47313237221494103,
  "деньга": 0.4705111402359109,
  "поэтому": 0.4659239842726081,
  "общество": 0.4659239842726081,
  "государство": 0.4646133682830931,
  "пока": 0.463302752293578,
  "уровень": 0.45740498034076016,
  "качество": 0.45609436435124506,
  "группа": 0.45609436435124506,
  "президент": 0.45478374836173,
  "развитие": 0.4541284403669725,
  "средство": 0.4528178243774574,
  "оставаться": 0.45150720838794234,
  "необходимый": 0.4508519003931848,
  "внимание": 0.44692005242463956,
  "ряд": 0.44233289646133683,
  "рф": 0.43774574049803405,
  "вообще": 0.43577981651376146,
  "наука": 0.42988204456094364,
  "писать": 0.42857142857142855,
  "причина": 0.4259501965923984,
  "газета": 0.42201834862385323,
  "никакой": 0.4200524246395806,
  "уголовный": 0.41939711664482304,
  "мера": 0.41874180865006555,
  "организация": 0.4167758846657929,
  "компания": 0.4167758846657929,
  "подобный": 0.41546526867627787,
  "мнение": 0.4148099606815203,
  "исследование": 0.41415465268676277,
  "правда": 0.41284403669724773,
  "смысл": 0.40629095674967236,
  "сегодня": 0.4036697247706422,
  "значение": 0.4030144167758847,
  "собственный": 0.4017038007863696,
  "условие": 0.4017038007863696,
  "народ": 0.40104849279161203,
  "давать": 0.39908256880733944,
  "военный": 0.3977719528178244,
  "момент": 0.3931847968545216,
  "находиться": 0.3931847968545216,
  "интерес": 0.3931847968545216,
  "почему": 0.39121887287024903,
  "против": 0.3885976408912189,
  "следовать": 0.3840104849279161,
  "материал": 0.382699868938401,
  "начало": 0.38073394495412843,
  "многий": 0.38073394495412843,
  "исторический": 0.3794233289646134,
  "кроме": 0.3781127129750983,
  "разный": 0.3768020969855832,
  "роль": 0.3768020969855832,
  "социальный": 0.3748361730013106
}