{
  "неподтверждение": 1.0,
  "задокументированный": 0.9852527260730657,
  "безосновательность": 0.9299696572440617,
  "правоподтверждать": 0.92535899083206,
  "неправдоподобность": 0.9166646409223503,
  "неосновательность": 0.915357818794277,
  "являться": 0.9103486595360467,
  "видеодоказательство": 0.8993014437769135,
  "докозательство": 0.8857868714404779,
  "подложность": 0.884514722096819,
  "отношение": 0.8811172805601185,
  "общеизвестность": 0.8737785846992638,
  "непризнавать": 0.8692601077406584,
  "доследственная": 0.8692569063411585,
  "неоправданность": 0.864788837859425,
  "неоспоримость": 0.852947457980275,
  "неподлинность": 0.8428516547437144,
  "доказ": 0.8396461314071398,
  "доподлинный": 0.83450153667176,
  "порассказать": 0.831297912470482,
  "однако": 0.8274269926451486,
  "суд": 0.7755263809940109,
  "история": 0.7534537070734121,
  "именно": 0.7528571483188014,
  "лишь": 0.721836093079041,
  "право": 0.6937978316123344,
  "решение": 0.6430903374704183,
  "власть": 0.5959621958561669,
  "число": 0.5840310207639513,
  "закон": 0.5715032869171249,
  "проблема": 0.5625549055979634,
  "советский": 0.5601686705795202,
  "образ": 0.5434650254504184,
  "процесс": 0.5380959966589214,
  "некоторый": 0.5184095577567658,
  "результат": 0.5172164402475442,
  "например": 0.5148302052291011,
  "считать": 0.5118474114560473,
  "важный": 0.507074941419161,
  "сила": 0.5064783826645503,
  "политический": 0.5017059126276641,
  "общий": 0.49931967760922086,
  "информация": 0.49872311885461007,
  "событие": 0.48500226749856223,
  "известный": 0.48321259123472987,
  "связь": 0.47903667995245447,
  "иной": 0.4772470036886221,
  "оказаться": 0.4736676511609575,
  "книга": 0.46889518112407125,
  "действие": 0.4653158285964065,
  "главный": 0.46412271108718495,
  "возможность": 0.45994679980490955,
  "принять": 0.45994679980490955,
  "война": 0.45577088852263414,
  "деятельность": 0.45457777101341257,
  "тысяча": 0.45338465350419105,
  "автор": 0.4521915359949694,
  "орган": 0.44383971343041856,
  "статья": 0.44145347841197546,
  "документ": 0.43966380214814316,
  "имя": 0.4378741258843108,
  "область": 0.4366810083750893,
  "государственный": 0.4366810083750893,
  "высокий": 0.43548789086586764,
  "ситуация": 0.43489133211125686,
  "новое": 0.43071542082898145,
  "деньга": 0.42832918581053836,
  "поэтому": 0.4241532745282629,
  "общество": 0.4241532745282629,
  "государство": 0.4229601570190414,
  "пока": 0.4217670395098198,
  "уровень": 0.4163980107183228,
  "качество": 0.4152048932091012,
  "группа": 0.4152048932091012,
  "президент": 0.4140117756998797,
  "развитие": 0.4134152169452689,
  "средство": 0.4122220994360473,
  "оставаться": 0.4110289819268258,
  "необходимый": 0.410432423172215,
  "внимание": 0.40685307064455034,
  "ряд": 0.4026771593622749,
  "рф": 0.3985012480799994,
  "вообще": 0.3967115718161671,
  "наука": 0.39134254302467014,
  "писать": 0.39014942551544857,
  "причина": 0.38776319049700547,
  "газета": 0.3841838379693408,
  "никакой": 0.38239416170550844,
  "уголовный": 0.38179760295089765,
  "мера": 0.3812010441962869,
  "организация": 0.37941136793245456,
  "компания": 0.37941136793245456,
  "подобный": 0.37821825042323304,
  "мнение": 0.37762169166862225,
  "исследование": 0.37702513291401146,
  "правда": 0.37583201540478994,
  "смысл": 0.3698664278586821,
  "сегодня": 0.36748019284023903,
  "значение": 0.36688363408562824,
  "собственный": 0.36569051657640667
}