{
  "являться": 1.0,
  "отношение": 0.9678899082568808,
  "однако": 0.9089121887287025,
  "суд": 0.8519003931847968,
  "история": 0.8276539973787681,
  "именно": 0.8269986893840104,
  "лишь": 0.7929226736566187,
  "право": 0.7621231979030144,
  "решение": 0.7064220183486238,
  "власть": 0.6546526867627785,
  "число": 0.6415465268676278,
  "закон": 0.6277850589777195,
  "проблема": 0.6179554390563565,
  "советский": 0.6153342070773263,
  "образ": 0.5969855832241154,
  "процесс": 0.5910878112712975,
  "некоторый": 0.5694626474442989,
  "результат": 0.5681520314547838,
  "например": 0.5655307994757537,
  "считать": 0.562254259501966,
  "важный": 0.5570117955439057,
  "сила": 0.5563564875491481,
  "политический": 0.5511140235910879,
  "общий": 0.5484927916120577,
  "информация": 0.5478374836173002,
  "событие": 0.5327653997378768,
  "известный": 0.5307994757536042,
  "связь": 0.5262123197903015,
  "иной": 0.5242463958060289,
  "оказаться": 0.5203145478374837,
  "книга": 0.5150720838794234,
  "действие": 0.5111402359108781,
  "главный": 0.5098296199213631,
  "возможность": 0.5052424639580604,
  "принять": 0.5052424639580604,
  "война": 0.5006553079947575,
  "деятельность": 0.4993446920052425,
  "тысяча": 0.4980340760157274,
  "автор": 0.49672346002621237,
  "орган": 0.4875491480996068,
  "статья": 0.4849279161205767,
  "документ": 0.4829619921363041,
  "имя": 0.48099606815203144,
  "область": 0.4796854521625164,
  "государственный": 0.4796854521625164,
  "высокий": 0.4783748361730013,
  "ситуация": 0.4777195281782438,
  "новое": 0.47313237221494103,
  "деньга": 0.4705111402359109,
  "поэтому": 0.4659239842726081,
  "общество": 0.4659239842726081,
  "государство": 0.4646133682830931,
  "пока": 0.463302752293578,
  "уровень": 0.45740498034076016,
  "качество": 0.45609436435124506,
  "группа": 0.45609436435124506,
  "президент": 0.45478374836173,
  "развитие": 0.45412844036697253,
  "средство": 0.45281782437745743,
  "оставаться": 0.4515072083879424,
  "необходимый": 0.4508519003931848,
  "внимание": 0.4469200524246396,
  "ряд": 0.44233289646133683,
  "рф": 0.4377457404980341,
  "вообще": 0.43577981651376146,
  "наука": 0.42988204456094364,
  "писать": 0.42857142857142855,
  "причина": 0.4259501965923984,
  "газета": 0.42201834862385323,
  "никакой": 0.4200524246395806,
  "уголовный": 0.4193971166448231,
  "мера": 0.4187418086500655,
  "организация": 0.41677588466579296,
  "компания": 0.41677588466579296,
  "подобный": 0.41546526867627787,
  "мнение": 0.4148099606815203,
  "исследование": 0.4141546526867628,
  "правда": 0.41284403669724773,
  "смысл": 0.4062909567496723,
  "сегодня": 0.40366972477064217,
  "значение": 0.4030144167758847,
  "собственный": 0.40170380078636964,
  "условие": 0.40170380078636964,
  "народ": 0.40104849279161203,
  "давать": 0.3990825688073395,
  "военный": 0.3977719528178244,
  "момент": 0.3931847968545216,
  "находиться": 0.3931847968545216,
  "интерес": 0.3931847968545216,
  "почему": 0.391218872870249,
  "против": 0.38859764089121884,
  "следовать": 0.3840104849279162,
  "материал": 0.3826998689384011,
  "начало": 0.38073394495412843,
  "многий": 0.38073394495412843,
  "исторический": 0.3794233289646134,
  "кроме": 0.3781127129750983,
  "разный": 0.37680209698558326,
  "роль": 0.37680209698558326,
  "социальный": 0.37483617300131067,
  "язык": 0.3735255570117956,
  "существовать": 0.37221494102228053,
  "правительство": 0.36762778505897775,
  "основание": 0.3656618610747051,
  "цель": 0.36304062909567497,
  "начать": 0.36304062909567497,
  "миллион": 0.3623853211009175,
  "форма": 0.3564875491480996,
  "оно": 0.35583224115334205,
  "рынок": 0.35386631716906947,
  "понимать": 0.35386631716906947,
  "мысль": 0.3532110091743119,
  "совершенно": 0.3525557011795544,
  "письмо": 0.3525557011795544,
  "полный": 0.3505897771952818,
  "заявление": 0.34600262123197906,
  "речь": 0.34600262123197906,
  "обстоятельство": 0.34600262123197906,
  "любой": 0.3453473132372215,
  "происходить": 0.344692005242464,
  "привести": 0.344692005242464,
  "идея": 0.3420707732634338,
  "многие": 0.3414154652686763,
  "век": 0.3414154652686763,
  "поскольку": 0.34076015727391873,
  "состояние": 0.34076015727391873,
  "ваш": 0.3374836173001311,
  "научный": 0.33486238532110096,
  "менее": 0.3322411533420708,
  "определённый": 0.3322411533420708,
  "пример": 0.3322411533420708,
  "понять": 0.3315858453473133,
  "современный": 0.33093053735255573,
  "особенно": 0.3302752293577982,
  "правило": 0.3302752293577982,
  "период": 0.32830930537352554,
  "теория": 0.32830930537352554,
  "называть": 0.32830930537352554,
  "реальный": 0.32765399737876805,
  "следующий": 0.32634338138925295,
  "существование": 0.3256880733944954,
  "точка": 0.32044560943643513,
  "решить": 0.31979030144167764,
  "прошлое": 0.31979030144167764,
  "остаться": 0.31979030144167764,
  "положение": 0.3191349934469201,
  "вместе": 0.31847968545216254,
  "первое": 0.31520314547837486,
  "нужно": 0.3145478374836173,
  "среди": 0.31389252948885976
}