{
  "росвоенцентр": 1.0,
  "росохотрыболовсоюз": 0.9453366949981464,
  "государственный": 0.9366592674310062,
  "всестилевой": 0.9178156697052663,
  "госагентство": 0.9149706114865318,
  "всеяпонский": 0.8850365346565608,
  "закон": 0.8406061095628055,
  "орган": 0.8043277152994733,
  "субъект": 0.7146655698921704,
  "право": 0.5394766400816753,
  "президент": 0.5150404159664774,
  "суд": 0.5144765031022805,
  "власть": 0.4834612955714525,
  "совет": 0.45301000090482135,
  "правительство": 0.45131826231223077,
  "область": 0.39718262734933096,
  "рф": 0.3819569800160154,
  "гражданин": 0.3734982870530623,
  "законодательство": 0.36353582645225085,
  "решение": 0.353949307760904,
  "организация": 0.3473703243452738,
  "территория": 0.3400394571107145,
  "соответствие": 0.3394755442465176,
  "порядок": 0.3289491707815093,
  "деятельность": 0.3122197558103354,
  "государство": 0.3116558429461386,
  "средство": 0.2859038221478147,
  "международный": 0.28515193832888547,
  "являться": 0.28064063541531054,
  "статья": 0.27857295491325534,
  "иной": 0.2763173034564678,
  "кодекс": 0.2614675980326168,
  "отношение": 0.2599638303947585,
  "принять": 0.24229456064992314,
  "иностранный": 0.24154267683099395,
  "регион": 0.23308398386804088,
  "развитие": 0.23064036145652111,
  "республика": 0.22932456477339505,
  "часть": 0.22274558135776487,
  "акт": 0.21973804608204822,
  "сила": 0.21879819130838676,
  "число": 0.21767036557999303,
  "конституция": 0.21729442367052842,
  "договор": 0.21428688839481178,
  "положение": 0.21259514980222116,
  "связь": 0.21033949834543367,
  "бюджет": 0.21033949834543367,
  "правовой": 0.2007529796540868,
  "местный": 0.19736950246890558,
  "комиссия": 0.196993560559441,
  "управление": 0.19642964769524413,
  "председатель": 0.1904145771438108,
  "министерство": 0.1860912451849681,
  "исполнительный": 0.18590327423023584,
  "представитель": 0.17913631985987336,
  "постановление": 0.17556487171995983,
  "проведение": 0.17556487171995983,
  "проблема": 0.17462501694629837,
  "ст": 0.1744370459915661,
  "документ": 0.1738731331273692,
  "установленный": 0.17274530739897545,
  "обеспечение": 0.17067762689692026,
  "образование": 0.16898588830432962,
  "общий": 0.16860994639486507,
  "член": 0.16860994639486507,
  "гражданский": 0.16860994639486507,
  "судебный": 0.1678580625759359,
  "соответствующий": 0.1674821206664713,
  "политический": 0.16541444016441612,
  "использование": 0.16503849825495154,
  "уровень": 0.16240690488869947,
  "экономический": 0.161467050115038,
  "условие": 0.161467050115038,
  "безопасность": 0.16090313725084113,
  "высокий": 0.16033922438664425,
  "действие": 0.16033922438664425,
  "программа": 0.16033922438664425,
  "дума": 0.15996328247717967,
  "объект": 0.15977531152244737,
  "национальный": 0.15845951483932136,
  "конституционный": 0.15789560197512445,
  "военный": 0.15770763102039217,
  "служба": 0.1571437181561953,
  "основа": 0.1550760376541401,
  "министр": 0.15413618288047864,
  "референдум": 0.15413618288047864,
  "комитет": 0.15394821192574637,
  "цель": 0.15225647333315573,
  "проект": 0.15188053142369115,
  "участие": 0.15169256046895885,
  "политика": 0.15075270569529742,
  "региональный": 0.15018879283110054,
  "глава": 0.1473692285101162,
  "судья": 0.1473692285101162,
  "состав": 0.14680531564591928,
  "настоящий": 0.146617344691187,
  "защита": 0.14586546087225782,
  "предприятие": 0.14511357705332867,
  "юридический": 0.14492560609859637,
  "изменение": 0.1439857513249349
}