{
  "росвоенцентр": 1.0,
  "росохотрыболовсоюз": 0.9453366949981464,
  "всестилевой": 0.9178156697052663,
  "госагентство": 0.9149706114865318,
  "всеяпонский": 0.8850365346565608,
  "росхимпрофсоюз": 0.8678499488604134,
  "государственный": 0.6244395116206708,
  "закон": 0.5604040730418703,
  "орган": 0.5362184768663155,
  "субъект": 0.476443713261447,
  "право": 0.3596510933877835,
  "президент": 0.34336027731098495,
  "суд": 0.34298433540152035,
  "власть": 0.3223075303809684,
  "совет": 0.30200666726988096,
  "правительство": 0.3008788415414872,
  "область": 0.26478841823288735,
  "рф": 0.2546379866773436,
  "гражданин": 0.24899885803537486,
  "законодательство": 0.2423572176348339,
  "решение": 0.23596620517393602,
  "организация": 0.23158021623018257,
  "территория": 0.22669297140714298,
  "соответствие": 0.2263170294976784,
  "порядок": 0.21929944718767286,
  "деятельность": 0.20814650387355693,
  "государство": 0.20777056196409235,
  "средство": 0.1906025480985431,
  "международный": 0.19010129221925698,
  "являться": 0.18709375694354036,
  "статья": 0.18571530327550353,
  "иной": 0.18421153563764522,
  "кодекс": 0.17431173202174455,
  "отношение": 0.17330922026317233,
  "принять": 0.16152970709994877,
  "иностранный": 0.16102845122066264,
  "регион": 0.15538932257869392,
  "развитие": 0.15376024097101407,
  "республика": 0.15288304318226337,
  "часть": 0.14849705423850992,
  "акт": 0.14649203072136546,
  "сила": 0.14586546087225782,
  "число": 0.14511357705332867,
  "конституция": 0.14486294911368564,
  "договор": 0.1428579255965412,
  "положение": 0.14173009986814744,
  "связь": 0.1402263322302891,
  "бюджет": 0.1402263322302891,
  "правовой": 0.1338353197693912,
  "местный": 0.13157966831260373,
  "комиссия": 0.13132904037296067,
  "управление": 0.1309530984634961,
  "председатель": 0.12694305142920723,
  "министерство": 0.1240608301233121,
  "исполнительный": 0.12393551615349055,
  "представитель": 0.11942421323991557,
  "постановление": 0.11704324781330655,
  "проведение": 0.11704324781330655,
  "проблема": 0.11641667796419891,
  "ст": 0.11629136399437738,
  "документ": 0.1159154220849128,
  "установленный": 0.11516353826598365,
  "обеспечение": 0.11378508459794684,
  "образование": 0.11265725886955309,
  "общий": 0.11240663092991003,
  "член": 0.11240663092991003,
  "гражданский": 0.11240663092991003,
  "судебный": 0.11190537505062394,
  "соответствующий": 0.11165474711098088,
  "политический": 0.11027629344294407,
  "использование": 0.11002566550330102,
  "уровень": 0.10827126992579963,
  "экономический": 0.107644700076692,
  "условие": 0.107644700076692,
  "безопасность": 0.10726875816722742,
  "высокий": 0.10689281625776284,
  "действие": 0.10689281625776284,
  "программа": 0.10689281625776284,
  "дума": 0.10664218831811978,
  "объект": 0.10651687434829825,
  "национальный": 0.10563967655954756,
  "конституционный": 0.10526373465008299,
  "военный": 0.10513842068026145,
  "служба": 0.10476247877079688,
  "основа": 0.10338402510276007,
  "министр": 0.10275745525365244,
  "референдум": 0.10275745525365244,
  "комитет": 0.1026321412838309,
  "цель": 0.10150431555543717,
  "проект": 0.1012536876157941,
  "участие": 0.10112837364597257,
  "политика": 0.10050180379686494,
  "региональный": 0.10012586188740036,
  "глава": 0.09824615234007744,
  "судья": 0.09824615234007744,
  "состав": 0.09787021043061286,
  "настоящий": 0.09774489646079135,
  "защита": 0.09724364058150523,
  "предприятие": 0.09674238470221913,
  "юридический": 0.09661707073239759,
  "изменение": 0.09599050088328995,
  "налог": 0.09498798912471773,
  "информация": 0.09423610530578858,
  "арбитражный": 0.09398547736614551,
  "общество": 0.09323359354721636,
  "находиться": 0.09198045384900108,
  "указанный": 0.09185513987917955,
  "полномочие": 0.0911032560602504,
  "интерес": 0.089348860482749,
  "n": 0.08922354651292748,
  "административный": 0.08872229063364137,
  "фонд": 0.08822103475435526,
  "необходимый": 0.08721852299578305,
  "принцип": 0.08709320902596152,
  "правило": 0.08659195314667541,
  "законодательный": 0.08558944138810318,
  "создание": 0.0843363016898879,
  "депутат": 0.08421098772006638,
  "население": 0.08408567375024487,
  "народ": 0.08358441787095874,
  "результат": 0.08358441787095874,
  "руководитель": 0.08308316199167264,
  "собрание": 0.08195533626327889,
  "имущество": 0.08170470832363584,
  "пункт": 0.08132876641417125,
  "собственность": 0.08095282450470667,
  "центр": 0.0805768825952421,
  "партия": 0.0805768825952421,
  "самоуправление": 0.08045156862542056,
  "единый": 0.07995031274613446,
  "предусмотренный": 0.07995031274613446,
  "социальный": 0.07969968480649141,
  "налоговый": 0.07969968480649141,
  "качество": 0.07907311495738377,
  "охрана": 0.07882248701774071,
  "мера": 0.07869717304791919,
  "однако": 0.07857185907809765,
  "контроль": 0.07807060319881155,
  "основание": 0.07807060319881155,
  "срок": 0.07756934731952543,
  "заместитель": 0.07706809144023932,
  "учёт": 0.07644152159113168,
  "норма": 0.07568963777220253,
  "требование": 0.07568963777220253,
  "осуществлять": 0.075564323802381,
  "финансовый": 0.075564323802381,
  "палата": 0.075564323802381,
  "муниципальный": 0.07543900983255947,
  "ответственность": 0.07518838189291642,
  "уголовный": 0.07493775395327336
}