{
  "росгранстрой": 1.0,
  "росфиннадзор": 0.9945800511363029,
  "ространснадзор": 0.9867829536147851,
  "омскрегион": 0.9828529349884284,
  "росохранкультуры": 0.9536614995465249,
  "общерегиональный": 0.9437603488014111,
  "росмолодежь": 0.9416112452319736,
  "ростехрегулирование": 0.9402633602803344,
  "госфинмониторинг": 0.9390449802146964,
  "юртемберг": 0.9338038063381914,
  "росприроднадзор": 0.9263968876035474,
  "рособразование": 0.9088572070449707,
  "суперрегиональный": 0.9070439009082578,
  "госгорпромнадзор": 0.9043747570669015,
  "кантональный": 0.903002088481732,
  "росводресурс": 0.8985984468922987,
  "росрыболовство": 0.8961896203527715,
  "закон": 0.6647487977659465,
  "орган": 0.42227710436438975,
  "государственный": 0.4179552917824088,
  "власть": 0.3597008596877904,
  "бюджет": 0.2773163073437783,
  "рф": 0.2738048346209188,
  "суд": 0.23625908781495922,
  "правительство": 0.23553878571796238,
  "область": 0.22878595355861714,
  "президент": 0.21960210182190762,
  "право": 0.2084374193184568,
  "средство": 0.18628812983580434,
  "решение": 0.1842172613069385,
  "субъект": 0.18295673263719403,
  "организация": 0.16413884035315193,
  "регион": 0.16242812287278446,
  "уровень": 0.1601771788196694,
  "региональный": 0.1600871410575448,
  "деятельность": 0.15927680119842336,
  "программа": 0.1584664613393019,
  "служба": 0.1505431382723368,
  "исполнительный": 0.14856230750559554,
  "местный": 0.14099913548712886,
  "соответствие": 0.14027883339013206,
  "порядок": 0.1394684935310106,
  "управление": 0.13523671871115425,
  "статья": 0.13181528375041932,
  "центр": 0.13172524598829471,
  "принять": 0.1283938487896844,
  "рубль": 0.12794365997906137,
  "предприятие": 0.12254139425158518,
  "иной": 0.12191112991671296,
  "развитие": 0.12164101663033913,
  "государство": 0.11749927957260739,
  "являться": 0.11650886418923675,
  "часть": 0.11362765580124944,
  "связь": 0.11020622084051451,
  "гражданин": 0.1097560320298915,
  "сила": 0.10930584321926848,
  "проект": 0.10903572993289466,
  "отношение": 0.10876561664652086,
  "округа": 0.10795527678739944,
  "общий": 0.10777520126315022,
  "законодательство": 0.10507406839941212,
  "политический": 0.10345338868116925,
  "документ": 0.10327331315692007,
  "общество": 0.10273308658417243,
  "число": 0.10219286001142482,
  "проблема": 0.10219286001142482,
  "совет": 0.101922746725051,
  "собрание": 0.10003195372043433,
  "акт": 0.09940168938556211,
  "настоящий": 0.09598025442482717,
  "собственность": 0.09562010337632876,
  "фонд": 0.0937293103717121,
  "министерство": 0.09291897051259067,
  "положение": 0.09237874393984305,
  "налог": 0.09156840408072162,
  "однако": 0.09138832855647241,
  "территория": 0.09066802645947558,
  "необходимый": 0.09003776212460335,
  "судебный": 0.08841708240636051,
  "финансовый": 0.0883270446442359,
  "изменение": 0.08706651597449144,
  "действие": 0.08661632716386843,
  "республика": 0.08634621387749462,
  "представитель": 0.08634621387749462,
  "налоговый": 0.08535579849412399,
  "компания": 0.08535579849412399,
  "политика": 0.08436538311075335,
  "информация": 0.08418530758650414,
  "условие": 0.08319489220313352,
  "правовой": 0.08292477891675969,
  "глава": 0.08274470339251049,
  "миллион": 0.08265466563038588,
  "руководитель": 0.08184432577126445,
  "экономический": 0.08157421248489065,
  "производство": 0.08121406143639223,
  "комиссия": 0.08067383486364461,
  "постановление": 0.0802236460530216,
  "установленный": 0.08013360829089698,
  "образование": 0.07914319290752636,
  "срок": 0.07833285304840493,
  "ст": 0.07788266423778191,
  "реформа": 0.07779262647565731,
  "миллиард": 0.0777025887135327,
  "структура": 0.07752251318928349,
  "соответствующий": 0.07725239990290969,
  "конституция": 0.07689224885441127,
  "контроль": 0.07653209780591286,
  "результат": 0.07563172018466682,
  "тысяча": 0.07536160689829302,
  "социальный": 0.0751815313740438,
  "n": 0.0751815313740438,
  "деньга": 0.0750914936119192,
  "конституционный": 0.07356085165580095,
  "партия": 0.07356085165580095,
  "кодекс": 0.07347081389367634,
  "депутат": 0.07329073836942714,
  "создание": 0.07320070060730254,
  "дума": 0.07311066284517793,
  "счёт": 0.07302062508305332,
  "цель": 0.07266047403455492,
  "имущество": 0.0722102852239319,
  "объект": 0.07185013417543348,
  "настоящее": 0.07167005865118428,
  "выбор": 0.07130990760268587,
  "полномочие": 0.07112983207843665,
  "проведение": 0.07085971879206283,
  "чечня": 0.07049956774356443,
  "обеспечение": 0.07013941669506603,
  "единый": 0.069689227884443,
  "юридический": 0.06896892578744616,
  "пункт": 0.06896892578744616,
  "основа": 0.06851873697682316,
  "администрация": 0.06833866145257395,
  "договор": 0.06824862369044934,
  "бюджетный": 0.06824862369044934,
  "главный": 0.06770839711770173,
  "рынок": 0.06761835935557713,
  "муниципальный": 0.06698809502070491,
  "требование": 0.06680801949645569,
  "арбитражный": 0.06653790621008188,
  "находиться": 0.06653790621008188,
  "ситуация": 0.06635783068583267,
  "военный": 0.06563752858883584,
  "безопасность": 0.06545745306458664,
  "услуга": 0.06545745306458664,
  "высокий": 0.06536741530246204,
  "возможность": 0.06527737754033744,
  "интерес": 0.06491722649183902,
  "предусмотренный": 0.06482718872971442,
  "указанный": 0.06473715096758982
}