{
  "российский": 1.0,
  "россиийский": 0.9643044696112396,
  "фгсср": 0.9449408792654546,
  "россия": 0.9152303706763052,
  "тсср": 0.9048137615917783,
  "фбср": 0.8857630890455475,
  "росвоенцентр": 0.8840549724513882,
  "росссийский": 0.8776216983717219,
  "москомспорт": 0.8635161141808424,
  "рссс": 0.8568352698042417,
  "госпогранкомитет": 0.8460813609969778,
  "фнтр": 0.845424529754633,
  "зсфср": 0.8415081216482259,
  "гсср": 0.8403300897807562,
  "фкср": 0.8362882184178086,
  "росохотрыболовсоюз": 0.8357296058538727,
  "спортобщество": 0.8348043760320365,
  "государственный": 0.8280582828650557,
  "россиии": 0.8251787481234804,
  "яасср": 0.8149997393996874,
  "российс": 0.8139066000582797,
  "минспорттуризм": 0.8137815810068174,
  "всестилевой": 0.8113995065967415,
  "равительство": 0.8103994528972832,
  "госагентство": 0.8088843187315556,
  "касср": 0.8058514838818707,
  "аэросоюз": 0.8047918573458095,
  "медиасоюз": 0.8005198877523381,
  "фхмр": 0.7941087252143437,
  "государс": 0.7940633669402444,
  "сопредседательство": 0.7938246807448747,
  "мсср": 0.7932218450975949,
  "минестерство": 0.7919900644156591,
  "учредительство": 0.7875880908026253,
  "министрество": 0.7875130695005239,
  "минспорт": 0.7869966070629002,
  "сероссийский": 0.7848315021554805,
  "мроо": 0.7836578136265534,
  "госпредпринимательство": 0.7835340284780863,
  "еркесский": 0.7829249739597112,
  "всеяпонский": 0.782420949264278,
  "вфпс": 0.7820772826020862,
  "закон": 0.7431420110320146,
  "орган": 0.7110699161909638,
  "субъект": 0.6318036507029784,
  "право": 0.4769270061855729,
  "президент": 0.45532404074859567,
  "суд": 0.4548255107769732,
  "власть": 0.4274063623377329,
  "совет": 0.4004857438701152,
  "правительство": 0.39899015395524756,
  "область": 0.35113127667948274,
  "рф": 0.33767096744567393,
  "гражданин": 0.33019301787133565,
  "законодательство": 0.32138565503933725,
  "решение": 0.3129106455217539,
  "организация": 0.30709446251949085,
  "территория": 0.3006135728883977,
  "соответствие": 0.3001150429167751,
  "порядок": 0.2908091501131542,
  "деятельность": 0.2760194276216852,
  "государство": 0.27552089765006266,
  "средство": 0.2527546956126329,
  "международный": 0.2520899889838028,
  "являться": 0.24810174921082243,
  "статья": 0.24627380598153972,
  "иной": 0.24427968609504952,
  "кодекс": 0.2311517301756557,
  "отношение": 0.2298223169179956,
  "принять": 0.214201711140489,
  "иностранный": 0.2135370045116589,
  "регион": 0.20605905493732068,
  "развитие": 0.20389875839362298,
  "республика": 0.20273552179317034,
  "часть": 0.19691933879090728,
  "акт": 0.194260512275587,
  "сила": 0.1934296289895494,
  "число": 0.19243256904630432,
  "конституция": 0.1921002157318893,
  "договор": 0.18944138921656903,
  "положение": 0.18794579930170138,
  "связь": 0.18595167941521115,
  "бюджет": 0.18595167941521115,
  "правовой": 0.1774766698976278,
  "местный": 0.17448549006789252,
  "комиссия": 0.1741531367534775,
  "управление": 0.17365460678185493,
  "председатель": 0.16833695375121438,
  "министерство": 0.1645148906354415,
  "исполнительный": 0.164348713978234,
  "представитель": 0.15836635431876342,
  "постановление": 0.1552089978318206,
  "проведение": 0.1552089978318206,
  "проблема": 0.154378114545783,
  "ст": 0.15421193788857548,
  "документ": 0.15371340791695293,
  "установленный": 0.15271634797370784,
  "обеспечение": 0.15088840474442514,
  "образование": 0.1493928148295575,
  "общий": 0.14906046151514246
}