{
  "федер": 1.0,
  "авказский": 0.9090754480872008,
  "госавтодорнадзор": 0.8667608227993396,
  "окружной": 0.8505926896576711,
  "росграница": 0.8437073863397316,
  "росгранстрой": 0.8328145242648709,
  "краев": 0.8319398166301561,
  "закон": 0.8304186806506375,
  "росфиннадзор": 0.828300712130411,
  "государственый": 0.825214388010051,
  "ространснадзор": 0.8218071760673814,
  "россвязьохранкультуры": 0.818760201911349,
  "омскрегион": 0.8185341994747201,
  "государсвенный": 0.8155554814203327,
  "роспатриотцентр": 0.8129604626407478,
  "естфалия": 0.8085482179613828,
  "госстатистика": 0.8014422578623456,
  "госудаственный": 0.7993077574074204,
  "россвязь": 0.7989036159498918,
  "государс": 0.7984524525224119,
  "рособоронзаказ": 0.796559397508984,
  "росохранкультуры": 0.7942231480545625,
  "осударственный": 0.7940549578925684,
  "северо": 0.7928259520884734,
  "фгбу": 0.7901390672286469,
  "государтсвенный": 0.787579686152604,
  "ападный": 0.7867329937126182,
  "госсаннадзор": 0.7863496409154891,
  "общерегиональный": 0.7859773259070959,
  "росмолодежь": 0.7841875212403188,
  "ростехрегулирование": 0.7830649830755556,
  "госфинмониторинг": 0.7820502984608175,
  "роснаука": 0.7817928160527263,
  "росфинмониторинг": 0.7785501810048863,
  "юртемберг": 0.7776853727322665,
  "алкарский": 0.7775294577792702,
  "росжелдор": 0.7763127766809834,
  "росаккредитация": 0.7748020845284751,
  "росалкогольрегулирование": 0.7742841499036643,
  "росприроднадзор": 0.7715167832300054,
  "прогосударственный": 0.7681868853052978,
  "архангельскавтодор": 0.7678221928057178,
  "епишин": 0.7677826448541483,
  "фгау": 0.7663607004828216,
  "егиональный": 0.7657066001323941,
  "орган": 0.5275177586687647,
  "государственный": 0.5221188562346282,
  "власть": 0.44934615050782845,
  "бюджет": 0.34642957285709924,
  "рф": 0.34204296462936323,
  "суд": 0.2951399997328014,
  "правительство": 0.2942401826604453,
  "область": 0.2858043976071069,
  "президент": 0.27433172993456656,
  "право": 0.260384565313047,
  "средство": 0.23271519033809684,
  "решение": 0.23012821625507307,
  "субъект": 0.2285535363784499,
  "организация": 0.20504581536314673,
  "регион": 0.202908749816301,
  "уровень": 0.20009682146518815,
  "региональный": 0.19998434433114365,
  "деятельность": 0.19897205012474303,
  "программа": 0.19795975591834242,
  "служба": 0.1880617681224253,
  "исполнительный": 0.185587271173446,
  "местный": 0.17613919191370694,
  "соответствие": 0.17523937484135083,
  "порядок": 0.1742270806349502,
  "управление": 0.16894065533485814,
  "статья": 0.16466652424116665,
  "центр": 0.16455404710712213,
  "принять": 0.16039239314747517,
  "рубль": 0.1598300074772526,
  "предприятие": 0.15308137943458183,
  "иной": 0.15229403949627024,
  "развитие": 0.15195660809413672,
  "государство": 0.14678265992808914,
  "являться": 0.14554541145359948,
  "часть": 0.1419461431641751,
  "связь": 0.13767201207048357,
  "гражданин": 0.13710962640026103,
  "сила": 0.13654724073003846,
  "проект": 0.1362098093279049,
  "отношение": 0.1358723779257714,
  "округа": 0.13486008371937078,
  "общий": 0.13463512945128175,
  "законодательство": 0.1312608154299464,
  "политический": 0.12923622701714516,
  "документ": 0.1290112727490561,
  "общество": 0.12833640994478904,
  "число": 0.12766154714052197,
  "проблема": 0.12766154714052197,
  "совет": 0.12732411573838842,
  "собрание": 0.12496209592345366,
  "акт": 0.12417475598514205,
  "настоящий": 0.11990062489145059,
  "собственность": 0.11945071635527255,
  "фонд": 0.11708869654033775,
  "министерство": 0.11607640233393715
}