{
  "росгранстрой": 1.0,
  "закон": 0.9971231966489199,
  "росфиннадзор": 0.9945800511363029,
  "ространснадзор": 0.9867829536147851,
  "омскрегион": 0.9828529349884284,
  "росохранкультуры": 0.9536614995465249,
  "общерегиональный": 0.9437603488014111,
  "росмолодежь": 0.9416112452319736,
  "ростехрегулирование": 0.9402633602803344,
  "госфинмониторинг": 0.9390449802146964,
  "юртемберг": 0.9338038063381914,
  "росприроднадзор": 0.9263968876035474,
  "орган": 0.6334156565465846,
  "государственный": 0.6269329376736132,
  "власть": 0.5395512895316857,
  "бюджет": 0.4159744610156675,
  "рф": 0.41070725193137825,
  "суд": 0.35438863172243884,
  "правительство": 0.3533081785769436,
  "область": 0.34317893033792574,
  "президент": 0.3294031527328614,
  "право": 0.31265612897768513,
  "средство": 0.2794321947537065,
  "решение": 0.2763258919604077,
  "субъект": 0.27443509895579105,
  "организация": 0.24620826052972788,
  "регион": 0.2436421843091767,
  "уровень": 0.24026576822950407,
  "региональный": 0.24013071158631719,
  "деятельность": 0.238915201797635,
  "программа": 0.23769969200895286,
  "служба": 0.22581470740850523,
  "исполнительный": 0.2228434612583933,
  "местный": 0.2114987032306933,
  "соответствие": 0.21041825008519804,
  "порядок": 0.2092027402965159,
  "управление": 0.2028550780667314,
  "статья": 0.197722925625629,
  "центр": 0.19758786898244207,
  "принять": 0.19259077318452658,
  "рубль": 0.19191548996859206,
  "предприятие": 0.18381209137737775,
  "иной": 0.18286669487506943,
  "развитие": 0.1824615249455087,
  "государство": 0.1762489193589111,
  "являться": 0.17476329628385512,
  "часть": 0.17044148370187417,
  "связь": 0.16530933126077177,
  "гражданин": 0.16463404804483722,
  "сила": 0.1639587648289027,
  "проект": 0.16355359489934201,
  "отношение": 0.1631484249697813,
  "округа": 0.16193291518109915,
  "общий": 0.16166280189472534,
  "законодательство": 0.1576111025991182,
  "политический": 0.1551800830217539,
  "документ": 0.15490996973538007,
  "общество": 0.15409962987625864,
  "число": 0.15328929001713723,
  "проблема": 0.15328929001713723,
  "совет": 0.15288412008757649,
  "собрание": 0.1500479305806515,
  "акт": 0.14910253407834315,
  "настоящий": 0.1439703816372408,
  "собственность": 0.14343015506449316,
  "фонд": 0.14059396555756815,
  "министерство": 0.139378455768886,
  "положение": 0.13856811590976456,
  "налог": 0.1373526061210824,
  "однако": 0.13708249283470864,
  "территория": 0.1360020396892134,
  "необходимый": 0.13505664318690505,
  "судебный": 0.13262562360954075,
  "финансовый": 0.13249056696635383,
  "изменение": 0.13059977396173716,
  "действие": 0.12992449074580265,
  "республика": 0.12951932081624193,
  "представитель": 0.12951932081624193,
  "налоговый": 0.12803369774118598,
  "компания": 0.12803369774118598,
  "политика": 0.12654807466613002,
  "информация": 0.12627796137975622,
  "условие": 0.12479233830470027,
  "правовой": 0.12438716837513955,
  "глава": 0.12411705508876572,
  "миллион": 0.12398199844557883,
  "руководитель": 0.12276648865689668,
  "экономический": 0.12236131872733597,
  "производство": 0.12182109215458835,
  "комиссия": 0.12101075229546691,
  "постановление": 0.1203354690795324,
  "установленный": 0.12020041243634548,
  "образование": 0.11871478936128953,
  "срок": 0.11749927957260739,
  "ст": 0.11682399635667286,
  "реформа": 0.11668893971348596,
  "миллиард": 0.11655388307029906,
  "структура": 0.11628376978392524,
  "соответствующий": 0.11587859985436452,
  "конституция": 0.1153383732816169
}