{
  "технотрейд": 1.0,
  "эководстройтех": 0.9940040068783791,
  "ремсервис": 0.9852235616437148,
  "компания": 0.6162162583060673,
  "предприятие": 0.3347214015447634,
  "рынок": 0.322388421655913,
  "производство": 0.29685698960531054,
  "деньга": 0.2659163558490719,
  "крупный": 0.2481741742545854,
  "тысяча": 0.23367751368348058,
  "миллион": 0.23367751368348058,
  "машина": 0.21615170015721955,
  "качество": 0.20598240095062362,
  "являться": 0.20143867151788927,
  "директор": 0.1997077269720857,
  "доллар": 0.19711131015338038,
  "продукция": 0.18694201094678445,
  "например": 0.18672564287855903,
  "оборудование": 0.18650927481033355,
  "цена": 0.1817491773093738,
  "высокий": 0.17850365628599213,
  "специалист": 0.17633997560373765,
  "завод": 0.1746090310579341,
  "новое": 0.17006530162519976,
  "однако": 0.16811798901117073,
  "проект": 0.1668197806018181,
  "число": 0.16660341253359262,
  "использовать": 0.16357425957843638,
  "известный": 0.16270878730553465,
  "организация": 0.1616269469644074,
  "сша": 0.16141057889618196,
  "американский": 0.1601123704868293,
  "средство": 0.1592468982139275,
  "область": 0.15448680071296772,
  "создать": 0.15383769650829138,
  "бизнес": 0.15340496037184048,
  "возможность": 0.15210675196248782,
  "решение": 0.15189038389426238,
  "технология": 0.15059217548490972,
  "рубль": 0.15015943934845882,
  "деятельность": 0.14951033514378248,
  "часть": 0.1486448628708807,
  "услуга": 0.1482121267344298,
  "заниматься": 0.14799575866620437,
  "сегодня": 0.14713028639330258,
  "результат": 0.14713028639330258,
  "программа": 0.1447502376428227,
  "центр": 0.14410113343814634,
  "автомобиль": 0.14388476536992093,
  "управление": 0.1423701888923428,
  "именно": 0.1419374527558919,
  "материал": 0.1404228762783138,
  "условие": 0.1404228762783138,
  "сотрудник": 0.13869193173251024,
  "клиент": 0.1365282510502558,
  "кроме": 0.1360955149138049,
  "проблема": 0.1360955149138049,
  "ряд": 0.1322008896857469,
  "оказаться": 0.13111904934461968,
  "пока": 0.13003720900349242,
  "ваш": 0.13003720900349242,
  "счёт": 0.12722442411656165,
  "поэтому": 0.12679168798011076,
  "представитель": 0.1261425837754344,
  "создание": 0.1261425837754344,
  "необходимый": 0.12527711150253265,
  "продажа": 0.12527711150253265,
  "главный": 0.12462800729785631,
  "некоторый": 0.12441163922963087,
  "право": 0.12397890309317998,
  "собственный": 0.12332979888850364,
  "разработка": 0.12051701400157286,
  "товар": 0.12008427786512196,
  "общий": 0.12008427786512196,
  "производитель": 0.11770422911464207,
  "начать": 0.11748786104641662,
  "информация": 0.11727149297819119,
  "лишь": 0.11705512490996572,
  "магазин": 0.11683875684174029,
  "самолёт": 0.11662238877351483,
  "суд": 0.11662238877351483,
  "помощь": 0.11597328456883851,
  "начало": 0.11532418036416217,
  "квартира": 0.11510781229593672,
  "московский": 0.11489144422771128,
  "решить": 0.11467507615948584,
  "предлагать": 0.11424234002303495,
  "найти": 0.1140259719548095,
  "выставка": 0.11337686775013317,
  "около": 0.11337686775013317,
  "уровень": 0.1125113954772314,
  "группа": 0.11164592320432962,
  "считать": 0.11121318706787872,
  "отношение": 0.11099681899965327,
  "метр": 0.1096986105903006,
  "руководитель": 0.10948224252207515,
  "связь": 0.1092658744538497,
  "принять": 0.10883313831739883,
  "договор": 0.10883313831739883,
  "модель": 0.10796766604449703,
  "разный": 0.10796766604449703,
  "использование": 0.10775129797627159,
  "финансовый": 0.10558761729401715,
  "строительство": 0.10493851308934081,
  "государственный": 0.10472214502111536,
  "появиться": 0.10385667274821359,
  "находиться": 0.10364030467998814,
  "месяц": 0.10364030467998814,
  "цель": 0.10342393661176269,
  "любой": 0.10299120047531181,
  "международный": 0.10299120047531181,
  "среди": 0.10299120047531181,
  "название": 0.10255846433886091,
  "многие": 0.10169299206595915,
  "развитие": 0.10169299206595915,
  "сумма": 0.1014766239977337,
  "современный": 0.10082751979305736,
  "процесс": 0.10039478365660646,
  "интерес": 0.10039478365660646,
  "полный": 0.09974567945193014,
  "торговый": 0.09952931138370469,
  "стоить": 0.09931294331547924,
  "коммерческий": 0.09888020717902836,
  "заказ": 0.09844747104257746,
  "подобный": 0.09801473490612657,
  "техника": 0.09779836683790112,
  "нужно": 0.09736563070145024,
  "представить": 0.0971492626332248,
  "важный": 0.09650015842854846,
  "образ": 0.09585105422387213,
  "мировой": 0.09520195001919579,
  "продукт": 0.09455284581451946,
  "позволять": 0.09433647774629401,
  "получать": 0.09260553320049045,
  "процент": 0.09217279706403955,
  "закон": 0.09130732479113779,
  "различный": 0.0908745886546869,
  "участие": 0.0908745886546869,
  "взять": 0.09000911638178512,
  "никакой": 0.08979274831355967,
  "президент": 0.08957638024533422,
  "давать": 0.08914364410888333,
  "немецкий": 0.08871090797243245,
  "реклама": 0.08827817183598155,
  "документ": 0.08827817183598155,
  "небольшой": 0.0880618037677561,
  "акция": 0.08762906763130521,
  "составлять": 0.08719633149485433,
  "никто": 0.086547227290178,
  "государство": 0.086547227290178
}