{
  "компаниии": 1.0,
  "омпания": 0.9603758118782985,
  "комания": 0.9562346447700515,
  "компань": 0.8917181824223867,
  "компание": 0.8638983170619815,
  "призводитель": 0.846950460198272,
  "прозводитель": 0.83908712887049,
  "сантехкомплект": 0.8383478098758411,
  "компния": 0.837504725275524,
  "интерсервис": 0.8294938453860952,
  "евросервис": 0.81558513862866,
  "элтекс": 0.8141209490148353,
  "элтех": 0.8131479166011747,
  "комтех": 0.8052514853586731,
  "автокомплект": 0.8036703076864744,
  "эликс": 0.8023994636062497,
  "промсервис": 0.798881678225221,
  "академсервис": 0.7987182802335102,
  "предпринематель": 0.7963739656386107,
  "производста": 0.7958554003080044,
  "элтехника": 0.7957577643161728,
  "гросервис": 0.7948821927625198,
  "технотрейд": 0.7946951519745806,
  "эководстройтех": 0.7899301653095556,
  "стройтехника": 0.7888233321824254,
  "коминвест": 0.7875425931541495,
  "франчайзи": 0.7872380389123648,
  "дженерал": 0.7862522218755585,
  "автокомплектующий": 0.7853182438586305,
  "онсалтинг": 0.7840981004414285,
  "ремсервис": 0.7829523880493896,
  "ервис": 0.7811269890487443,
  "ротекс": 0.7801943245204956,
  "промавтоматика": 0.7790208537343666,
  "автоателье": 0.7781729530088917,
  "роизводство": 0.7774586778650625,
  "предпрениматель": 0.7771833706378712,
  "компания": 0.7345561095656215,
  "предприятие": 0.3990022126046405,
  "рынок": 0.3843007736140365,
  "производство": 0.3538662157036631,
  "деньга": 0.31698365823600727,
  "крупный": 0.2958342196881207,
  "тысяча": 0.27855358087460363,
  "миллион": 0.27855358087460363,
  "машина": 0.25766206230900834,
  "качество": 0.24553982314131725,
  "являться": 0.2401235035132,
  "директор": 0.23806014365486958,
  "доллар": 0.23496510386737401,
  "продукция": 0.22284286469968292,
  "например": 0.2225849447173916,
  "оборудование": 0.2223270247351003,
  "цена": 0.21665278512469172,
  "высокий": 0.21278398539032223,
  "специалист": 0.2102047855674092,
  "завод": 0.20814142570907881,
  "новое": 0.20272510608096153,
  "однако": 0.2004038262403398,
  "проект": 0.19885630634659202,
  "число": 0.19859838636430074,
  "использовать": 0.19498750661222256,
  "известный": 0.19395582668305733,
  "организация": 0.19266622677160086,
  "сша": 0.19240830678930954,
  "американский": 0.19086078689556174,
  "средство": 0.18982910696639657,
  "область": 0.18415486735598796,
  "создать": 0.18338110740911404,
  "бизнес": 0.18286526744453147,
  "возможность": 0.18131774755078367,
  "решение": 0.18105982756849237,
  "технология": 0.17951230767474455,
  "рубль": 0.17899646771016195,
  "деятельность": 0.17822270776328805,
  "часть": 0.17719102783412286,
  "услуга": 0.17667518786954028,
  "заниматься": 0.17641726788724896,
  "сегодня": 0.17538558795808376,
  "результат": 0.17538558795808376,
  "программа": 0.17254846815287947,
  "центр": 0.17177470820600557,
  "автомобиль": 0.17151678822371427,
  "управление": 0.16971134834767518,
  "именно": 0.16919550838309258,
  "материал": 0.16739006850705349,
  "условие": 0.16739006850705349,
  "сотрудник": 0.1653267086487231,
  "клиент": 0.1627475088258101,
  "кроме": 0.16223166886122747,
  "проблема": 0.16223166886122747,
  "ряд": 0.1575891091799841,
  "оказаться": 0.1562995092685276,
  "пока": 0.1550099093570711,
  "ваш": 0.1550099093570711,
  "счёт": 0.1516569495872842,
  "поэтому": 0.15114110962270158,
  "представитель": 0.15036734967582768,
  "создание": 0.15036734967582768,
  "необходимый": 0.14933566974666249
}