{
  "интерстеллар": 1.0,
  "фотофильм": 0.9583506715706365,
  "фотосюжет": 0.9343299194911835,
  "кино": 0.4884758224904568,
  "роль": 0.4728539226781129,
  "режиссёр": 0.455833046763171,
  "картина": 0.4080346965910737,
  "смотреть": 0.3208318528624671,
  "герой": 0.2998472113234976,
  "главный": 0.2909870293403771,
  "играть": 0.2762977802630985,
  "сценарий": 0.25531313872412903,
  "актёр": 0.25484681335659637,
  "съёмка": 0.2371264493903554,
  "советский": 0.23339584645009415,
  "экран": 0.23153054497996356,
  "история": 0.22360301373190838,
  "снимать": 0.2210382242104788,
  "зритель": 0.22080506152671245,
  "война": 0.2177739466377502,
  "театр": 0.2028515348767052,
  "сцена": 0.19958725730397664,
  "снять": 0.197022467782547,
  "книга": 0.19608981704748174,
  "любовь": 0.19469084094488376,
  "любить": 0.1909602380046225,
  "американский": 0.18886177385072558,
  "именно": 0.1844316828591653,
  "оказаться": 0.17370619940591425,
  "автор": 0.17277354867084893,
  "выйти": 0.1725403859870826,
  "написать": 0.1664781562091581,
  "женщина": 0.1664781562091581,
  "образ": 0.16321387863642947,
  "увидеть": 0.16298071595266317,
  "имя": 0.16204806521759785,
  "музыка": 0.16111541448253255,
  "лишь": 0.16088225179876622,
  "сниматься": 0.1592501130124019,
  "деньга": 0.1573848115422713,
  "показать": 0.1534210459182437,
  "роман": 0.14945728029421615,
  "известный": 0.14945728029421615,
  "правда": 0.1473588161403192,
  "никто": 0.14595984003772122,
  "александр": 0.14549351467018856,
  "вообще": 0.14292872514875898,
  "писать": 0.14246239978122632,
  "кадр": 0.14176291172992733,
  "новое": 0.141529749046161,
  "понимать": 0.14129658636239467,
  "немой": 0.14106342367862834,
  "помнить": 0.13943128489226406,
  "вместе": 0.13803230878966607,
  "начать": 0.13803230878966607,
  "молодая": 0.1364001700033018,
  "считать": 0.13593384463576913,
  "понять": 0.13593384463576913,
  "однако": 0.1357006819520028,
  "искусство": 0.13406854316563852,
  "посмотреть": 0.13406854316563852,
  "артист": 0.13383538048187218,
  "андрей": 0.13173691632797524,
  "ряд": 0.13103742827667625,
  "сразу": 0.1305711029091436,
  "спектакль": 0.12940528949031196,
  "остаться": 0.12753998802018132,
  "пока": 0.12707366265264866,
  "жена": 0.1263741746013497,
  "сыграть": 0.12590784923381704,
  "сюжет": 0.12544152386628438,
  "отношение": 0.12404254776368642,
  "почему": 0.12334305971238743,
  "начало": 0.1231098970286211,
  "разный": 0.1214777582422568,
  "решить": 0.11937929408835987,
  "пора": 0.11914613140459354,
  "сергей": 0.11891296872082721,
  "никакой": 0.11867980603706088,
  "знаменитый": 0.11844664335329455,
  "судьба": 0.11588185383186493,
  "например": 0.11541552846433228,
  "появиться": 0.11494920309679962,
  "зал": 0.11448287772926696,
  "происходить": 0.1140165523617343,
  "поэтому": 0.11308390162666901,
  "владимир": 0.11308390162666901,
  "давать": 0.11238441357537003,
  "многий": 0.11238441357537003,
  "название": 0.1121512508916037,
  "тема": 0.1105191121052394,
  "взять": 0.1105191121052394,
  "ваш": 0.1105191121052394,
  "сидеть": 0.1105191121052394,
  "показывать": 0.10912013600264142,
  "фестиваль": 0.1088869733188751,
  "первое": 0.10842064795134244,
  "кажется": 0.10795432258380978,
  "эпизод": 0.10748799721627712,
  "важный": 0.10725483453251082,
  "художественный": 0.10725483453251082,
  "поставить": 0.10702167184874449,
  "отец": 0.10702167184874449,
  "сегодня": 0.10608902111367918,
  "полный": 0.10492320769484753,
  "программа": 0.10492320769484753,
  "кинотеатр": 0.1046900450110812,
  "успех": 0.10445688232731487,
  "часть": 0.10422371964354854,
  "читать": 0.10422371964354854,
  "актриса": 0.1030579062247169,
  "культура": 0.10189209280588526,
  "общий": 0.10165893012211893,
  "высокий": 0.10165893012211893,
  "найти": 0.1014257674383526,
  "сила": 0.1014257674383526,
  "группа": 0.10049311670328731,
  "пять": 0.10002679133575465,
  "собственный": 0.10002679133575465,
  "некоторый": 0.09979362865198832,
  "среди": 0.09979362865198832,
  "рассказывать": 0.09909414060068934,
  "лента": 0.09886097791692301,
  "маленький": 0.09839465254939035,
  "событие": 0.09699567644679238,
  "ещё": 0.09629618839549339,
  "принять": 0.09629618839549339,
  "хотеться": 0.09582986302796073,
  "момент": 0.09536353766042809,
  "тарковский": 0.09489721229289544,
  "студия": 0.09489721229289544,
  "язык": 0.09466404960912911,
  "художник": 0.09466404960912911,
  "становиться": 0.09443088692536279,
  "совершенно": 0.09443088692536279,
  "снятой": 0.0937313988740638,
  "свет": 0.0937313988740638,
  "любимый": 0.0937313988740638,
  "телевидение": 0.0937313988740638,
  "чёрный": 0.09349823619029747,
  "иван": 0.09349823619029747,
  "современный": 0.09279874813899848,
  "начинать": 0.09256558545523216,
  "игра": 0.09233242277146583,
  "стоить": 0.09163293472016684,
  "огромный": 0.09139977203640051,
  "право": 0.09139977203640051,
  "особенно": 0.09093344666886785,
  "кроме": 0.0904671213013352,
  "оставаться": 0.08976763325003623
}