{
  "киносерия": 1.0,
  "мульфильм": 0.985941936876681,
  "киноновинка": 0.985338102991528,
  "режиссер": 0.9604421013128666,
  "ужастика": 0.9472379764866342,
  "режисер": 0.9246149469466319,
  "интерстеллар": 0.9239646270526781,
  "теленовелла": 0.9158174697810678,
  "римейка": 0.9157119078027492,
  "ситком": 0.9047215177359054,
  "дорам": 0.9033201582622626,
  "кинофраншиза": 0.9030583516432522,
  "киномарафон": 0.8961212025833631,
  "киноканал": 0.8954055924444094,
  "экранка": 0.8927772767350035,
  "минисериал": 0.8923083006982989,
  "полнометражка": 0.8905106802815793,
  "шоушенка": 0.8874887668900174,
  "бэтмень": 0.8860044428034453,
  "кино": 0.6770015717274677,
  "роль": 0.6553504474765177,
  "режиссёр": 0.6317604165762287,
  "картина": 0.5655144393904862,
  "смотреть": 0.44465592491503364,
  "герой": 0.4155723251749515,
  "главный": 0.4032925830624724,
  "играть": 0.38293406324441487,
  "сценарий": 0.35385046350433275,
  "актёр": 0.3532041612878865,
  "съёмка": 0.3286446770629282,
  "советский": 0.3234742593313581,
  "экран": 0.320889050465573,
  "история": 0.3099019127859864,
  "снимать": 0.3063472505955319,
  "зритель": 0.3060240994873088,
  "война": 0.30182313508040803,
  "театр": 0.2811414641541274,
  "сцена": 0.2766173486390035,
  "снять": 0.27306268644854903,
  "книга": 0.2717700820156565,
  "любовь": 0.2698311753663177,
  "любить": 0.2646607576347475,
  "американский": 0.26175239766073927,
  "именно": 0.25561252660449973,
  "оказаться": 0.24074757562623553,
  "автор": 0.239454971193343,
  "выйти": 0.23913182008511985,
  "написать": 0.23072989127131835,
  "женщина": 0.23072989127131835,
  "образ": 0.22620577575619447,
  "увидеть": 0.22588262464797132,
  "имя": 0.2245900202150788,
  "музыка": 0.22329741578218623,
  "лишь": 0.2229742646739631,
  "сниматься": 0.22071220691640114,
  "деньга": 0.21812699805061606,
  "показать": 0.2126334292108228,
  "роман": 0.2071398603710295,
  "известный": 0.2071398603710295,
  "правда": 0.2042315003970213,
  "никто": 0.2022925937476825,
  "александр": 0.2016462915312362,
  "вообще": 0.19809162934078173,
  "писать": 0.19744532712433543,
  "кадр": 0.19647587379966605,
  "новое": 0.1961527226914429,
  "понимать": 0.19582957158321976,
  "немой": 0.19550642047499664,
  "помнить": 0.19324436271743467,
  "вместе": 0.19130545606809587,
  "начать": 0.19130545606809587,
  "молодая": 0.18904339831053396,
  "считать": 0.18839709609408767,
  "понять": 0.18839709609408767,
  "однако": 0.18807394498586455,
  "искусство": 0.18581188722830258,
  "посмотреть": 0.18581188722830258,
  "артист": 0.18548873612007946,
  "андрей": 0.18258037614607123,
  "ряд": 0.18161092282140182,
  "сразу": 0.18096462060495558,
  "спектакль": 0.1793488650638399,
  "остаться": 0.1767636561980548,
  "пока": 0.17611735398160855,
  "жена": 0.17514790065693914,
  "сыграть": 0.17450159844049287,
  "сюжет": 0.17385529622404658,
  "отношение": 0.17191638957470778,
  "почему": 0.17094693625003837,
  "начало": 0.17062378514181525,
  "разный": 0.1683617273842533,
  "решить": 0.1654533674102451,
  "пора": 0.16513021630202196,
  "сергей": 0.1648070651937988,
  "никакой": 0.16448391408557567,
  "знаменитый": 0.16416076297735255,
  "судьба": 0.16060610078689808,
  "например": 0.15995979857045178,
  "появиться": 0.15931349635400552,
  "зал": 0.15866719413755925
}