{
  "интерстеллар": 1.0,
  "кино": 0.7327137337356853,
  "роль": 0.7092808840171694,
  "режиссёр": 0.6837495701447563,
  "картина": 0.6120520448866106,
  "смотреть": 0.48124777929370066,
  "герой": 0.4497708169852464,
  "главный": 0.4364805440105657,
  "играть": 0.4144466703946477,
  "сценарий": 0.38296970808619346,
  "актёр": 0.3822702200348945,
  "съёмка": 0.3556896740855331,
  "советский": 0.3500937696751413,
  "экран": 0.3472958174699453,
  "история": 0.3354045205978626,
  "снимать": 0.3315573363157182,
  "зритель": 0.33120759229006874,
  "война": 0.32666091995662533,
  "театр": 0.30427730231505784,
  "сцена": 0.29938088595596496,
  "снять": 0.29553370167382054,
  "книга": 0.29413472557122256,
  "любовь": 0.29203626141732564,
  "любить": 0.28644035700693377,
  "американский": 0.28329266077608833,
  "именно": 0.276647524288748,
  "оказаться": 0.2605592991088714,
  "автор": 0.2591603230062734,
  "выйти": 0.25881057898062393,
  "написать": 0.24971723431373713,
  "женщина": 0.24971723431373713,
  "образ": 0.24482081795464425,
  "увидеть": 0.24447107392899475,
  "имя": 0.24307209782639677,
  "музыка": 0.24167312172379882,
  "лишь": 0.24132337769814932,
  "сниматься": 0.23887516951860285,
  "деньга": 0.23607721731340692,
  "показать": 0.2301315688773656,
  "роман": 0.22418592044132424,
  "известный": 0.22418592044132424,
  "правда": 0.2210382242104788,
  "никто": 0.21893976005658186,
  "александр": 0.21824027200528284,
  "вообще": 0.21439308772313848,
  "писать": 0.21369359967183946,
  "кадр": 0.212644367594891,
  "новое": 0.21229462356924148,
  "понимать": 0.211944879543592,
  "немой": 0.2115951355179425,
  "помнить": 0.20914692733839607,
  "вместе": 0.20704846318449913,
  "начать": 0.20704846318449913,
  "молодая": 0.2046002550049527,
  "считать": 0.2039007669536537,
  "понять": 0.2039007669536537,
  "однако": 0.2035510229280042,
  "искусство": 0.20110281474845776,
  "посмотреть": 0.20110281474845776,
  "артист": 0.20075307072280826,
  "андрей": 0.19760537449196283,
  "ряд": 0.19655614241501435,
  "сразу": 0.19585665436371538,
  "спектакль": 0.19410793423546793,
  "остаться": 0.191309982030272,
  "пока": 0.19061049397897303,
  "жена": 0.18956126190202455,
  "сыграть": 0.18886177385072558,
  "сюжет": 0.18816228579942657,
  "отношение": 0.18606382164552962,
  "почему": 0.18501458956858113,
  "начало": 0.18466484554293167,
  "разный": 0.18221663736338523,
  "решить": 0.1790689411325398,
  "пора": 0.1787191971068903,
  "сергей": 0.1783694530812408,
  "никакой": 0.1780197090555913,
  "знаменитый": 0.1776699650299418,
  "судьба": 0.17382278074779742,
  "например": 0.17312329269649843,
  "появиться": 0.17242380464519944,
  "зал": 0.17172431659390044,
  "происходить": 0.17102482854260148,
  "поэтому": 0.1696258524400035,
  "владимир": 0.1696258524400035,
  "давать": 0.16857662036305504,
  "многий": 0.16857662036305504,
  "название": 0.16822687633740555,
  "тема": 0.1657786681578591,
  "взять": 0.1657786681578591,
  "ваш": 0.1657786681578591,
  "сидеть": 0.1657786681578591,
  "показывать": 0.16368020400396213,
  "фестиваль": 0.16333045997831266,
  "первое": 0.16263097192701367,
  "кажется": 0.16193148387571468,
  "эпизод": 0.1612319958244157,
  "важный": 0.16088225179876622,
  "художественный": 0.16088225179876622,
  "поставить": 0.16053250777311673
}