{
  "технотрейд": 1.0,
  "эководстройтех": 0.9940040068783791,
  "ремсервис": 0.9852235616437148,
  "компания": 0.924324387459101,
  "предприятие": 0.502082102317145,
  "рынок": 0.48358263248386957,
  "производство": 0.4452854844079657,
  "деньга": 0.3988745337736078,
  "крупный": 0.37226126138187804,
  "тысяча": 0.35051627052522083,
  "миллион": 0.35051627052522083,
  "машина": 0.3242275502358293,
  "качество": 0.30897360142593544,
  "являться": 0.30215800727683395,
  "директор": 0.2995615904581286,
  "доллар": 0.2956669652300706,
  "продукция": 0.2804130164201767,
  "например": 0.2800884643178385,
  "оборудование": 0.27976391221550034,
  "цена": 0.2726237659640607,
  "высокий": 0.26775548442898817,
  "специалист": 0.2645099634056065,
  "завод": 0.26191354658690114,
  "новое": 0.25509795243779965,
  "однако": 0.2521769835167561,
  "проект": 0.25022967090272713,
  "число": 0.24990511880038896,
  "использовать": 0.24536138936765461,
  "известный": 0.24406318095830193,
  "организация": 0.24244042044661113,
  "сша": 0.24211586834427293,
  "американский": 0.24016855573024393,
  "средство": 0.23887034732089127,
  "область": 0.23173020106945158,
  "создать": 0.23075654476243707,
  "бизнес": 0.23010744055776075,
  "возможность": 0.22816012794373175,
  "решение": 0.22783557584139358,
  "технология": 0.22588826322736455,
  "рубль": 0.22523915902268823,
  "деятельность": 0.22426550271567372,
  "часть": 0.22296729430632106,
  "услуга": 0.22231819010164472,
  "заниматься": 0.22199363799930655,
  "сегодня": 0.2206954295899539,
  "результат": 0.2206954295899539,
  "программа": 0.21712535646423403,
  "центр": 0.21615170015721955,
  "автомобиль": 0.21582714805488137,
  "управление": 0.2135552833385142,
  "именно": 0.21290617913383786,
  "материал": 0.21063431441747069,
  "условие": 0.21063431441747069,
  "сотрудник": 0.20803789759876534,
  "клиент": 0.20479237657538368,
  "кроме": 0.20414327237070734,
  "проблема": 0.20414327237070734,
  "ряд": 0.1983013345286203,
  "оказаться": 0.19667857401692948,
  "пока": 0.19505581350523865,
  "ваш": 0.19505581350523865,
  "счёт": 0.19083663617484248,
  "поэтому": 0.19018753197016613,
  "представитель": 0.18921387566315162,
  "создание": 0.18921387566315162,
  "необходимый": 0.18791566725379896,
  "продажа": 0.18791566725379896,
  "главный": 0.18694201094678445,
  "некоторый": 0.18661745884444628,
  "право": 0.18596835463976996,
  "собственный": 0.18499469833275545,
  "разработка": 0.1807755210023593,
  "товар": 0.18012641679768293,
  "общий": 0.18012641679768293,
  "производитель": 0.1765563436719631,
  "начать": 0.17623179156962493,
  "информация": 0.17590723946728679,
  "лишь": 0.1755826873649486,
  "магазин": 0.17525813526261041,
  "самолёт": 0.17493358316027227,
  "суд": 0.17493358316027227,
  "помощь": 0.17395992685325776,
  "начало": 0.17298627054624324,
  "квартира": 0.1726617184439051,
  "московский": 0.17233716634156693,
  "решить": 0.17201261423922876,
  "предлагать": 0.17136351003455244,
  "найти": 0.17103895793221427,
  "выставка": 0.17006530162519976,
  "около": 0.17006530162519976,
  "уровень": 0.1687670932158471,
  "группа": 0.1674688848064944,
  "считать": 0.1668197806018181,
  "отношение": 0.16649522849947992,
  "метр": 0.16454791588545092,
  "руководитель": 0.16422336378311275,
  "связь": 0.16389881168077458,
  "принять": 0.16324970747609824,
  "договор": 0.16324970747609824,
  "модель": 0.16195149906674558
}