{
  "медколледж": 1.0,
  "педпрактика": 0.967988203292496,
  "велошкола": 0.9434624717142774,
  "мбоусош": 0.9401918820425015,
  "предпрофессиональный": 0.9335980317007585,
  "класс": 0.5578741878723962,
  "учиться": 0.4656187287884397,
  "образование": 0.43783355522903633,
  "учитель": 0.4096142383327672,
  "высокий": 0.39289971986343863,
  "язык": 0.3434073794607513,
  "отец": 0.31106370086425833,
  "история": 0.306071052490303,
  "родитель": 0.30129547578478055,
  "институт": 0.29261260904746694,
  "имя": 0.29087603570000425,
  "ученик": 0.28067366728366083,
  "программа": 0.2698200838620189,
  "мама": 0.26374207714589937,
  "семья": 0.26352500547746655,
  "наука": 0.2554933537454515,
  "именно": 0.2520202070505261,
  "учебный": 0.25071777703992904,
  "ходить": 0.2416007669657498,
  "театр": 0.24094955196045129,
  "московский": 0.2398641936182871,
  "оказаться": 0.23856176360769007,
  "советский": 0.23617397525492884,
  "проблема": 0.23226668522313776,
  "детский": 0.23139839854940641,
  "урок": 0.23053011187567504,
  "никто": 0.2259716068385854,
  "директор": 0.22488624849642122,
  "война": 0.2231496751489585,
  "средний": 0.21924238511716743,
  "книга": 0.21555216675380912,
  "область": 0.2131643784010479,
  "университет": 0.2131643784010479,
  "деньга": 0.21055951837985384,
  "заниматься": 0.20990830337455532,
  "вместе": 0.2092570883692568,
  "считать": 0.20882294503239113,
  "писать": 0.2086058733639583,
  "развитие": 0.20773758669022693,
  "начать": 0.2075205150217941,
  "обучение": 0.20708637168492844,
  "играть": 0.2068693000164956,
  "главный": 0.20643515667962992,
  "научный": 0.20600101334276424,
  "общий": 0.2018766516425403,
  "отношение": 0.19992300662664475,
  "сын": 0.1997059349582119,
  "лишь": 0.19862057661604768,
  "любить": 0.1971010749370178,
  "ряд": 0.19666693160015214,
  "например": 0.19536450158955512,
  "разный": 0.19406207157895808,
  "поэтому": 0.19232549823149536,
  "культура": 0.19232549823149536,
  "возможность": 0.1908059965524655,
  "пока": 0.19058892488403265,
  "число": 0.19015478154716697,
  "вообще": 0.18950356654186845,
  "курс": 0.18885235153656996,
  "искусство": 0.18516213317321167,
  "однако": 0.18407677483104748,
  "новое": 0.18385970316261463,
  "помнить": 0.18103777147298775,
  "среди": 0.1808206998045549,
  "решить": 0.18038655646768922,
  "остаться": 0.17995241313082355,
  "сразу": 0.17734755310962946,
  "пора": 0.17734755310962946,
  "начало": 0.1769134097727638,
  "давать": 0.17669633810433094,
  "сегодня": 0.17647926643589812,
  "некоторый": 0.17561097976216677,
  "понимать": 0.17430854975156973,
  "читать": 0.1740914780831369,
  "тысяча": 0.17300611974097269,
  "центр": 0.172571976404107,
  "маленький": 0.17213783306724134,
  "часть": 0.17213783306724134,
  "группа": 0.17170368973037564,
  "пять": 0.17061833138821145,
  "занятие": 0.17040125971977862,
  "старший": 0.17018418805134577,
  "первое": 0.16996711638291295,
  "важный": 0.1697500447144801,
  "являться": 0.1697500447144801,
  "государственный": 0.16823054303545024,
  "уровень": 0.16823054303545024,
  "девочка": 0.16627689801955467,
  "учить": 0.16605982635112185,
  "принять": 0.16540861134582333,
  "сидеть": 0.1647573963405248,
  "ещё": 0.16432325300365913,
  "многий": 0.16432325300365913,
  "век": 0.16388910966679346,
  "улица": 0.1634549663299278,
  "понять": 0.16323789466149494,
  "знание": 0.1630208229930621,
  "образ": 0.16280375132462926,
  "пройти": 0.16215253631933074,
  "создать": 0.15911353296127098,
  "пойти": 0.1586793896244053,
  "мальчик": 0.15781110295067396,
  "выйти": 0.15759403128224111,
  "никакой": 0.15715988794537544,
  "молодая": 0.15650867294007692,
  "нужно": 0.15585745793477843,
  "литература": 0.15564038626634558,
  "сила": 0.15542331459791273,
  "правда": 0.15498917126104705,
  "взять": 0.15390381291888286,
  "социальный": 0.15281845457671867,
  "ваш": 0.15281845457671867,
  "подготовка": 0.15173309623455447,
  "многие": 0.15151602456612162,
  "церковь": 0.14977945121865893,
  "современный": 0.1484770212080619,
  "результат": 0.1473916628658977,
  "известный": 0.1473916628658977,
  "почему": 0.14717459119746487,
  "военный": 0.14717459119746487,
  "особенно": 0.14674044786059917,
  "полный": 0.14608923285530065,
  "месяц": 0.14543801785000213,
  "четыре": 0.14500387451313645,
  "написать": 0.1441355878394051,
  "вуз": 0.1434843728341066,
  "район": 0.1434843728341066,
  "кроме": 0.14305022949724092,
  "ранний": 0.14283315782880807,
  "общество": 0.14218194282350957,
  "найти": 0.14196487115507672,
  "музыкальный": 0.14174779948664387,
  "ребята": 0.14153072781821105,
  "жена": 0.14153072781821105,
  "деятельность": 0.1413136561497782,
  "предмет": 0.14109658448134538,
  "право": 0.14066244114447968,
  "поступить": 0.14001122613918116,
  "называть": 0.14001122613918116,
  "квартира": 0.13957708280231548,
  "власть": 0.13936001113388263,
  "начинать": 0.13936001113388263,
  "необходимый": 0.1391429394654498,
  "женщина": 0.1391429394654498,
  "собственный": 0.13827465279171844
}