{
  "медколледж": 1.0,
  "педпрактика": 0.967988203292496,
  "класс": 0.8368112818085944,
  "учиться": 0.6984280931826595,
  "образование": 0.6567503328435544,
  "учитель": 0.6144213574991507,
  "высокий": 0.589349579795158,
  "язык": 0.515111069191127,
  "отец": 0.46659555129638747,
  "история": 0.4591065787354546,
  "родитель": 0.4519432136771708,
  "институт": 0.4389189135712005,
  "имя": 0.43631405355000646,
  "ученик": 0.42101050092549125,
  "программа": 0.40473012579302836,
  "мама": 0.3956131157188491,
  "семья": 0.39528750821619985,
  "наука": 0.38324003061817724,
  "именно": 0.3780303105757891,
  "учебный": 0.3760766655598936,
  "ходить": 0.36240115044862475,
  "театр": 0.36142432794067697,
  "московский": 0.35979629042743067,
  "оказаться": 0.3578426454115351,
  "советский": 0.3542609628823933,
  "проблема": 0.34840002783470664,
  "детский": 0.3470975978241096,
  "урок": 0.34579516781351255,
  "никто": 0.3389574102578781,
  "директор": 0.3373293727446318,
  "война": 0.3347245127234378,
  "средний": 0.3288635776757511,
  "книга": 0.3233282501307137,
  "область": 0.31974656760157183,
  "университет": 0.31974656760157183,
  "деньга": 0.31583927756978075,
  "заниматься": 0.31486245506183297,
  "вместе": 0.3138856325538852,
  "считать": 0.3132344175485867,
  "писать": 0.31290881004593746,
  "развитие": 0.3116063800353404,
  "начать": 0.31128077253269115,
  "обучение": 0.31062955752739263,
  "играть": 0.31030395002474337,
  "главный": 0.30965273501944485,
  "научный": 0.3090015200141463,
  "общий": 0.3028149774638104,
  "отношение": 0.2998845099399671,
  "сын": 0.29955890243731786,
  "лишь": 0.29793086492407156,
  "любить": 0.29565161240552673,
  "ряд": 0.29500039740022826,
  "например": 0.29304675238433264,
  "разный": 0.2910931073684371,
  "поэтому": 0.28848824734724304,
  "культура": 0.28848824734724304,
  "возможность": 0.2862089948286982,
  "пока": 0.285883387326049,
  "число": 0.2852321723207505,
  "вообще": 0.2842553498128027,
  "курс": 0.2832785273048549,
  "искусство": 0.2777431997598175,
  "однако": 0.27611516224657123,
  "новое": 0.27578955474392197,
  "помнить": 0.27155665720948163,
  "среди": 0.2712310497068324,
  "решить": 0.27057983470153385,
  "остаться": 0.26992861969623533,
  "сразу": 0.2660213296644442,
  "пора": 0.2660213296644442,
  "начало": 0.2653701146591457,
  "давать": 0.2650445071564964,
  "сегодня": 0.26471889965384715,
  "некоторый": 0.26341646964325016,
  "понимать": 0.2614628246273546,
  "читать": 0.26113721712470533,
  "тысяча": 0.25950917961145903,
  "центр": 0.2588579646061605,
  "маленький": 0.25820674960086204,
  "часть": 0.25820674960086204,
  "группа": 0.2575555345955635,
  "пять": 0.2559274970823172,
  "занятие": 0.25560188957966795,
  "старший": 0.2552762820770187,
  "первое": 0.2549506745743694,
  "важный": 0.2546250670717201,
  "являться": 0.2546250670717201,
  "государственный": 0.25234581455317534,
  "уровень": 0.25234581455317534,
  "девочка": 0.24941534702933202,
  "учить": 0.24908973952668276,
  "принять": 0.248112917018735,
  "сидеть": 0.24713609451078722,
  "ещё": 0.2464848795054887,
  "многий": 0.2464848795054887,
  "век": 0.2458336645001902,
  "улица": 0.24518244949489168,
  "понять": 0.24485684199224242,
  "знание": 0.24453123448959316,
  "образ": 0.2442056269869439
}