{
  "общеобразователь": 1.0,
  "педколледж": 0.9954496451788647,
  "ссуз": 0.9460613927942125,
  "мбоу": 0.9454312251767779,
  "общеобразоватый": 0.9351973507470965,
  "совпартшкола": 0.9339359152632226,
  "агрошкола": 0.9261078269697071,
  "классник": 0.9258679726866852,
  "медколледж": 0.9191197787912702,
  "воспитаник": 0.9140005035472945,
  "маоу": 0.9124812430466555,
  "классница": 0.9034218844294778,
  "дошколенок": 0.8997964722716163,
  "послешкольный": 0.8936574495751297,
  "педпрактика": 0.889697103282758,
  "культпросветучилище": 0.8837410886707177,
  "класс": 0.7691298002259545,
  "учиться": 0.6419390745076546,
  "образование": 0.6036322206442608,
  "учитель": 0.5647268221892513,
  "высокий": 0.5416828554120536,
  "язык": 0.47344877196788326,
  "отец": 0.42885719989252635,
  "история": 0.4219739370889478,
  "родитель": 0.41538994658117695,
  "институт": 0.4034190547488664,
  "имя": 0.4010248763824043,
  "ученик": 0.38695907847943933,
  "программа": 0.3719954636890511,
  "мама": 0.3636158394064337,
  "семья": 0.36331656711062593,
  "наука": 0.3522434921657387,
  "именно": 0.3474551354328145,
  "учебный": 0.3456595016579679,
  "ходить": 0.3330900652340418,
  "театр": 0.3321922483466185,
  "московский": 0.33069588686757967,
  "оказаться": 0.328900253092733,
  "советский": 0.32560825783884767,
  "проблема": 0.3202213565143079,
  "детский": 0.31902426733107686,
  "урок": 0.3178271781478458,
  "никто": 0.31154245993588275,
  "директор": 0.3100460984568439,
  "война": 0.3076519200903818,
  "средний": 0.302265018765842,
  "книга": 0.29717738973711005,
  "область": 0.2938853944832246,
  "университет": 0.2938853944832246,
  "деньга": 0.29029412693353146,
  "заниматься": 0.28939631004610816,
  "вместе": 0.28849849315868487,
  "считать": 0.28789994856706935,
  "писать": 0.28760067627126157,
  "развитие": 0.28640358708803054,
  "начать": 0.28610431479222276,
  "обучение": 0.28550577020060725,
  "играть": 0.28520649790479946,
  "главный": 0.28460795331318395,
  "научный": 0.28400940872156843,
  "общий": 0.27832323510122087,
  "отношение": 0.275629784438951,
  "сын": 0.27533051214314325,
  "лишь": 0.27383415066410444,
  "любить": 0.27173924459345006,
  "ряд": 0.27114070000183454,
  "например": 0.26934506622698795,
  "разный": 0.26754943245214136,
  "поэтому": 0.26515525408567925,
  "культура": 0.26515525408567925,
  "возможность": 0.2630603480150249,
  "пока": 0.26276107571921714,
  "число": 0.26216253112760163,
  "вообще": 0.26126471424017833,
  "курс": 0.26036689735275503,
  "искусство": 0.25527926832402303,
  "однако": 0.25378290684498417,
  "новое": 0.25348363454917644,
  "помнить": 0.2495930947036755,
  "среди": 0.24929382240786774,
  "решить": 0.24869527781625222,
  "остаться": 0.24809673322463668,
  "сразу": 0.2445054656749435,
  "пора": 0.2445054656749435,
  "начало": 0.24390692108332795,
  "давать": 0.2436076487875202,
  "сегодня": 0.24330837649171244,
  "некоторый": 0.2421112873084814,
  "понимать": 0.2403156535336348,
  "читать": 0.24001638123782704,
  "тысяча": 0.23852001975878823,
  "центр": 0.23792147516717269,
  "маленький": 0.23732293057555717,
  "часть": 0.23732293057555717,
  "группа": 0.23672438598394163,
  "пять": 0.23522802450490282,
  "занятие": 0.23492875220909507,
  "старший": 0.2346294799132873,
  "первое": 0.2343302076174795,
  "важный": 0.23403093532167174
}