{
  "неокономика": 1.0,
  "экономзона": 0.9975120006777729,
  "этноэкологический": 0.9877429462269087,
  "инжэкон": 0.9803767039752129,
  "экостроительство": 0.9534343561063806,
  "экотуристический": 0.9521900655056391,
  "агроэкология": 0.9496605781924689,
  "развитие": 0.6508209307709543,
  "политический": 0.5212506734200607,
  "социальный": 0.4454466024729154,
  "рост": 0.4384132350654483,
  "государство": 0.4091856860610851,
  "политика": 0.36714177866978187,
  "проблема": 0.35838914367382285,
  "отношение": 0.35323134090834696,
  "государственный": 0.3347882885954333,
  "уровень": 0.3271297329739691,
  "деятельность": 0.32541046538547713,
  "условие": 0.32322230663648743,
  "власть": 0.3216593361014947,
  "правительство": 0.3211904449409969,
  "являться": 0.30665481896556496,
  "рынок": 0.304935551377073,
  "предприятие": 0.2836791521011725,
  "производство": 0.27570800237270976,
  "решение": 0.27055019960723387,
  "общество": 0.2699250113932368,
  "реформа": 0.2642983174672631,
  "область": 0.26132867345077704,
  "процесс": 0.2610160793437785,
  "президент": 0.25382641488281216,
  "население": 0.2341329861419043,
  "регион": 0.23303890676740943,
  "интерес": 0.22397367766445186,
  "однако": 0.22241070712945915,
  "ситуация": 0.2213166277549643,
  "организация": 0.21975365721997162,
  "высокий": 0.21850328079197748,
  "финансовый": 0.21756549847098186,
  "закон": 0.21615882498948844,
  "сфера": 0.21256399275900525,
  "важный": 0.21006323990301695,
  "результат": 0.20818767526102572,
  "связь": 0.20803137820752646,
  "возможность": 0.20771878410052794,
  "цена": 0.20209209017455426,
  "программа": 0.19802836678357327,
  "необходимый": 0.19458983160658935,
  "право": 0.1944335345530901,
  "общий": 0.19208907875060108,
  "число": 0.19208907875060108,
  "сила": 0.19208907875060108,
  "мировой": 0.19115129642960546,
  "компания": 0.18661868187812666,
  "основа": 0.18646238482462743,
  "международный": 0.1825549584871457,
  "часть": 0.18239866143364644,
  "сегодня": 0.18224236438014715,
  "средство": 0.18224236438014715,
  "мера": 0.17958531447065956,
  "задача": 0.17958531447065956,
  "управление": 0.17927272036366107,
  "проект": 0.1770845616146713,
  "именно": 0.17692826456117203,
  "структура": 0.1756778881331779,
  "создание": 0.1730208382236903,
  "бизнес": 0.17223935295619397,
  "главный": 0.17098897652819983,
  "ресурс": 0.16989489715370493,
  "наука": 0.16567487670922468,
  "новое": 0.16333042090673566,
  "национальный": 0.16333042090673566,
  "крупный": 0.1625489356392393,
  "цель": 0.16192374742524224,
  "федерация": 0.16098596510424665,
  "советский": 0.1595792916227532,
  "иной": 0.1595792916227532,
  "федеральный": 0.15754742992726273,
  "считать": 0.15535927117827295,
  "сша": 0.15457778591077662,
  "показатель": 0.15442148885727736,
  "группа": 0.15442148885727736,
  "положение": 0.15270222126878538,
  "современный": 0.1511392507337927,
  "деньга": 0.1502014684127971,
  "лишь": 0.1502014684127971,
  "период": 0.14645033912881467,
  "качество": 0.14613774502181612,
  "миллион": 0.1451999627008205,
  "рф": 0.1451999627008205,
  "принять": 0.1447310715403227,
  "отрасль": 0.14348069511232855,
  "военный": 0.14316810100533,
  "образ": 0.14004215993534466,
  "орган": 0.13988586288184537,
  "например": 0.13941697172134757,
  "роль": 0.13894808056084976,
  "изменение": 0.13894808056084976,
  "труд": 0.1387917835073505,
  "кризис": 0.1383228923468527,
  "фактор": 0.1362910306513622,
  "хозяйство": 0.13597843654436367,
  "ряд": 0.13582213949086439,
  "доход": 0.13535324833036658,
  "министр": 0.13535324833036658,
  "общественный": 0.13504065422336806,
  "счёт": 0.13441546600937096,
  "поэтому": 0.1336339807418746,
  "использование": 0.13316508958137682,
  "оценка": 0.13253990136737975,
  "бюджет": 0.13066433672538852,
  "центр": 0.12988285145789216,
  "институт": 0.12847617797639876,
  "начало": 0.1276946927089024,
  "создать": 0.1273820986019039,
  "форма": 0.1273820986019039,
  "реальный": 0.1272258015484046,
  "информация": 0.12660061333440753,
  "мнение": 0.12566283101341194,
  "рыночный": 0.12519393985291413,
  "тысяча": 0.12456875163891706,
  "рубль": 0.1237872663714207,
  "анализ": 0.12363096931792145,
  "целое": 0.12347467226442217,
  "война": 0.12331837521092291,
  "история": 0.12300578110392436,
  "доллар": 0.12144281056893168,
  "безопасность": 0.12128651351543242,
  "капитал": 0.12097391940843387,
  "принцип": 0.12066132530143533,
  "торговля": 0.1203487311944368,
  "оказаться": 0.11956724592694046,
  "пока": 0.11909835476644265,
  "составлять": 0.11847316655244557,
  "региональный": 0.11816057244544703,
  "рабочий": 0.11800427539194777,
  "сотрудничество": 0.11800427539194777,
  "образование": 0.11784797833844851,
  "налоговый": 0.11784797833844851,
  "территория": 0.1173790871779507,
  "причина": 0.11706649307095215,
  "продукция": 0.11675389896395362,
  "налог": 0.11628500780345583,
  "прежде": 0.11597241369645728,
  "основный": 0.11597241369645728,
  "некоторый": 0.11581611664295802,
  "глава": 0.11581611664295802,
  "народ": 0.11550352253595947,
  "союз": 0.11519092842896093,
  "позиция": 0.11456574021496387
}