{
  "социоэкономический": 1.0,
  "геоэкономика": 0.9294365948483285,
  "экономи": 0.92193786588941,
  "эконо": 0.903959088554677,
  "экономразвития": 0.8907347490229015,
  "биоэкономика": 0.8712994422118668,
  "агрополитика": 0.8229806799918198,
  "номический": 0.8204378628576532,
  "агроэкологический": 0.8173661419644939,
  "реиндустриализация": 0.8064995905290857,
  "регионалистика": 0.8064104752526877,
  "агропромышленность": 0.8023775955742966,
  "неокономика": 0.7894371387271288,
  "экономзона": 0.7874730196610349,
  "несоциалистический": 0.7806574465735544,
  "этноэкологический": 0.7797609652672751,
  "золотопромышленность": 0.7766224538525269,
  "инжэкон": 0.7739457800609254,
  "развитие": 0.7706733201173235,
  "политический": 0.6172419602764826,
  "социальный": 0.5274781369679087,
  "рост": 0.5191495348052575,
  "государство": 0.48453956581824037,
  "политика": 0.4347530328903921,
  "проблема": 0.4243885501990929,
  "отношение": 0.41828090861314865,
  "государственный": 0.3964414629421967,
  "уровень": 0.3873725405873098,
  "деятельность": 0.38533666005866174,
  "условие": 0.3827455393858369,
  "власть": 0.3808947389052478,
  "правительство": 0.38033949876107104,
  "являться": 0.36312705429159187,
  "рынок": 0.3610911737629438,
  "предприятие": 0.33592028722693135,
  "производство": 0.3264812047759267,
  "решение": 0.32037356318998245,
  "общество": 0.3196332429977468,
  "реформа": 0.31297036126762584,
  "область": 0.3094538403545064,
  "процесс": 0.3090836802583886,
  "президент": 0.30056999804767853,
  "население": 0.2772499119922552,
  "регион": 0.27595435165584276,
  "интерес": 0.26521970886842566,
  "однако": 0.2633689083878365,
  "ситуация": 0.2620733480514241,
  "организация": 0.26022254757083496,
  "высокий": 0.25874190718636364,
  "финансовый": 0.25763142689801016,
  "закон": 0.2559657064654799,
  "сфера": 0.2517088653601249,
  "важный": 0.2487475845911822,
  "результат": 0.24652662401447523,
  "связь": 0.24634154396641633,
  "возможность": 0.2459713838702985,
  "цена": 0.23930850214017754,
  "программа": 0.23449642089064573,
  "необходимый": 0.23042465983334962,
  "право": 0.23023957978529067,
  "общий": 0.22746337906440695,
  "число": 0.22746337906440695,
  "сила": 0.22746337906440695,
  "мировой": 0.22635289877605347,
  "компания": 0.2209855773823449,
  "основа": 0.220800497334286,
  "международный": 0.21617349613281314,
  "часть": 0.2159884160847542,
  "сегодня": 0.21580333603669527,
  "средство": 0.21580333603669527,
  "мера": 0.21265697521969373,
  "задача": 0.21265697521969373,
  "управление": 0.2122868151235759,
  "проект": 0.2096956944507511,
  "именно": 0.20951061440269214,
  "структура": 0.20802997401822082,
  "создание": 0.20488361320121928,
  "бизнес": 0.20395821296092473,
  "главный": 0.2024775725764534,
  "ресурс": 0.20118201224004098,
  "наука": 0.19618485094245028,
  "новое": 0.19340865022156653,
  "национальный": 0.19340865022156653,
  "крупный": 0.19248324998127195,
  "цель": 0.1917429297890363,
  "федерация": 0.19063244950068278,
  "советский": 0.18896672906815257,
  "иной": 0.18896672906815257,
  "федеральный": 0.18656068844338666,
  "считать": 0.18396956777056186,
  "сша": 0.18304416753026725,
  "показатель": 0.18285908748220836,
  "группа": 0.18285908748220836,
  "положение": 0.18082320695356027,
  "современный": 0.17897240647297114,
  "деньга": 0.17786192618461766,
  "лишь": 0.17786192618461766,
  "период": 0.17342000503120367,
  "качество": 0.17304984493508582,
  "миллион": 0.17193936464673235
}