{
  "фарминдустрия": 1.0,
  "агросектор": 0.9516851928552608,
  "фармотрасль": 0.9338222805494814,
  "фармпромышленность": 0.9272036359658216,
  "экостроительство": 0.9239283678635721,
  "внутриэкономический": 0.9192460232155923,
  "развитие": 0.595140098226472,
  "рост": 0.43667726356191594,
  "рынок": 0.39127295819570185,
  "государство": 0.367394996807892,
  "государственный": 0.33429145942933747,
  "проблема": 0.3221715850885552,
  "предприятие": 0.32000086132602706,
  "уровень": 0.31783013756349887,
  "производство": 0.31529762650721604,
  "политика": 0.3133077963915652,
  "отрасль": 0.31186064721654644,
  "правительство": 0.2914196651194062,
  "условие": 0.2762245987817091,
  "рыночный": 0.27351119407854885,
  "мировой": 0.2666372354972097,
  "социальный": 0.2666372354972097,
  "власть": 0.2651900863221909,
  "являться": 0.26374293714717206,
  "цена": 0.25831612774085166,
  "область": 0.2499950199844937,
  "реформа": 0.2469198279875788,
  "высокий": 0.24095033764062634,
  "отношение": 0.2340763790592872,
  "общество": 0.22883046329984408,
  "сектор": 0.22756420777170266,
  "население": 0.21689148260593918,
  "сфера": 0.21472075884341102,
  "деятельность": 0.21363539696214692,
  "финансовый": 0.21128377955274144,
  "компания": 0.20947484308396794,
  "политический": 0.2076659066151945,
  "бизнес": 0.20531428920578898,
  "процесс": 0.2035053527370155,
  "важный": 0.20332445909013816,
  "деньга": 0.20223909720887406,
  "президент": 0.196993181449431,
  "решение": 0.18885296733995038,
  "сегодня": 0.18722492451805425,
  "результат": 0.18650134993054487,
  "регион": 0.1823407960523659,
  "программа": 0.17998917864296038,
  "необходимый": 0.17673309299916812,
  "однако": 0.17546683747102668,
  "организация": 0.17510505017727201,
  "наука": 0.17474326288351733,
  "число": 0.17293432641474382,
  "структура": 0.17148717723972506,
  "национальный": 0.17112538994597037,
  "средство": 0.17076360265221568,
  "промышленность": 0.16949734712407424,
  "управление": 0.1693164534771969,
  "ресурс": 0.16750751700842342,
  "общий": 0.1666030487740367,
  "крупный": 0.1651558995990179,
  "задача": 0.1631660694833671,
  "часть": 0.1628042821896124,
  "инвестиция": 0.16208070760210302,
  "ситуация": 0.16189981395522565,
  "реальный": 0.16027177113332952,
  "хозяйство": 0.1600908774864522,
  "возможность": 0.15990998383957486,
  "сша": 0.15918640925206545,
  "основа": 0.15918640925206545,
  "именно": 0.15882462195831076,
  "главный": 0.15864372831143342,
  "труд": 0.15864372831143342,
  "рубль": 0.1566538981957826,
  "доллар": 0.15574942996139587,
  "советский": 0.1543022807863771,
  "закон": 0.15412138713949974,
  "сила": 0.1494181523206887,
  "миллиард": 0.149056365026934,
  "мера": 0.149056365026934,
  "бюджет": 0.14815189679254728,
  "новое": 0.14706653491128321,
  "международный": 0.1463429603237738,
  "период": 0.1463429603237738,
  "лишь": 0.14580027938314177,
  "интерес": 0.14580027938314177,
  "продукция": 0.1452575984425097,
  "доход": 0.14489581114875505,
  "современный": 0.1436295556206136,
  "целое": 0.14182061915184013,
  "считать": 0.1416397255049628,
  "счёт": 0.1409161509174534,
  "институт": 0.14073525727057606,
  "связь": 0.13964989538931197,
  "цель": 0.13766006527366115,
  "показатель": 0.1362129160986424,
  "образование": 0.13458487327674623,
  "миллион": 0.1336804050423595,
  "составлять": 0.13259504316109544,
  "например": 0.1316905749267087,
  "качество": 0.13150968127983134,
  "право": 0.13078610669232196,
  "создание": 0.12988163845793524,
  "роль": 0.1293389575173032,
  "темп": 0.12843448928291645,
  "тысяча": 0.1282535956360391,
  "внутренний": 0.12680644646102032,
  "ввп": 0.1259019782266336,
  "товар": 0.12463572269849216,
  "технология": 0.12427393540473747,
  "кризис": 0.12391214811098278,
  "состояние": 0.12300767987659604,
  "объём": 0.1228267862297187,
  "проект": 0.12192231799533194,
  "услуга": 0.12156053070157725,
  "образ": 0.11975159423280379,
  "капитал": 0.1190280196452944,
  "налог": 0.1190280196452944,
  "процент": 0.11884712599841706,
  "создать": 0.11848533870466237,
  "поэтому": 0.11848533870466237,
  "культура": 0.11739997682339828,
  "министр": 0.11649550858901153,
  "рабочий": 0.11631461494213419,
  "федеральный": 0.11541014670774745,
  "оценка": 0.11342031659209664,
  "основный": 0.11269674200458724,
  "повышение": 0.11161138012332318,
  "оказаться": 0.11124959282956848,
  "пока": 0.10998333730142705,
  "принять": 0.1098024436545497,
  "начало": 0.10925976271391766,
  "нефть": 0.10925976271391766,
  "мнение": 0.10853618812640826,
  "информация": 0.10817440083265357,
  "ряд": 0.10799350718577623,
  "налоговый": 0.10726993259826684,
  "изменение": 0.10708903895138949,
  "использование": 0.10654635801075744,
  "военный": 0.10582278342324807,
  "положение": 0.10546099612949336,
  "фактор": 0.10473742154198397,
  "прежде": 0.10473742154198397,
  "ссср": 0.10256669777945582,
  "направление": 0.10166222954506908,
  "привести": 0.10003418672317295,
  "доля": 0.09967239942941826,
  "группа": 0.09949150578254091,
  "война": 0.09804435660752213,
  "собственность": 0.09659720743250336,
  "снижение": 0.09641631378562601
}