{
  "неокономика": 1.0,
  "экономзона": 0.9975120006777729,
  "этноэкологический": 0.9877429462269087,
  "инжэкон": 0.9803767039752129,
  "развитие": 0.9762313961564315,
  "политический": 0.781876010130091,
  "социальный": 0.6681699037093731,
  "рост": 0.6576198525981725,
  "государство": 0.6137785290916277,
  "политика": 0.5507126680046728,
  "проблема": 0.5375837155107343,
  "отношение": 0.5298470113625204,
  "государственный": 0.5021824328931499,
  "уровень": 0.4906945994609536,
  "деятельность": 0.48811569807821575,
  "условие": 0.4848334599547311,
  "власть": 0.4824890041522421,
  "правительство": 0.48178566741149537,
  "являться": 0.4599822284483474,
  "рынок": 0.45740332706560943,
  "предприятие": 0.4255187281517587,
  "производство": 0.41356200355906464,
  "решение": 0.4058252994108509,
  "общество": 0.40488751708985526,
  "реформа": 0.3964474762008947,
  "область": 0.39199301017616556,
  "процесс": 0.39152411901566775,
  "президент": 0.3807396223242182,
  "население": 0.3511994792128565,
  "регион": 0.3495583601511142,
  "интерес": 0.3359605164966778,
  "однако": 0.33361606069418875,
  "ситуация": 0.33197494163244645,
  "организация": 0.3296304858299574,
  "высокий": 0.3277549211879662,
  "финансовый": 0.32634824770647275,
  "закон": 0.32423823748423264,
  "сфера": 0.31884598913850787,
  "важный": 0.31509485985452546,
  "результат": 0.3122815128915386,
  "связь": 0.3120470673112897,
  "возможность": 0.31157817615079186,
  "цена": 0.3031381352618314,
  "программа": 0.2970425501753599,
  "необходимый": 0.29188474740988407,
  "право": 0.29165030182963514,
  "общий": 0.2881336181259016,
  "число": 0.2881336181259016,
  "сила": 0.2881336181259016,
  "мировой": 0.2867269446444082,
  "компания": 0.27992802281719,
  "основа": 0.2796935772369411,
  "международный": 0.2738324377307185,
  "часть": 0.2735979921504696,
  "сегодня": 0.2733635465702207,
  "средство": 0.2733635465702207,
  "мера": 0.26937797170598937,
  "задача": 0.26937797170598937,
  "управление": 0.26890908054549156,
  "проект": 0.26562684242200696,
  "именно": 0.265392396841758,
  "структура": 0.2635168321997668,
  "создание": 0.25953125733553545,
  "бизнес": 0.25835902943429095,
  "главный": 0.2564834647922997,
  "ресурс": 0.2548423457305574,
  "наука": 0.24851231506383703,
  "новое": 0.2449956313601035,
  "национальный": 0.2449956313601035,
  "крупный": 0.24382340345885894,
  "цель": 0.24288562113786336,
  "федерация": 0.24147894765636993,
  "советский": 0.23936893743412982,
  "иной": 0.23936893743412982,
  "федеральный": 0.23632114489089406,
  "считать": 0.23303890676740943,
  "сша": 0.2318666788661649,
  "показатель": 0.23163223328591603,
  "группа": 0.23163223328591603,
  "положение": 0.2290533319031781,
  "современный": 0.22670887610068907,
  "деньга": 0.22530220261919565,
  "лишь": 0.22530220261919565,
  "период": 0.21967550869322197,
  "качество": 0.21920661753272416,
  "миллион": 0.21779994405123074,
  "рф": 0.21779994405123074,
  "принять": 0.21709660731048405,
  "отрасль": 0.21522104266849282,
  "военный": 0.21475215150799504,
  "образ": 0.21006323990301695,
  "орган": 0.20982879432276805,
  "например": 0.20912545758202133,
  "роль": 0.20842212084127465,
  "изменение": 0.20842212084127465,
  "труд": 0.20818767526102572,
  "кризис": 0.20748433852027903,
  "фактор": 0.20443654597704328,
  "хозяйство": 0.2039676548165455,
  "ряд": 0.20373320923629656
}