{
  "реиндустриализация": 1.0,
  "медиаиндустрия": 0.9571212011000695,
  "государствоведение": 0.947420918963508,
  "экономразвития": 0.9449640248800184,
  "ненефтяной": 0.9193540960873865,
  "эконо": 0.916128310229501,
  "фарминдустрия": 0.9089335764175311,
  "туротрасль": 0.900834918384687,
  "неокономика": 0.9003740089237489,
  "энергостратегия": 0.8964493624456581,
  "социоэкономический": 0.8956339444486575,
  "госфинансы": 0.8915892583816845,
  "агрополитика": 0.8873816821715385,
  "кономический": 0.8790734143166894,
  "регионалистика": 0.8724392199225866,
  "агросектор": 0.86501862596554,
  "конкурентноспособность": 0.8601911192758237,
  "развитие": 0.811414226925702,
  "рост": 0.5953659403643297,
  "рынок": 0.5334616938724296,
  "государство": 0.5009064726097571,
  "государственный": 0.4557730976774156,
  "проблема": 0.43924885658196816,
  "предприятие": 0.4362892910126343,
  "уровень": 0.43332972544330045,
  "производство": 0.42987689894574427,
  "политика": 0.42716396384052147,
  "отрасль": 0.42519092012763227,
  "правительство": 0.3973216776830717,
  "условие": 0.37660471869773465,
  "рыночный": 0.3729052617360673,
  "мировой": 0.3635333040998434,
  "социальный": 0.3635333040998434,
  "власть": 0.36156026038695416,
  "являться": 0.3595872166740649,
  "цена": 0.3521883027507302,
  "область": 0.34084330140161706,
  "реформа": 0.3366505835117274,
  "высокий": 0.32851177819605926,
  "отношение": 0.31913982055983536,
  "общество": 0.31198753710061183,
  "сектор": 0.31026112385183374,
  "население": 0.2957099264692756,
  "сфера": 0.2927503608999417,
  "деятельность": 0.2912705781152748,
  "финансовый": 0.2880643820818298,
  "компания": 0.2855980774407182,
  "политический": 0.28313177279960666,
  "бизнес": 0.27992557676616164,
  "процесс": 0.27745927212505006,
  "важный": 0.27721264166093895,
  "деньга": 0.27573285887627197,
  "президент": 0.2685805754170485,
  "решение": 0.25748220453204645,
  "сегодня": 0.2552625303550461,
  "результат": 0.25427600849860144,
  "регион": 0.24860350782404486,
  "программа": 0.24539731179059984,
  "необходимый": 0.24095796343659906,
  "однако": 0.23923155018782097,
  "организация": 0.23873828925959864,
  "наука": 0.2382450283313763,
  "число": 0.23577872369026479,
  "структура": 0.23380567997737553,
  "национальный": 0.2333124190491532,
  "средство": 0.2328191581209309,
  "промышленность": 0.2310927448721528,
  "управление": 0.23084611440804167,
  "ресурс": 0.2283798097669301,
  "общий": 0.22714665744637433,
  "крупный": 0.22517361373348507,
  "задача": 0.22246067862826235,
  "часть": 0.22196741770004003,
  "инвестиция": 0.22098089584359543,
  "ситуация": 0.22073426537948426,
  "реальный": 0.21851459120248384,
  "хозяйство": 0.21826796073837273,
  "возможность": 0.21802133027426157,
  "сша": 0.21703480841781692,
  "основа": 0.21703480841781692,
  "именно": 0.21654154748959464,
  "главный": 0.21629491702548348,
  "труд": 0.21629491702548348,
  "рубль": 0.21358198192026073,
  "доллар": 0.21234882959970497,
  "советский": 0.2103757858868157,
  "закон": 0.2101291554227046,
  "сила": 0.2037167633558145,
  "миллиард": 0.20322350242759224,
  "мера": 0.20322350242759224,
  "бюджет": 0.20199035010703645,
  "новое": 0.20051056732236952,
  "международный": 0.1995240454659249,
  "период": 0.1995240454659249,
  "лишь": 0.19878415407359143,
  "интерес": 0.19878415407359143,
  "продукция": 0.19804426268125797,
  "доход": 0.19755100175303564,
  "современный": 0.19582458850425757,
  "целое": 0.19335828386314602
}