{
  "фарминдустрия": 1.0,
  "агросектор": 0.9516851928552608,
  "развитие": 0.892710147339708,
  "рост": 0.6550158953428739,
  "рынок": 0.5869094372935527,
  "государство": 0.551092495211838,
  "государственный": 0.5014371891440063,
  "проблема": 0.48325737763283283,
  "предприятие": 0.48000129198904057,
  "уровень": 0.47674520634524836,
  "производство": 0.47294643976082407,
  "политика": 0.46996169458734777,
  "отрасль": 0.46779097082481963,
  "правительство": 0.4371294976791093,
  "условие": 0.4143368981725636,
  "рыночный": 0.41026679111782327,
  "мировой": 0.39995585324581445,
  "социальный": 0.39995585324581445,
  "власть": 0.3977851294832863,
  "являться": 0.3956144057207581,
  "цена": 0.38747419161127755,
  "область": 0.3749925299767406,
  "реформа": 0.3703797419813682,
  "высокий": 0.3614255064609395,
  "отношение": 0.35111456858893075,
  "общество": 0.34324569494976614,
  "сектор": 0.34134631165755397,
  "население": 0.3253372239089088,
  "сфера": 0.32208113826511653,
  "деятельность": 0.3204530954432204,
  "финансовый": 0.31692566932911215,
  "компания": 0.3142122646259519,
  "политический": 0.31149885992279175,
  "бизнес": 0.30797143380868347,
  "процесс": 0.30525802910552324,
  "важный": 0.3049866886352072,
  "деньга": 0.30335864581331107,
  "президент": 0.2954897721741465,
  "решение": 0.2832794510099256,
  "сегодня": 0.28083738677708137,
  "результат": 0.27975202489581735,
  "регион": 0.27351119407854885,
  "программа": 0.26998376796444057,
  "необходимый": 0.2650996394987522,
  "однако": 0.2632002562065401,
  "организация": 0.262657575265908,
  "наука": 0.26211489432527596,
  "число": 0.2594014896221158,
  "структура": 0.2572307658595876,
  "национальный": 0.2566880849189555,
  "средство": 0.2561454039783235,
  "промышленность": 0.25424602068611135,
  "управление": 0.25397468021579533,
  "ресурс": 0.2512612755126351,
  "общий": 0.24990457316105502,
  "крупный": 0.24773384939852686,
  "задача": 0.24474910422505064,
  "часть": 0.24420642328441858,
  "инвестиция": 0.2431210614031545,
  "ситуация": 0.2428497209328385,
  "реальный": 0.24040765669999428,
  "хозяйство": 0.24013631622967832,
  "возможность": 0.23986497575936228,
  "сша": 0.23877961387809818,
  "основа": 0.23877961387809818,
  "именно": 0.23823693293746617,
  "главный": 0.23796559246715013,
  "труд": 0.23796559246715013,
  "рубль": 0.23498084729367388,
  "доллар": 0.2336241449420938,
  "советский": 0.2314534211795656,
  "закон": 0.23118208070924964,
  "сила": 0.22412722848103306,
  "миллиард": 0.22358454754040105,
  "мера": 0.22358454754040105,
  "бюджет": 0.22222784518882094,
  "новое": 0.2205998023669248,
  "международный": 0.2195144404856607,
  "период": 0.2195144404856607,
  "лишь": 0.21870041907471266,
  "интерес": 0.21870041907471266,
  "продукция": 0.2178863976637646,
  "доход": 0.21734371672313255,
  "современный": 0.21544433343092043,
  "целое": 0.2127309287277602,
  "считать": 0.21245958825744418,
  "счёт": 0.21137422637618009,
  "институт": 0.21110288590586407,
  "связь": 0.20947484308396794,
  "цель": 0.20649009791049175,
  "показатель": 0.20431937414796356,
  "образование": 0.20187730991511937,
  "миллион": 0.20052060756353926,
  "составлять": 0.19889256474164316,
  "например": 0.19753586239006304,
  "качество": 0.19726452191974703,
  "право": 0.19617916003848293,
  "создание": 0.19482245768690284,
  "роль": 0.19400843627595477,
  "темп": 0.19265173392437468
}