{
  "микроплатеж": 1.0,
  "вебмастеринг": 0.992011708281859,
  "кардинг": 0.9772029982836281,
  "вэбмастер": 0.9355741542595308,
  "мультивалютный": 0.9266297772007915,
  "кибермошенник": 0.9263852624657632,
  "краудинвестинг": 0.9247440683436918,
  "файлообменник": 0.9224277704407773,
  "автосерфинг": 0.9202463062846739,
  "микроблоггинг": 0.9155544285124939,
  "пейпало": 0.9123076655509689,
  "интеркасса": 0.9107853158756358,
  "яндексденьги": 0.9033256996113571,
  "финтех": 0.9028125459341735,
  "мультиаккаунт": 0.8990482345755617,
  "гривневый": 0.897906542447571,
  "бездепозитный": 0.8942886594159398,
  "сеоспринт": 0.8896785047330198,
  "покерстарс": 0.8892798007826715,
  "межбанковский": 0.8874112967864686,
  "гемблинг": 0.8859751584249773,
  "однодолларовый": 0.885463126803939,
  "банкстер": 0.8854527477845936,
  "пиринговый": 0.8828931507074751,
  "валютообменный": 0.8819471638721859,
  "киберпреступник": 0.8793524090358433,
  "блогохостинг": 0.8785123630016198,
  "робокасса": 0.876317060153056,
  "голдфишка": 0.8750238904454302,
  "рунетчик": 0.8736708777433805,
  "адсенс": 0.8734560039915277,
  "накамото": 0.8713205441373876,
  "реферала": 0.8684101175054597,
  "криптовалюта": 0.5229160643406942,
  "рынок": 0.3617658306759519,
  "фьючерс": 0.3255892476083567,
  "тысяча": 0.2992790053773784,
  "курс": 0.29270144481963384,
  "рост": 0.2104819378478266,
  "инвестор": 0.1973268167323374,
  "декабрь": 0.1710165745013591,
  "компания": 0.15786145338586993,
  "миллиард": 0.15128389282812535,
  "считать": 0.1414175519915085,
  "эксперт": 0.1348399914337639,
  "блокчейн": 0.1348399914337639,
  "биржа": 0.12826243087601932,
  "запуск": 0.12497365059714703,
  "инструмент": 0.12168487031827475,
  "стоимость": 0.10852974920278557,
  "капитализация": 0.10195218864504099,
  "ещё": 0.0986634083661687,
  "крупный": 0.0986634083661687,
  "технология": 0.09537462808729641,
  "торг": 0.09208584780842413,
  "попов": 0.09208584780842413,
  "ожидание": 0.08550828725067955,
  "отмечать": 0.07893072669293497,
  "начало": 0.07893072669293497,
  "фонд": 0.07564194641406267,
  "отметка": 0.07564194641406267,
  "валюта": 0.07564194641406267,
  "цена": 0.06906438585631809,
  "например": 0.06906438585631809,
  "начать": 0.06577560557744581,
  "деньга": 0.06577560557744581,
  "проект": 0.06577560557744581,
  "падение": 0.06577560557744581,
  "данные": 0.062486825298573516,
  "неделя": 0.062486825298573516,
  "стоить": 0.062486825298573516,
  "являться": 0.059198045019701225,
  "монета": 0.059198045019701225,
  "миллион": 0.059198045019701225,
  "расти": 0.055909264740828926,
  "аналитик": 0.055909264740828926,
  "составить": 0.055909264740828926,
  "цифровой": 0.055909264740828926,
  "криптовалютный": 0.055909264740828926,
  "новость": 0.05262048446195665,
  "мнение": 0.05262048446195665,
  "спрос": 0.05262048446195665,
  "доллар": 0.05262048446195665,
  "коррекция": 0.05262048446195665,
  "причина": 0.05262048446195665,
  "составлять": 0.05262048446195665,
  "создание": 0.05262048446195665,
  "главный": 0.05262048446195665,
  "появление": 0.04933170418308435,
  "больший": 0.04933170418308435,
  "достигнуть": 0.04933170418308435,
  "превысить": 0.04933170418308435,
  "упасть": 0.04933170418308435,
  "рубль": 0.04933170418308435,
  "ранее": 0.046042923904212066,
  "уровень": 0.046042923904212066,
  "вырасти": 0.046042923904212066,
  "запустить": 0.046042923904212066,
  "средство": 0.046042923904212066,
  "дмитрий": 0.046042923904212066
}