{
  "лайткоин": 1.0,
  "сатоши": 0.8858567405194208,
  "микроплатеж": 0.871100253747258,
  "вебмастеринг": 0.8641416508045783,
  "вебмань": 0.8567676429198666,
  "вебманя": 0.8561701114189362,
  "кардинг": 0.8512417797674497,
  "вебмани": 0.8506080836009776,
  "вэбмани": 0.8397788840219539,
  "твайт": 0.8205582602580381,
  "вэбмастер": 0.8149788831748537,
  "пайпало": 0.8128811696695422,
  "мультивалютный": 0.8071874340493747,
  "кибермошенник": 0.8069744372016466,
  "вебмастерский": 0.8063387861883884,
  "краудинвестинг": 0.8055447925854616,
  "файлообменник": 0.8035270648944786,
  "сатоша": 0.8024553201440364,
  "автосерфинг": 0.8016267909145564,
  "файлообмен": 0.8009054524505104,
  "инвалюта": 0.7999013128180852,
  "микроблоггинг": 0.7975396949966592,
  "глопарт": 0.7962155306549706,
  "пейпало": 0.7947114389570176,
  "интеркасса": 0.7933853197685429,
  "яндексденьги": 0.7868872461478726,
  "финтех": 0.7864402378494665,
  "форекс": 0.7838618763906393,
  "микроблогинг": 0.7833245378803286,
  "мультиаккаунт": 0.7831611452697962,
  "криптовалюта": 0.6832684745035442,
  "рынок": 0.4849002077121927,
  "фьючерс": 0.4364101869409734,
  "тысяча": 0.39673653358270317,
  "курс": 0.39232834987622867,
  "рост": 0.28212375721436667,
  "инвестор": 0.2644910223884687,
  "декабрь": 0.22922555273667292,
  "компания": 0.211592817910775,
  "миллиард": 0.19396008308487708,
  "считать": 0.18955189937840258,
  "эксперт": 0.18073553196545364,
  "блокчейн": 0.18073553196545364,
  "биржа": 0.17191916455250467,
  "запуск": 0.1675109808460302,
  "инструмент": 0.16310279713955572,
  "стоимость": 0.14106187860718333,
  "капитализация": 0.13665369490070886,
  "ещё": 0.13224551119423436,
  "крупный": 0.13224551119423436,
  "технология": 0.1278373274877599,
  "торг": 0.1234291437812854,
  "попов": 0.1234291437812854,
  "ожидание": 0.11461277636833646,
  "отмечать": 0.1057964089553875,
  "начало": 0.1057964089553875,
  "отметка": 0.10138822524891301,
  "цена": 0.09257185783596407,
  "фонд": 0.09257185783596407,
  "например": 0.09257185783596407,
  "начать": 0.08816367412948958,
  "валюта": 0.08816367412948958,
  "падение": 0.08816367412948958,
  "данные": 0.0837554904230151,
  "неделя": 0.0837554904230151,
  "стоить": 0.0837554904230151,
  "проект": 0.0837554904230151,
  "являться": 0.07934730671654062,
  "монета": 0.07934730671654062,
  "деньга": 0.07934730671654062,
  "миллион": 0.07934730671654062,
  "расти": 0.07493912301006615,
  "аналитик": 0.07493912301006615,
  "составить": 0.07493912301006615,
  "криптовалютный": 0.07493912301006615,
  "новость": 0.07053093930359167,
  "мнение": 0.07053093930359167,
  "спрос": 0.07053093930359167,
  "доллар": 0.07053093930359167,
  "коррекция": 0.07053093930359167,
  "причина": 0.07053093930359167,
  "составлять": 0.07053093930359167,
  "главный": 0.07053093930359167,
  "появление": 0.06612275559711718,
  "больший": 0.06612275559711718,
  "достигнуть": 0.06612275559711718,
  "превысить": 0.06612275559711718,
  "упасть": 0.06612275559711718,
  "рубль": 0.06612275559711718,
  "ранее": 0.0617145718906427,
  "уровень": 0.0617145718906427,
  "вырасти": 0.0617145718906427,
  "запустить": 0.0617145718906427,
  "цифровой": 0.0617145718906427,
  "средство": 0.0617145718906427,
  "дмитрий": 0.0617145718906427,
  "развитие": 0.0617145718906427,
  "видеокарта": 0.0617145718906427,
  "альткоина": 0.0617145718906427,
  "месяц": 0.05730638818416823
}