{
  "микроплатеж": 1.0,
  "вебмастеринг": 0.992011708281859,
  "кардинг": 0.9772029982836281,
  "вэбмастер": 0.9355741542595308,
  "мультивалютный": 0.9266297772007915,
  "кибермошенник": 0.9263852624657632,
  "краудинвестинг": 0.9247440683436918,
  "файлообменник": 0.9224277704407773,
  "автосерфинг": 0.9202463062846739,
  "микроблоггинг": 0.9155544285124939,
  "пейпало": 0.9123076655509689,
  "интеркасса": 0.9107853158756358,
  "яндексденьги": 0.9033256996113571,
  "финтех": 0.9028125459341735,
  "мультиаккаунт": 0.8990482345755617,
  "криптовалюта": 0.7843740965110412,
  "рынок": 0.5426487460139279,
  "фьючерс": 0.4883838714125351,
  "тысяча": 0.4489185080660676,
  "курс": 0.43905216722945073,
  "рост": 0.31572290677173986,
  "инвестор": 0.29599022509850614,
  "декабрь": 0.25652486175203865,
  "компания": 0.2367921800788049,
  "миллиард": 0.226925839242188,
  "считать": 0.21212632798726272,
  "эксперт": 0.20225998715064586,
  "блокчейн": 0.20225998715064586,
  "биржа": 0.19239364631402897,
  "запуск": 0.18746047589572054,
  "инструмент": 0.1825273054774121,
  "стоимость": 0.16279462380417836,
  "капитализация": 0.1529282829675615,
  "ещё": 0.14799511254925307,
  "крупный": 0.14799511254925307,
  "технология": 0.1430619421309446,
  "торг": 0.13812877171263618,
  "попов": 0.13812877171263618,
  "ожидание": 0.12826243087601932,
  "отмечать": 0.11839609003940245,
  "начало": 0.11839609003940245,
  "фонд": 0.113462919621094,
  "отметка": 0.113462919621094,
  "валюта": 0.113462919621094,
  "цена": 0.10359657878447714,
  "например": 0.10359657878447714,
  "начать": 0.0986634083661687,
  "деньга": 0.0986634083661687,
  "проект": 0.0986634083661687,
  "падение": 0.0986634083661687,
  "данные": 0.09373023794786027,
  "неделя": 0.09373023794786027,
  "стоить": 0.09373023794786027,
  "являться": 0.08879706752955184,
  "монета": 0.08879706752955184,
  "миллион": 0.08879706752955184,
  "расти": 0.08386389711124341,
  "аналитик": 0.08386389711124341,
  "составить": 0.08386389711124341,
  "цифровой": 0.08386389711124341,
  "криптовалютный": 0.08386389711124341,
  "новость": 0.07893072669293497,
  "мнение": 0.07893072669293497,
  "спрос": 0.07893072669293497,
  "доллар": 0.07893072669293497,
  "коррекция": 0.07893072669293497,
  "причина": 0.07893072669293497,
  "составлять": 0.07893072669293497,
  "создание": 0.07893072669293497,
  "главный": 0.07893072669293497,
  "появление": 0.07399755627462654,
  "больший": 0.07399755627462654,
  "достигнуть": 0.07399755627462654,
  "превысить": 0.07399755627462654,
  "упасть": 0.07399755627462654,
  "рубль": 0.07399755627462654,
  "ранее": 0.06906438585631809,
  "уровень": 0.06906438585631809,
  "вырасти": 0.06906438585631809,
  "запустить": 0.06906438585631809,
  "средство": 0.06906438585631809,
  "дмитрий": 0.06906438585631809,
  "развитие": 0.06906438585631809,
  "видеокарта": 0.06906438585631809,
  "альткоина": 0.06906438585631809,
  "месяц": 0.06413121543800966,
  "смаля": 0.06413121543800966,
  "возможность": 0.06413121543800966,
  "бумага": 0.06413121543800966,
  "сутки": 0.06413121543800966,
  "чикагский": 0.06413121543800966,
  "финансовый": 0.06413121543800966,
  "некоторый": 0.06413121543800966,
  "ноябрь": 0.06413121543800966,
  "популярный": 0.06413121543800966,
  "торговля": 0.06413121543800966,
  "регулирование": 0.06413121543800966,
  "объяснять": 0.06413121543800966,
  "компьютер": 0.06413121543800966,
  "предприниматель": 0.06413121543800966
}