{
  "внутридневный": 1.0,
  "евродоллар": 0.9827674235290204,
  "перепроданность": 0.976256281065858,
  "перекупленность": 0.9537832028292887,
  "евровалюта": 0.9404951119542067,
  "нацвалюта": 0.9154717563357208,
  "хеджирование": 0.9059276933135716,
  "боковик": 0.9052473081631282,
  "экспирация": 0.8938353048688996,
  "девальвация": 0.8930623289489497,
  "таймфрейм": 0.8905392941307466,
  "стохастик": 0.8720845364758408,
  "маржинальность": 0.8701693248393113,
  "макростатистика": 0.8655122043290725,
  "премаркет": 0.863334496587975,
  "скальпер": 0.8591028183577877,
  "ребалансировка": 0.8528400839444381,
  "долларизация": 0.8491722673756635,
  "ммвб": 0.8480216297469106,
  "отскок": 0.8451688835267527,
  "контанго": 0.8426816629200362,
  "дюрация": 0.8408886609151193,
  "форвардный": 0.8374134942517342,
  "общерыночный": 0.8347383763364132,
  "дивергенция": 0.8329040437130274,
  "стагфляция": 0.8301516960999512,
  "теханализ": 0.8298806283476103,
  "маркетмейкер": 0.828933928041611,
  "межбанк": 0.8216649161268509,
  "средневзвешенный": 0.820454022360289,
  "турбулентность": 0.8173317360081853,
  "гособлигация": 0.809868122228642,
  "конъюнктура": 0.8097487981022202,
  "недооцененность": 0.8069269437611644,
  "скальпинг": 0.8049790580217384,
  "флетовый": 0.8007764894468589,
  "рынок": 0.7119227037658898,
  "биткоина": 0.672913240545841,
  "криптовалюта": 0.6436561431308044,
  "рост": 0.3315804373704144,
  "фьючерс": 0.3218280715654022,
  "курс": 0.30232333995537786,
  "миллиард": 0.28281860834535344,
  "цена": 0.23405677932029254,
  "инвестор": 0.23405677932029254,
  "считать": 0.22430441351528033,
  "тысяча": 0.19504731610024376,
  "инструмент": 0.19504731610024376,
  "декабрь": 0.1755425844902194,
  "капитализация": 0.1755425844902194,
  "валюта": 0.1755425844902194,
  "инфляция": 0.1657902186852072,
  "эксперт": 0.14628548707518282,
  "начало": 0.13653312127017064,
  "альткоина": 0.13653312127017064,
  "ноябрь": 0.12678075546515846,
  "отмечать": 0.12678075546515846,
  "например": 0.12678075546515846,
  "ставка": 0.12678075546515846,
  "рубль": 0.12678075546515846,
  "торг": 0.11702838966014627,
  "фрс": 0.11702838966014627,
  "биржа": 0.11702838966014627,
  "регулятор": 0.10727602385513407,
  "монета": 0.10727602385513407,
  "уровень": 0.09752365805012188,
  "высокий": 0.09752365805012188,
  "ожидание": 0.09752365805012188,
  "риска": 0.09752365805012188,
  "технология": 0.09752365805012188,
  "регулирование": 0.09752365805012188,
  "запуск": 0.09752365805012188,
  "составить": 0.0877712922451097,
  "неделя": 0.0877712922451097,
  "ожидать": 0.0877712922451097,
  "объяснять": 0.0877712922451097,
  "стоимость": 0.0877712922451097,
  "деньга": 0.0877712922451097,
  "риск": 0.0877712922451097,
  "проект": 0.0877712922451097,
  "являться": 0.0877712922451097,
  "ещё": 0.0877712922451097,
  "дмитрий": 0.0877712922451097,
  "годовой": 0.0780189264400975,
  "банка": 0.0780189264400975,
  "составлять": 0.0780189264400975,
  "финансовый": 0.0780189264400975,
  "блокчейн": 0.0780189264400975,
  "решение": 0.0780189264400975,
  "нефть": 0.0780189264400975,
  "крупный": 0.0780189264400975,
  "следующий": 0.06826656063508532,
  "директор": 0.06826656063508532,
  "будущее": 0.06826656063508532,
  "использование": 0.06826656063508532,
  "привести": 0.06826656063508532,
  "нужно": 0.06826656063508532,
  "цифровой": 0.06826656063508532,
  "сообщество": 0.06826656063508532,
  "некоторый": 0.06826656063508532
}