{
  "внутридневный": 1.0,
  "евродоллар": 0.9827674235290204,
  "перепроданность": 0.976256281065858,
  "понижательный": 0.9553641202026779,
  "перекупленность": 0.9537832028292887,
  "повышательный": 0.9442807250290078,
  "евровалюта": 0.9404951119542067,
  "ликвидность": 0.9395289769220689,
  "скорректироваться": 0.9237793803835889,
  "спрэд": 0.9215079785915883,
  "спотовой": 0.9195183378946947,
  "нацвалюта": 0.9154717563357208,
  "флет": 0.9115621514055126,
  "спотовый": 0.9082705537929456,
  "хеджирование": 0.9059276933135716,
  "боковик": 0.9052473081631282,
  "хеджировать": 0.8942044797977294,
  "экспирация": 0.8938353048688996,
  "девальвация": 0.8930623289489497,
  "таймфрейм": 0.8905392941307466,
  "стохастик": 0.8720845364758408,
  "макроэкономический": 0.87098057613694,
  "маржинальность": 0.8701693248393113,
  "стохастика": 0.8668506543986302,
  "макростатистика": 0.8655122043290725,
  "премаркет": 0.863334496587975,
  "скальпер": 0.8591028183577877,
  "дефляция": 0.8573759283688612,
  "ребалансировка": 0.8528400839444381,
  "долларизация": 0.8491722673756635,
  "девальвационный": 0.8489811450906694,
  "ммвб": 0.8480216297469106,
  "маржинальный": 0.8476553403232716,
  "шортить": 0.8464929060703561,
  "отскок": 0.8451688835267527,
  "контанго": 0.8426816629200362,
  "дюрация": 0.8408886609151193,
  "форвардный": 0.8374134942517342,
  "йена": 0.8371916498232373,
  "бивалютный": 0.8369300872644664,
  "общерыночный": 0.8347383763364132,
  "дивергенция": 0.8329040437130274,
  "стагфляция": 0.8301516960999512,
  "теханализ": 0.8298806283476103,
  "пипсы": 0.8296459688813541,
  "маркетмейкер": 0.828933928041611,
  "маржа": 0.8260764292246682,
  "спред": 0.8226238373960115,
  "межбанк": 0.8216649161268509,
  "дефляционный": 0.8209392115713511,
  "средневзвешенный": 0.820454022360289,
  "хеджер": 0.8184956130136963,
  "турбулентность": 0.8173317360081853,
  "неопределенность": 0.8171036962303081,
  "гособлигация": 0.809868122228642,
  "конъюнктура": 0.8097487981022202,
  "недооцененность": 0.8069269437611644,
  "нестабильность": 0.8058353741210242,
  "ревальвация": 0.8049853382389185,
  "скальпинг": 0.8049790580217384,
  "фортс": 0.8049758330453486,
  "флетовый": 0.8007764894468589,
  "рынок": 0.7119227037658898,
  "биткоина": 0.672913240545841,
  "криптовалюта": 0.6436561431308044,
  "рост": 0.3315804373704144,
  "фьючерс": 0.3218280715654022,
  "курс": 0.30232333995537786,
  "миллиард": 0.28281860834535344,
  "цена": 0.23405677932029254,
  "инвестор": 0.23405677932029254,
  "считать": 0.22430441351528033,
  "тысяча": 0.19504731610024376,
  "инструмент": 0.19504731610024376,
  "декабрь": 0.1755425844902194,
  "капитализация": 0.1755425844902194,
  "валюта": 0.1755425844902194,
  "инфляция": 0.1657902186852072,
  "эксперт": 0.14628548707518282,
  "начало": 0.13653312127017064,
  "альткоина": 0.13653312127017064,
  "ноябрь": 0.12678075546515846,
  "отмечать": 0.12678075546515846,
  "например": 0.12678075546515846,
  "ставка": 0.12678075546515846,
  "рубль": 0.12678075546515846,
  "торг": 0.11702838966014627,
  "фрс": 0.11702838966014627,
  "биржа": 0.11702838966014627,
  "регулятор": 0.10727602385513407,
  "монета": 0.10727602385513407,
  "уровень": 0.09752365805012188,
  "высокий": 0.09752365805012188,
  "ожидание": 0.09752365805012188,
  "риска": 0.09752365805012188,
  "технология": 0.09752365805012188,
  "регулирование": 0.09752365805012188,
  "запуск": 0.09752365805012188,
  "составить": 0.0877712922451097,
  "неделя": 0.0877712922451097
}