{
  "внутридневный": 1.0,
  "евродоллар": 0.9827674235290204,
  "перепроданность": 0.976256281065858,
  "перекупленность": 0.9537832028292887,
  "евровалюта": 0.9404951119542067,
  "нацвалюта": 0.9154717563357208,
  "хеджирование": 0.9059276933135716,
  "боковик": 0.9052473081631282,
  "экспирация": 0.8938353048688996,
  "девальвация": 0.8930623289489497,
  "таймфрейм": 0.8905392941307466,
  "стохастик": 0.8720845364758408,
  "маржинальность": 0.8701693248393113,
  "макростатистика": 0.8655122043290725,
  "премаркет": 0.863334496587975,
  "скальпер": 0.8591028183577877,
  "ребалансировка": 0.8528400839444381,
  "долларизация": 0.8491722673756635,
  "ммвб": 0.8480216297469106,
  "отскок": 0.8451688835267527,
  "контанго": 0.8426816629200362,
  "дюрация": 0.8408886609151193,
  "форвардный": 0.8374134942517342,
  "общерыночный": 0.8347383763364132,
  "дивергенция": 0.8329040437130274,
  "стагфляция": 0.8301516960999512,
  "теханализ": 0.8298806283476103,
  "маркетмейкер": 0.828933928041611,
  "межбанк": 0.8216649161268509,
  "средневзвешенный": 0.820454022360289,
  "турбулентность": 0.8173317360081853,
  "гособлигация": 0.809868122228642,
  "конъюнктура": 0.8097487981022202,
  "недооцененность": 0.8069269437611644,
  "скальпинг": 0.8049790580217384,
  "флетовый": 0.8007764894468589,
  "трежерис": 0.7995616068937095,
  "интрадь": 0.799256082814678,
  "федрезерв": 0.797919924175713,
  "курсообразование": 0.7964117385066933,
  "левередж": 0.7959409768215855,
  "дивидендный": 0.7955039076529709,
  "мультивалютность": 0.7939795122342025,
  "проторговывать": 0.790204762237767,
  "общеэкономический": 0.7774991190722388,
  "обесценивание": 0.7770195311359589,
  "гиперинфляция": 0.7748577785412107,
  "предкризисный": 0.7743523907938127,
  "эквитя": 0.7736623307141999,
  "бвфб": 0.772039403779944,
  "разнонаправленный": 0.7718424256167683,
  "боллинджер": 0.7714898847766857,
  "овернайт": 0.7684977856293694,
  "внебиржевой": 0.7671736782179663,
  "профитный": 0.7659213689651356,
  "еврооблигация": 0.7652268957599369,
  "рецессия": 0.7647833766385426,
  "макропоказатель": 0.7635387903554874,
  "рынок": 0.4746151358439265,
  "биткоина": 0.44860882703056065,
  "криптовалюта": 0.4291040954205363,
  "рост": 0.2210536249136096,
  "фьючерс": 0.21455204771026815,
  "курс": 0.20154889330358522,
  "миллиард": 0.18854573889690232,
  "цена": 0.156037852880195,
  "инвестор": 0.156037852880195,
  "считать": 0.14953627567685357,
  "тысяча": 0.13003154406682918,
  "инструмент": 0.13003154406682918,
  "декабрь": 0.11702838966014627,
  "капитализация": 0.11702838966014627,
  "валюта": 0.11702838966014627,
  "инфляция": 0.1105268124568048,
  "эксперт": 0.09752365805012188,
  "начало": 0.09102208084678043,
  "альткоина": 0.09102208084678043,
  "ноябрь": 0.08452050364343897,
  "отмечать": 0.08452050364343897,
  "например": 0.08452050364343897,
  "ставка": 0.08452050364343897,
  "рубль": 0.08452050364343897,
  "торг": 0.0780189264400975,
  "фрс": 0.0780189264400975,
  "биржа": 0.0780189264400975,
  "регулятор": 0.07151734923675605,
  "монета": 0.07151734923675605,
  "уровень": 0.06501577203341459,
  "высокий": 0.06501577203341459,
  "ожидание": 0.06501577203341459,
  "риска": 0.06501577203341459,
  "технология": 0.06501577203341459,
  "регулирование": 0.06501577203341459,
  "запуск": 0.06501577203341459,
  "составить": 0.058514194830073134,
  "неделя": 0.058514194830073134,
  "ожидать": 0.058514194830073134,
  "объяснять": 0.058514194830073134,
  "стоимость": 0.058514194830073134,
  "деньга": 0.058514194830073134
}