{
  "нелегал": 1.0,
  "таджик": 0.9974342063818584,
  "лимитчик": 0.9593118997418729,
  "приезжий": 0.9298697076763822,
  "иммигрант": 0.9193980250443109,
  "низкоквалифицированный": 0.916941112971603,
  "узбек": 0.8938638249620275,
  "экспат": 0.8846465355058831,
  "заробитчанин": 0.8810304238369701,
  "понаехать": 0.8741877631141989,
  "малоквалифицированный": 0.8432290844384162,
  "чернорабочий": 0.8404247624632427,
  "молдаванин": 0.8237896066343081,
  "голодранец": 0.82274193284964,
  "кавказец": 0.8181735742933782,
  "гастролер": 0.8148573535096022,
  "вахтовик": 0.812211531955567,
  "удаленщик": 0.8060441701320811,
  "шабашник": 0.7991581123362014,
  "вьетнамец": 0.7926616949279087,
  "пакистанец": 0.7923716033818609,
  "низкооплачиваемый": 0.7876080357691432,
  "разнорабочий": 0.7803396482037267,
  "таджикистанец": 0.7796462283043799,
  "отходник": 0.7780269264061858,
  "депортировать": 0.7765368046843951,
  "джамшут": 0.7755626259428947,
  "карусельщик": 0.7717825697755718,
  "азербайджанец": 0.7665323016547662,
  "замкадья": 0.7656771926604505,
  "африканец": 0.7656051752953995,
  "хачик": 0.7620888457856231,
  "беспризорник": 0.7619995629183676,
  "цыган": 0.7607541135836727,
  "нерезиновый": 0.759912381464939,
  "поденщик": 0.7589286367019469,
  "попрошайка": 0.7581555777293687,
  "захребетник": 0.7581247798065175,
  "азиат": 0.7575102212550776,
  "репатриант": 0.7547067547777611,
  "бетонщик": 0.7529144867673925,
  "пэтэушник": 0.7521949352971417,
  "неквалифицированный": 0.7490899447115067,
  "алкаш": 0.7487076927145024,
  "самовольщик": 0.7475907236034192,
  "уголовник": 0.746384393852548,
  "тунеядец": 0.7462577023971828,
  "арматурщик": 0.7453610628705375,
  "нетрудоустроенный": 0.7453210877888569,
  "транзитник": 0.741945759880417,
  "нелатыш": 0.741180478161084,
  "беспаспортный": 0.7404286510898653,
  "монолитчик": 0.7401166276896658,
  "беженец": 0.7395278896190002,
  "бомжатник": 0.7371069084562852,
  "переселенец": 0.7360601679420066,
  "миграционка": 0.7353162736690981,
  "инородец": 0.7350471029342799,
  "оралман": 0.7344624868078342,
  "выселенец": 0.7341064441542665,
  "бакинец": 0.7315149856004156,
  "сезонник": 0.7310848257234207,
  "подсобник": 0.7309931319076591,
  "прибалт": 0.7306566879322695,
  "украина": 0.652403287911582,
  "украинский": 0.4421844506956278,
  "европа": 0.2464634643221532,
  "россиянин": 0.22471668805843378,
  "граница": 0.19572098637347457,
  "военный": 0.16672528468851538,
  "решить": 0.15947635926727557,
  "ждать": 0.1522274338460358,
  "литва": 0.14497850842479598,
  "подправить": 0.14497850842479598,
  "витрина": 0.14497850842479598,
  "способ": 0.14497850842479598,
  "сбежать": 0.1377295830035562,
  "дедовщина": 0.1377295830035562,
  "тысяча": 0.1377295830035562,
  "украинец": 0.1377295830035562,
  "глава": 0.1159828067398368,
  "киев": 0.10873388131859699,
  "захотеть": 0.10873388131859699,
  "американский": 0.10148495589735719,
  "футболист": 0.10148495589735719,
  "президент": 0.09423603047611738,
  "евросоюз": 0.0869871050548776,
  "провести": 0.0869871050548776,
  "ближний": 0.07973817963363779,
  "отправить": 0.07973817963363779,
  "сборная": 0.07973817963363779,
  "найти": 0.07973817963363779,
  "мид": 0.07248925421239799,
  "увидеть": 0.07248925421239799,
  "заявить": 0.07248925421239799,
  "ес": 0.07248925421239799,
  "контроль": 0.07248925421239799,
  "воевать": 0.07248925421239799,
  "ожидание": 0.07248925421239799,
  "оружие": 0.07248925421239799
}