{
  "нелегал": 1.0,
  "таджик": 0.9974342063818584,
  "мигрант": 0.9970216230971978,
  "лимитчик": 0.9593118997418729,
  "приезжий": 0.9298697076763822,
  "иммигрант": 0.9193980250443109,
  "низкоквалифицированный": 0.916941112971603,
  "узбек": 0.8938638249620275,
  "экспат": 0.8846465355058831,
  "заробитчанин": 0.8810304238369701,
  "эммигрант": 0.8785723451762754,
  "понаехать": 0.8741877631141989,
  "мигрантка": 0.8701506687271203,
  "рабсила": 0.8642880974583159,
  "экспаты": 0.8609584220264256,
  "иностранец": 0.8583480647471887,
  "молдаван": 0.8532440089873938,
  "малоквалифицированный": 0.8432290844384162,
  "чернорабочий": 0.8404247624632427,
  "мигрантский": 0.8315103192484684,
  "эмигрант": 0.830885183632615,
  "молдаванин": 0.8237896066343081,
  "голодранец": 0.82274193284964,
  "кавказец": 0.8181735742933782,
  "гастролер": 0.8148573535096022,
  "вахтовик": 0.812211531955567,
  "удаленщик": 0.8060441701320811,
  "шабашник": 0.7991581123362014,
  "работяга": 0.7977229757948547,
  "вьетнамец": 0.7926616949279087,
  "приезжая": 0.792600565717401,
  "пакистанец": 0.7923716033818609,
  "иммигрантка": 0.7915887450701936,
  "низкооплачиваемый": 0.7876080357691432,
  "люмпен": 0.7827032332374917,
  "разнорабочий": 0.7803396482037267,
  "таджикистанец": 0.7796462283043799,
  "отходник": 0.7780269264061858,
  "россиянец": 0.7771543185920683,
  "депортировать": 0.7765368046843951,
  "джамшут": 0.7755626259428947,
  "карусельщик": 0.7717825697755718,
  "дагестанец": 0.7701392361648498,
  "азербайджанец": 0.7665323016547662,
  "замкадья": 0.7656771926604505,
  "африканец": 0.7656051752953995,
  "хачик": 0.7620888457856231,
  "беспризорник": 0.7619995629183676,
  "цыган": 0.7607541135836727,
  "нерезиновый": 0.759912381464939,
  "поденщик": 0.7589286367019469,
  "попрошайка": 0.7581555777293687,
  "захребетник": 0.7581247798065175,
  "азиат": 0.7575102212550776,
  "политэмигрант": 0.757090949532626,
  "репатриант": 0.7547067547777611,
  "бетонщик": 0.7529144867673925,
  "пэтэушник": 0.7521949352971417,
  "неквалифицированный": 0.7490899447115067,
  "алкаш": 0.7487076927145024,
  "самовольщик": 0.7475907236034192,
  "уголовник": 0.746384393852548,
  "тунеядец": 0.7462577023971828,
  "арматурщик": 0.7453610628705375,
  "нетрудоустроенный": 0.7453210877888569,
  "нацмен": 0.7452797128015921,
  "транзитник": 0.741945759880417,
  "негр": 0.7413803535694871,
  "нелатыш": 0.741180478161084,
  "беспаспортный": 0.7404286510898653,
  "монолитчик": 0.7401166276896658,
  "пришлый": 0.7399038420408757,
  "беженец": 0.7395278896190002,
  "возвращенец": 0.7384486401861563,
  "приезжающий": 0.7381745697817936,
  "иммигрантский": 0.7380028480301384,
  "алкашень": 0.7372308001004821,
  "бомжатник": 0.7371069084562852,
  "некоренной": 0.7369194766530747,
  "переселенец": 0.7360601679420066,
  "миграционка": 0.7353162736690981,
  "инородец": 0.7350471029342799,
  "оралман": 0.7344624868078342,
  "выселенец": 0.7341064441542665,
  "трудармеец": 0.7335214391651586,
  "неместный": 0.7331157776358861,
  "молдаванка": 0.7322562356072208,
  "бакинец": 0.7315149856004156,
  "сезонник": 0.7310848257234207,
  "подсобник": 0.7309931319076591,
  "прибалт": 0.7306566879322695,
  "украина": 0.652403287911582,
  "украинский": 0.4421844506956278,
  "европа": 0.2464634643221532,
  "россиянин": 0.22471668805843378,
  "граница": 0.19572098637347457,
  "военный": 0.16672528468851538,
  "решить": 0.15947635926727557,
  "ждать": 0.1522274338460358,
  "литва": 0.14497850842479598
}