{
  "нелегал": 1.0,
  "таджик": 0.9974342063818584,
  "лимитчик": 0.9593118997418729,
  "приезжий": 0.9298697076763822,
  "иммигрант": 0.9193980250443109,
  "низкоквалифицированный": 0.916941112971603,
  "узбек": 0.8938638249620275,
  "экспат": 0.8846465355058831,
  "заробитчанин": 0.8810304238369701,
  "понаехать": 0.8741877631141989,
  "малоквалифицированный": 0.8432290844384162,
  "чернорабочий": 0.8404247624632427,
  "молдаванин": 0.8237896066343081,
  "голодранец": 0.82274193284964,
  "кавказец": 0.8181735742933782,
  "гастролер": 0.8148573535096022,
  "вахтовик": 0.812211531955567,
  "удаленщик": 0.8060441701320811,
  "шабашник": 0.7991581123362014,
  "вьетнамец": 0.7926616949279087,
  "пакистанец": 0.7923716033818609,
  "низкооплачиваемый": 0.7876080357691432,
  "разнорабочий": 0.7803396482037267,
  "таджикистанец": 0.7796462283043799,
  "отходник": 0.7780269264061858,
  "депортировать": 0.7765368046843951,
  "джамшут": 0.7755626259428947,
  "карусельщик": 0.7717825697755718,
  "азербайджанец": 0.7665323016547662,
  "замкадья": 0.7656771926604505,
  "африканец": 0.7656051752953995,
  "хачик": 0.7620888457856231,
  "беспризорник": 0.7619995629183676,
  "цыган": 0.7607541135836727,
  "нерезиновый": 0.759912381464939,
  "поденщик": 0.7589286367019469,
  "попрошайка": 0.7581555777293687,
  "захребетник": 0.7581247798065175,
  "азиат": 0.7575102212550776,
  "репатриант": 0.7547067547777611,
  "бетонщик": 0.7529144867673925,
  "пэтэушник": 0.7521949352971417,
  "неквалифицированный": 0.7490899447115067,
  "алкаш": 0.7487076927145024,
  "самовольщик": 0.7475907236034192,
  "уголовник": 0.746384393852548,
  "тунеядец": 0.7462577023971828,
  "арматурщик": 0.7453610628705375,
  "нетрудоустроенный": 0.7453210877888569,
  "транзитник": 0.741945759880417,
  "нелатыш": 0.741180478161084,
  "беспаспортный": 0.7404286510898653,
  "монолитчик": 0.7401166276896658,
  "беженец": 0.7395278896190002,
  "бомжатник": 0.7371069084562852,
  "переселенец": 0.7360601679420066,
  "миграционка": 0.7353162736690981,
  "инородец": 0.7350471029342799,
  "оралман": 0.7344624868078342,
  "выселенец": 0.7341064441542665,
  "бакинец": 0.7315149856004156,
  "сезонник": 0.7310848257234207,
  "подсобник": 0.7309931319076591,
  "прибалт": 0.7306566879322695,
  "нерусский": 0.7290527849955009,
  "налогоплатильщик": 0.7290331863173228,
  "овощебаза": 0.7290093879223923,
  "фирмач": 0.7283987957701075,
  "таксист": 0.7280918275845174,
  "гаражник": 0.7272428626202655,
  "палаточник": 0.7271627569118394,
  "бездельник": 0.7270826512034133,
  "эмигрантка": 0.7270247884392685,
  "аварийщик": 0.7261653241831356,
  "спецпоселенец": 0.7260644532085447,
  "северокавказец": 0.7240490558025697,
  "киргиз": 0.7229782058032308,
  "батрак": 0.7226342178921933,
  "милионник": 0.7222369557964258,
  "нарколыга": 0.7222088021396779,
  "марокканец": 0.7215749560001897,
  "майданщик": 0.7161969853810971,
  "халтурщик": 0.7160944811833246,
  "быдлот": 0.7150128208019748,
  "сутенер": 0.7128479445886261,
  "детдомовец": 0.711677390202683,
  "черножопый": 0.7109924475093735,
  "узбекистанец": 0.7104341962714292,
  "легализоваться": 0.7104043316189674,
  "заезжий": 0.7100220018494309,
  "маргинал": 0.7086819033427412,
  "бенгалец": 0.7079509970827523,
  "бухарик": 0.7076143975622977,
  "суданец": 0.7075102601413438,
  "штрейкбрехер": 0.7061098879220035,
  "малооплачиваемый": 0.7060458033552626,
  "хохляндия": 0.7056405306886524,
  "украина": 0.43493552527438795,
  "украинский": 0.29478963379708517,
  "европа": 0.16430897621476878
}