{
  "кибершпионаж": 1.0,
  "кибервойна": 0.9422649353481589,
  "кибертерроризм": 0.9050887787026974,
  "кибермошенник": 0.9038676072168493,
  "киберкомандование": 0.9002271591653915,
  "киберзащита": 0.8418937159920292,
  "кибера": 0.8369438749405366,
  "компрометация": 0.8006812378452023,
  "кибербуллинг": 0.7994823089652231,
  "фишинговый": 0.7933287460143048,
  "нападение": 0.7481126737020204,
  "террористический": 0.7194703383991554,
  "киберленинка": 0.7174917949498351,
  "зловред": 0.7170268720635267,
  "пентагон": 0.7124086480449873,
  "киберсквоттинг": 0.7078672621194493,
  "медиакорпорация": 0.7055263214654177,
  "вирусописатель": 0.701451955372196,
  "шпионаж": 0.6992268709850973,
  "викиликс": 0.6991063714805756,
  "скимминг": 0.6979367249537773,
  "ботнуть": 0.694528064327114,
  "авиаудар": 0.6944347502297654,
  "экстремист": 0.693561596890289,
  "аутентификационный": 0.6907969233608173,
  "кибермаркет": 0.6904338521377466,
  "биотерроризм": 0.6856664453889355,
  "эксплойт": 0.6851020673491127,
  "взлом": 0.6826274463870818,
  "терракт": 0.6808937962751049,
  "авианалет": 0.6795822314381335,
  "антифрод": 0.6773138600941588,
  "киберпонедельник": 0.6759054612861828,
  "мошеннический": 0.6672939031594386,
  "ассанж": 0.667079265757351,
  "джихадист": 0.6660510133042238,
  "вторжение": 0.6660021095276839,
  "недружественный": 0.6621442531097709,
  "биткойн": 0.6589705253269139,
  "неавторизованный": 0.6586688646655011,
  "транзакция": 0.6578703775820894,
  "фальшивомонетничество": 0.6538923961142992,
  "кейлоггер": 0.6524938080180026,
  "бэкдор": 0.6517638461344897,
  "пиратство": 0.6498657355427555,
  "антифишинг": 0.6497065923189467,
  "информационный": 0.628230644888784,
  "компания": 0.628230644888784,
  "безопасность": 0.5983148998940799,
  "атака": 0.47865191991526396,
  "организация": 0.41882042992585594,
  "промышленный": 0.358988939936448,
  "кибероружие": 0.32907319494174403,
  "международный": 0.29915744994703997,
  "инфраструктура": 0.23932595995763198,
  "служба": 0.23932595995763198,
  "проблема": 0.23932595995763198,
  "распространение": 0.20941021496292797,
  "рбк": 0.20941021496292797,
  "эксперт": 0.20941021496292797,
  "уровень": 0.20941021496292797,
  "государство": 0.20941021496292797,
  "миллион": 0.20941021496292797,
  "сбербанк": 0.20941021496292797,
  "сообщить": 0.20941021496292797,
  "программа": 0.179494469968224,
  "средство": 0.179494469968224,
  "большинство": 0.179494469968224,
  "сша": 0.179494469968224,
  "сфера": 0.179494469968224,
  "обеспечение": 0.179494469968224,
  "однако": 0.179494469968224,
  "разработка": 0.14957872497351998,
  "источник": 0.14957872497351998,
  "использование": 0.14957872497351998,
  "технология": 0.14957872497351998,
  "ущерб": 0.14957872497351998,
  "информация": 0.14957872497351998,
  "защита": 0.14957872497351998,
  "карта": 0.14957872497351998,
  "операция": 0.14957872497351998,
  "аккаунт": 0.14957872497351998,
  "кадыров": 0.14957872497351998,
  "рубль": 0.14957872497351998,
  "запрет": 0.11966297997881599,
  "определение": 0.11966297997881599,
  "обвинять": 0.11966297997881599,
  "хакер": 0.11966297997881599,
  "атрибуция": 0.11966297997881599,
  "инициатива": 0.11966297997881599,
  "технологический": 0.11966297997881599,
  "ещё": 0.11966297997881599,
  "технический": 0.11966297997881599,
  "программный": 0.11966297997881599,
  "лукацкий": 0.11966297997881599,
  "демид": 0.11966297997881599,
  "пространство": 0.11966297997881599,
  "директор": 0.11966297997881599,
  "проведение": 0.11966297997881599,
  "государственный": 0.11966297997881599
}