{
  "кибершпионаж": 1.0,
  "кибервойна": 0.9422649353481589,
  "кибертерроризм": 0.9050887787026974,
  "кибермошенник": 0.9038676072168493,
  "киберкомандование": 0.9002271591653915,
  "киберзащита": 0.8418937159920292,
  "кибера": 0.8369438749405366,
  "компрометация": 0.8006812378452023,
  "кибербуллинг": 0.7994823089652231,
  "фишинговый": 0.7933287460143048,
  "нападение": 0.7481126737020204,
  "террористический": 0.7194703383991554,
  "киберленинка": 0.7174917949498351,
  "зловред": 0.7170268720635267,
  "пентагон": 0.7124086480449873,
  "киберсквоттинг": 0.7078672621194493,
  "медиакорпорация": 0.7055263214654177,
  "вирусописатель": 0.701451955372196,
  "шпионаж": 0.6992268709850973,
  "викиликс": 0.6991063714805756,
  "скимминг": 0.6979367249537773,
  "ботнуть": 0.694528064327114,
  "авиаудар": 0.6944347502297654,
  "экстремист": 0.693561596890289,
  "аутентификационный": 0.6907969233608173,
  "кибермаркет": 0.6904338521377466,
  "биотерроризм": 0.6856664453889355,
  "эксплойт": 0.6851020673491127,
  "взлом": 0.6826274463870818,
  "терракт": 0.6808937962751049,
  "авианалет": 0.6795822314381335,
  "антифрод": 0.6773138600941588,
  "киберпонедельник": 0.6759054612861828,
  "мошеннический": 0.6672939031594386,
  "ассанж": 0.667079265757351,
  "джихадист": 0.6660510133042238,
  "вторжение": 0.6660021095276839,
  "недружественный": 0.6621442531097709,
  "биткойн": 0.6589705253269139,
  "неавторизованный": 0.6586688646655011,
  "транзакция": 0.6578703775820894,
  "фальшивомонетничество": 0.6538923961142992,
  "кейлоггер": 0.6524938080180026,
  "бэкдор": 0.6517638461344897,
  "пиратство": 0.6498657355427555,
  "антифишинг": 0.6497065923189467,
  "спуфинг": 0.6485518490869897,
  "киборгизация": 0.6426660212067146,
  "энергоблокада": 0.6407492627736964,
  "анкинг": 0.6390353838669361,
  "дезинформация": 0.6365365731348863,
  "дипведомство": 0.6363235833332335,
  "телерадиокорпорация": 0.6362264497985134,
  "криптозащита": 0.6359722699859924,
  "анонимизация": 0.635778676934912,
  "криптовалюта": 0.6342152539042138,
  "киберплата": 0.6335869939020811,
  "спамерский": 0.6331067183753581,
  "софтверный": 0.6329843465976153,
  "межсайтовый": 0.6326264428486352,
  "взломщик": 0.6314110379643088,
  "микроблоггинг": 0.6296892955100192,
  "инсайдер": 0.6287503130440826,
  "спецоперация": 0.6285194243104343,
  "сноуденый": 0.6283723385261705,
  "госпереворот": 0.6278426349864058,
  "рейдерский": 0.6270470312037548,
  "суперсекретный": 0.6265464602353132,
  "беспилотник": 0.6257922336908527,
  "информационный": 0.41882042992585594,
  "компания": 0.41882042992585594,
  "безопасность": 0.3988765999293866,
  "атака": 0.3191012799435093,
  "организация": 0.27921361995057065,
  "промышленный": 0.23932595995763198,
  "кибероружие": 0.21938212996116266,
  "международный": 0.1994382999646933,
  "инфраструктура": 0.15955063997175464,
  "служба": 0.15955063997175464,
  "проблема": 0.15955063997175464,
  "распространение": 0.13960680997528532,
  "рбк": 0.13960680997528532,
  "эксперт": 0.13960680997528532,
  "уровень": 0.13960680997528532,
  "государство": 0.13960680997528532,
  "миллион": 0.13960680997528532,
  "сбербанк": 0.13960680997528532,
  "сообщить": 0.13960680997528532,
  "программа": 0.11966297997881599,
  "средство": 0.11966297997881599,
  "большинство": 0.11966297997881599,
  "сша": 0.11966297997881599,
  "сфера": 0.11966297997881599,
  "обеспечение": 0.11966297997881599,
  "однако": 0.11966297997881599,
  "разработка": 0.09971914998234666,
  "источник": 0.09971914998234666,
  "использование": 0.09971914998234666,
  "технология": 0.09971914998234666,
  "ущерб": 0.09971914998234666
}