{
  "арканить": 1.0,
  "которить": 0.981389182061702,
  "рускоговорящий": 0.9641634325319327,
  "перестреливаться": 0.9597135540024322,
  "шмалять": 0.948599938225949,
  "уполовинить": 0.9470880494912643,
  "колошматить": 0.9446046218347725,
  "горлопанить": 0.9441602745759613,
  "помаргивать": 0.9371758939924043,
  "проволакивать": 0.9358237209585781,
  "катеринка": 0.9354144332438579,
  "нестранный": 0.9292047387345461,
  "рейневанный": 0.927881479003748,
  "броник": 0.9265726759244639,
  "галень": 0.9245862281263072,
  "головый": 0.9242520803727496,
  "немудрящий": 0.9238592403453807,
  "проканать": 0.9238491120326433,
  "саркануть": 0.9216971485596673,
  "мелкашка": 0.919980356267296,
  "немный": 0.9186726785560939,
  "борик": 0.9175802058488669,
  "раскатить": 0.9163225637339228,
  "попадаловый": 0.9138781776931962,
  "тусилять": 0.9131624435930891,
  "маричка": 0.9119496430678711,
  "пострелушка": 0.9112661983750378,
  "нерезиновый": 0.9108550927580313,
  "лукашка": 0.9089327909405446,
  "укатонный": 0.9072674193128398,
  "располовинить": 0.9045216943264828,
  "берестеник": 0.9043657875637477,
  "помешкать": 0.9042343791984886,
  "прибалдевать": 0.9040235025332901,
  "пропаливать": 0.9033730397819348,
  "абалдеть": 0.9031683093577992,
  "устаканить": 0.9031657989213088,
  "загалдеть": 0.9020633710348954,
  "метелить": 0.9013344787849071,
  "загомонить": 0.9012399478660251,
  "парашка": 0.9003342862603984,
  "маскаль": 0.8999779774123043,
  "сигревать": 0.8998437123434526,
  "затуркать": 0.8996105880169422,
  "половинить": 0.8988365079101257,
  "поравиться": 0.8985660733033605,
  "драпануть": 0.8985065153617937,
  "шалеть": 0.8980187981484405,
  "сильмарить": 0.8971926048427532,
  "тарасик": 0.8966467147562418,
  "найнить": 0.8954515738532326,
  "постреливать": 0.8950682561711722,
  "лошарик": 0.8941236395165557,
  "задрипанный": 0.8937093309288546,
  "старичка": 0.8926355566451427,
  "балакать": 0.8919180912095248,
  "приневоливать": 0.8915468928760392,
  "бабахать": 0.8912309241453436,
  "олдовой": 0.8909260359619161,
  "заброшка": 0.8899687805580717,
  "преспокойненький": 0.8898902644926633,
  "проканавать": 0.8893333804256592,
  "бреветь": 0.889292261207281,
  "несколька": 0.8892742553179701,
  "паливаться": 0.8887204876548853,
  "абалденный": 0.8881462036659991,
  "побалдевать": 0.8880390339978892,
  "пукалка": 0.887944329945456,
  "прокаркать": 0.8870322623984399,
  "кантина": 0.8869563433362974,
  "наволакивать": 0.886851684104678,
  "россиянин": 0.7261747457706936,
  "мокнуть": 0.30536579052921475,
  "граница": 0.2569541408111685,
  "президент": 0.2420582485902312,
  "назвать": 0.2383342755349969,
  "машина": 0.20854249109312226,
  "жена": 0.17875070665124768,
  "ёлка": 0.171302760540779,
  "деньга": 0.171302760540779,
  "провести": 0.1675787874855447,
  "тысяча": 0.16013084137507602,
  "кабаев": 0.1564068683198417,
  "рождественский": 0.15268289526460738,
  "сирия": 0.14895892220937304,
  "признать": 0.14895892220937304,
  "футболист": 0.14895892220937304,
  "ухо": 0.14895892220937304,
  "рождество": 0.14523494915413873,
  "ракета": 0.14523494915413873,
  "европа": 0.14523494915413873,
  "найти": 0.1415109760989044,
  "испытать": 0.1415109760989044,
  "полый": 0.1415109760989044,
  "рсзый": 0.1415109760989044,
  "защитить": 0.1415109760989044,
  "раскритиковать": 0.1415109760989044,
  "дисквалификация": 0.1415109760989044,
  "обмануть": 0.1415109760989044,
  "байка": 0.1415109760989044
}