{
  "кардинг": 1.0,
  "автосерфинг": 0.985668913352159,
  "трейдинговый": 0.9819440048636451,
  "инсталл": 0.9648437644317627,
  "ресселинг": 0.9627272085394574,
  "турбобит": 0.9601453469636906,
  "оверклокинг": 0.9478898684870033,
  "реселлинговый": 0.947161019575679,
  "летитбит": 0.9436095488033208,
  "датинг": 0.9432259333104273,
  "депозитор": 0.9376677163240399,
  "гейминг": 0.9346148020162288,
  "покерстарс": 0.9326752757454435,
  "колокейшн": 0.9319949688694693,
  "скриптинг": 0.9316965328466404,
  "краудинвестинг": 0.9306046962417996,
  "автовыплата": 0.9301900877369067,
  "автокликер": 0.9250229779317439,
  "вебмастеринг": 0.9209037808601115,
  "микроплатеж": 0.9203524746996449,
  "персоналка": 0.9150103877903132,
  "пиринговый": 0.9146294405699759,
  "террабайт": 0.9141772709975604,
  "золотодобытчик": 0.9132114589580683,
  "оперейтинг": 0.910943324659395,
  "стриминг": 0.9103298272231944,
  "микросервер": 0.9094655121667071,
  "блогохостинг": 0.909323683217756,
  "антикапча": 0.9084704517549639,
  "технотрейд": 0.9044744057243888,
  "телеработа": 0.9042928605646968,
  "реферрал": 0.9015211411339665,
  "интерконнект": 0.9011096114051,
  "диллинговый": 0.8996995319849936,
  "парнерка": 0.8995407697678972,
  "микрогейминг": 0.8988968950749026,
  "варгейминг": 0.898168559292916,
  "париматч": 0.8971370666981934,
  "тизернет": 0.8970030373151759,
  "бездепозитный": 0.8965939706071305,
  "рибейт": 0.8939970230288342,
  "микротранзакция": 0.8937013579044291,
  "реселлерский": 0.8911057444624109,
  "сеоспринт": 0.8905432520823815,
  "биндинг": 0.8895384422132212,
  "анкинг": 0.8878373158327494,
  "мегатрейд": 0.8872658950022434,
  "зароботок": 0.8845536985746909,
  "ресселер": 0.8845361495513402,
  "фрирол": 0.8843955521127997,
  "телетрейд": 0.8837585533529307,
  "датацентр": 0.8826752346950965,
  "полиметалл": 0.8801522803673021,
  "криптовалюта": 0.8608881735181748,
  "компания": 0.46460631586695145,
  "биткоина": 0.4509414242238059,
  "попов": 0.3826169660080777,
  "рынок": 0.35528718272178644,
  "миллиард": 0.3416222910786408,
  "тысяча": 0.3006276161492039,
  "проект": 0.259632941219767,
  "средство": 0.23230315793347572,
  "видеокарта": 0.2186382662903301,
  "инвестор": 0.2049733746471845,
  "капитализация": 0.2049733746471845,
  "компьютер": 0.2049733746471845,
  "ещё": 0.19130848300403885,
  "токен": 0.19130848300403885,
  "альткоина": 0.19130848300403885,
  "технология": 0.17764359136089322,
  "предприниматель": 0.17764359136089322,
  "курс": 0.1639786997177476,
  "рост": 0.1639786997177476,
  "ферма": 0.1639786997177476,
  "решить": 0.1639786997177476,
  "монета": 0.1639786997177476,
  "валюта": 0.15031380807460196,
  "рубль": 0.15031380807460196,
  "русало": 0.15031380807460196,
  "платёжный": 0.13664891643145632,
  "декабрь": 0.13664891643145632,
  "возможность": 0.13664891643145632,
  "создание": 0.12298402478831068,
  "цена": 0.12298402478831068,
  "например": 0.12298402478831068,
  "фсб": 0.12298402478831068,
  "алюминиевый": 0.12298402478831068,
  "внешний": 0.12298402478831068,
  "качество": 0.10931913314516505,
  "расчёт": 0.10931913314516505,
  "сообщить": 0.10931913314516505,
  "однако": 0.10931913314516505,
  "глава": 0.10931913314516505,
  "анатолий": 0.10931913314516505,
  "аксаков": 0.10931913314516505,
  "являться": 0.10931913314516505,
  "правило": 0.10931913314516505,
  "владимир": 0.10931913314516505,
  "начало": 0.10931913314516505,
  "стоимость": 0.10931913314516505
}