{
  "биткойн": 1.0,
  "биткойный": 0.9768287844583237,
  "биткойнов": 0.9658735988500257,
  "лайткоин": 0.9260765993055188,
  "кардинг": 0.9174009509432512,
  "автосерфинг": 0.9042535984244718,
  "трейдинговый": 0.9008363638349326,
  "инсталл": 0.8851485870013653,
  "ресселинг": 0.88320685661304,
  "турбобит": 0.8808382543482276,
  "толлинг": 0.8804574213662273,
  "реселлинг": 0.8734164832799728,
  "оверклокинг": 0.8695950667394502,
  "реселлинговый": 0.8689264200551073,
  "летитбит": 0.8656682973912988,
  "датинг": 0.8653163681733217,
  "депозитор": 0.860217254624461,
  "гейминг": 0.8574165081353269,
  "заработаный": 0.856729596531699,
  "бинара": 0.8566672698483654,
  "фарминг": 0.856153969127014,
  "покерстарс": 0.855637184890129,
  "колокейшн": 0.8550130707151771,
  "скриптинг": 0.8547392852240381,
  "краудинвестинг": 0.8537376332844825,
  "автовыплата": 0.8533572710478246,
  "пиринг": 0.8489903548045306,
  "автокликер": 0.84861695959894,
  "вебмастеринг": 0.8448380042883018,
  "микроплатеж": 0.8443322354924289,
  "персоналка": 0.8394313998817864,
  "пиринговый": 0.8390819185395898,
  "террабайт": 0.8386670977438682,
  "поинтов": 0.8383767420166768,
  "ребейт": 0.8378281353946456,
  "золотодобытчик": 0.8377810608604057,
  "оперейтинг": 0.8357002722979359,
  "стриминг": 0.8351374491665642,
  "микросервер": 0.8343445257118282,
  "блогохостинг": 0.8342144116991892,
  "антикапча": 0.833431656343849,
  "трейдинг": 0.832441302292511,
  "тестинг": 0.8307542451344232,
  "технотрейд": 0.8297656799153863,
  "телеработа": 0.8295991302132457,
  "центерра": 0.8281451861487137,
  "золотодобыча": 0.8278872177010793,
  "реферала": 0.8277681191294525,
  "реферрал": 0.827056352171746,
  "телдери": 0.8269574015007738,
  "интерконнект": 0.8266788144071424,
  "диллинговый": 0.8253852062062312,
  "парнерка": 0.8252395575972932,
  "микрогейминг": 0.8246488663416516,
  "ботнета": 0.8243332786641075,
  "варгейминг": 0.8239806904026511,
  "париматч": 0.8230343981153616,
  "тизернет": 0.8229114394319271,
  "бездепозитный": 0.822536161244967,
  "дилинг": 0.8216231977279194,
  "рибейт": 0.8201537190670882,
  "микротранзакция": 0.8198824756007982,
  "реселлерский": 0.8175012573608096,
  "рейдинг": 0.8173208677456024,
  "сеоспринт": 0.8169852263164723,
  "биткойна": 0.8161830762530252,
  "биндинг": 0.8160634127869876,
  "грейдинг": 0.8153183170590392,
  "провайдинг": 0.8152616393198144,
  "софтовый": 0.8149161122384939,
  "анкинг": 0.814502797827868,
  "аггрегатор": 0.8144270078277418,
  "мегатрейд": 0.813978575814573,
  "хакинг": 0.8130824649807832,
  "золотодобывающий": 0.812388209749814,
  "зароботок": 0.8114904042327915,
  "ресселер": 0.8114743047420815,
  "фрирол": 0.8113453205182642,
  "телетрейд": 0.8107609372502107,
  "памма": 0.8099124658450717,
  "датацентр": 0.809767099683339,
  "полиметалл": 0.8074525389838341,
  "криптовалюта": 0.7897796290413723,
  "компания": 0.4136940914026236,
  "биткоина": 0.4136940914026236,
  "попов": 0.3510131684628321,
  "рынок": 0.32594079928691555,
  "миллиард": 0.30086843011099895,
  "тысяча": 0.2632598763471241,
  "проект": 0.22565132258324921,
  "средство": 0.21311513799529092,
  "видеокарта": 0.20057895340733264,
  "инвестор": 0.18804276881937435,
  "капитализация": 0.18804276881937435,
  "компьютер": 0.18804276881937435,
  "токен": 0.17550658423141605,
  "альткоина": 0.17550658423141605,
  "ещё": 0.16297039964345778,
  "предприниматель": 0.16297039964345778,
  "курс": 0.15043421505549948
}