{
  "кардинг": 1.0,
  "автосерфинг": 0.985668913352159,
  "трейдинговый": 0.9819440048636451,
  "инсталл": 0.9648437644317627,
  "ресселинг": 0.9627272085394574,
  "турбобит": 0.9601453469636906,
  "оверклокинг": 0.9478898684870033,
  "реселлинговый": 0.947161019575679,
  "летитбит": 0.9436095488033208,
  "датинг": 0.9432259333104273,
  "депозитор": 0.9376677163240399,
  "гейминг": 0.9346148020162288,
  "покерстарс": 0.9326752757454435,
  "колокейшн": 0.9319949688694693,
  "скриптинг": 0.9316965328466404,
  "краудинвестинг": 0.9306046962417996,
  "автовыплата": 0.9301900877369067,
  "автокликер": 0.9250229779317439,
  "вебмастеринг": 0.9209037808601115,
  "микроплатеж": 0.9203524746996449,
  "персоналка": 0.9150103877903132,
  "пиринговый": 0.9146294405699759,
  "террабайт": 0.9141772709975604,
  "золотодобытчик": 0.9132114589580683,
  "оперейтинг": 0.910943324659395,
  "стриминг": 0.9103298272231944,
  "микросервер": 0.9094655121667071,
  "блогохостинг": 0.909323683217756,
  "антикапча": 0.9084704517549639,
  "технотрейд": 0.9044744057243888,
  "телеработа": 0.9042928605646968,
  "реферрал": 0.9015211411339665,
  "интерконнект": 0.9011096114051,
  "диллинговый": 0.8996995319849936,
  "парнерка": 0.8995407697678972,
  "микрогейминг": 0.8988968950749026,
  "варгейминг": 0.898168559292916,
  "париматч": 0.8971370666981934,
  "тизернет": 0.8970030373151759,
  "бездепозитный": 0.8965939706071305,
  "рибейт": 0.8939970230288342,
  "микротранзакция": 0.8937013579044291,
  "реселлерский": 0.8911057444624109,
  "сеоспринт": 0.8905432520823815,
  "биндинг": 0.8895384422132212,
  "анкинг": 0.8878373158327494,
  "мегатрейд": 0.8872658950022434,
  "зароботок": 0.8845536985746909,
  "ресселер": 0.8845361495513402,
  "фрирол": 0.8843955521127997,
  "телетрейд": 0.8837585533529307,
  "датацентр": 0.8826752346950965,
  "полиметалл": 0.8801522803673021,
  "эксабайт": 0.8799919787621925,
  "финтех": 0.8795342673929294,
  "мультикарта": 0.8794901382698839,
  "мастерхост": 0.8785334599326036,
  "файлообмен": 0.8782185011450995,
  "однопроцессорный": 0.8775002226981325,
  "граббинг": 0.8769838093326322,
  "питерсофт": 0.8767982617641058,
  "виртуалка": 0.8763124309071346,
  "вебтрансфер": 0.8761829170622893,
  "трейдерский": 0.8746422975386623,
  "проинвестированный": 0.8742374384911863,
  "эквайринговый": 0.8736185018840057,
  "аутсортинг": 0.8709602866627834,
  "микроблогинг": 0.8686201090050915,
  "фотосток": 0.8680211844420826,
  "трастлинк": 0.867896083509542,
  "хакинтош": 0.8675648072090978,
  "арбитражник": 0.8669723480757444,
  "делистинг": 0.8660966415479593,
  "диалогнаука": 0.8657627996008265,
  "конвертить": 0.8657453532033433,
  "статейник": 0.8655525191982211,
  "синдикация": 0.8647598369972821,
  "атомредметзолото": 0.8642358293175831,
  "петабайт": 0.862496628740251,
  "хостинговый": 0.8617302187614043,
  "терафлопс": 0.8606410504291198,
  "криптовалюта": 0.5739254490121165,
  "компания": 0.309737543911301,
  "биткоина": 0.3006276161492039,
  "попов": 0.25507797733871845,
  "рынок": 0.2368581218145243,
  "миллиард": 0.2277481940524272,
  "тысяча": 0.20041841076613592,
  "проект": 0.17308862747984466,
  "средство": 0.1548687719556505,
  "видеокарта": 0.1457588441935534,
  "инвестор": 0.13664891643145632,
  "капитализация": 0.13664891643145632,
  "компьютер": 0.13664891643145632,
  "ещё": 0.12753898866935923,
  "токен": 0.12753898866935923,
  "альткоина": 0.12753898866935923,
  "технология": 0.11842906090726214,
  "предприниматель": 0.11842906090726214,
  "курс": 0.10931913314516505
}