{
  "нагонка": 1.0,
  "натаска": 0.975707929927899,
  "подружейный": 0.9687768188904422,
  "подсадный": 0.9465320844189127,
  "енотовидный": 0.8764173691119773,
  "ягдтерьер": 0.8695569859621419,
  "легавая": 0.8634027719413296,
  "чернотроп": 0.8631764574975704,
  "подранивать": 0.8615591859249728,
  "тропление": 0.8565103540892557,
  "полоскун": 0.8561658885612586,
  "апортировка": 0.8466609038728106,
  "актировка": 0.8419322710931868,
  "выводка": 0.8349520352467545,
  "зверовод": 0.8349012828085659,
  "мышковать": 0.8287291648664101,
  "фокстерьер": 0.8217817775368229,
  "однопометник": 0.8166616259483159,
  "носуха": 0.8161283554316059,
  "дворняжка": 0.8155558738474905,
  "породник": 0.8144254113758853,
  "борзятник": 0.8127312713145444,
  "некастрированный": 0.8119181225563367,
  "гиеновый": 0.8116267029440557,
  "четверолапый": 0.8064451453443294,
  "суриката": 0.8020530618960756,
  "лосенок": 0.8000883654696391,
  "бородавочник": 0.7982640890544007,
  "комондор": 0.7981738296162227,
  "коростель": 0.7974450216445093,
  "беспородный": 0.791730563443803,
  "тетеревятник": 0.7903470786127154,
  "зайцелопа": 0.788873556292888,
  "аджилити": 0.7886211997817201,
  "кряковый": 0.7877379150010594,
  "лисица": 0.7867858998777206,
  "коровенка": 0.7858784226083024,
  "волчатник": 0.7850376781366191,
  "вороненок": 0.7847433731816422,
  "крысоловка": 0.7844714111367718,
  "тойтерьер": 0.7839988067998206,
  "бонитировка": 0.7829464705304414,
  "глухарка": 0.7828105634911522,
  "питбультерьер": 0.7820517183621434,
  "гончая": 0.7809231054691893,
  "винторогий": 0.7801408816660295,
  "миттель": 0.7798622611380147,
  "кеклик": 0.7797354540256893,
  "кутенок": 0.7794300515988054,
  "глистогонить": 0.7790182614079052,
  "кенгуровый": 0.779008717582065,
  "чистопородный": 0.7788343393068312,
  "тарбаган": 0.7779913753407663,
  "подрощенный": 0.7770340334309122,
  "барсук": 0.7769417024646449,
  "спаниэль": 0.7752759719313863,
  "миттельшнауцер": 0.775107364341544,
  "соболек": 0.7747245755438945,
  "выгуливание": 0.7746832189652539,
  "закон": 0.6206156107989351,
  "госдума": 0.5350134575852888,
  "законопроект": 0.5136129192818774,
  "федерация": 0.385209689461408,
  "отклонить": 0.385209689461408,
  "животное": 0.385209689461408,
  "охотничий": 0.3638091511579964,
  "совет": 0.3424086128545849,
  "животный": 0.32100807455117336,
  "сенатор": 0.32100807455117336,
  "запрет": 0.2782069979443502,
  "документ": 0.2782069979443502,
  "володин": 0.2782069979443502,
  "собака": 0.2354059213375271,
  "принять": 0.2354059213375271,
  "обращение": 0.21400538303411556,
  "палата": 0.21400538303411556,
  "парламент": 0.21400538303411556,
  "контактный": 0.192604844730704,
  "станция": 0.192604844730704,
  "охота": 0.192604844730704,
  "декабрь": 0.17120430642729245,
  "депутат": 0.17120430642729245,
  "инициатива": 0.17120430642729245,
  "путин": 0.17120430642729245,
  "жестокий": 0.1498037681238809,
  "нижний": 0.1498037681238809,
  "сессия": 0.1498037681238809,
  "россиянин": 0.1498037681238809,
  "поправка": 0.12840322982046934,
  "спикер": 0.12840322982046934,
  "президент": 0.12840322982046934,
  "чтение": 0.12840322982046934,
  "одобрение": 0.12840322982046934,
  "право": 0.12840322982046934,
  "тренировка": 0.10700269151705778,
  "гуманный": 0.10700269151705778,
  "ограждение": 0.10700269151705778,
  "дикий": 0.10700269151705778,
  "ранее": 0.10700269151705778,
  "порядок": 0.10700269151705778
}