{
  "нагонка": 1.0,
  "натаска": 0.975707929927899,
  "подружейный": 0.9687768188904422,
  "подсадный": 0.9465320844189127,
  "зверовой": 0.9223677092568896,
  "облавный": 0.8919337063662202,
  "енотовидный": 0.8764173691119773,
  "ягдтерьер": 0.8695569859621419,
  "загонный": 0.8683466956759515,
  "норный": 0.864721965418502,
  "поноска": 0.8645168841376584,
  "скрад": 0.8636899005311398,
  "легавая": 0.8634027719413296,
  "чернотроп": 0.8631764574975704,
  "подранивать": 0.8615591859249728,
  "тропление": 0.8565103540892557,
  "полоскун": 0.8561658885612586,
  "подманивание": 0.8484453033723294,
  "апортировка": 0.8466609038728106,
  "разведенец": 0.8440889537836165,
  "актировка": 0.8419322710931868,
  "гонный": 0.8382854938582152,
  "выводка": 0.8349520352467545,
  "зверовод": 0.8349012828085659,
  "подманивать": 0.8303084091019393,
  "мышковать": 0.8287291648664101,
  "легавый": 0.8263935169456916,
  "подсадной": 0.8228852361601209,
  "ощениться": 0.8220215569131627,
  "фокстерьер": 0.8217817775368229,
  "однопометник": 0.8166616259483159,
  "носуха": 0.8161283554316059,
  "дворняжка": 0.8155558738474905,
  "бойцовый": 0.8151238862577194,
  "породник": 0.8144254113758853,
  "борзятник": 0.8127312713145444,
  "борзая": 0.812146138612455,
  "некастрированный": 0.8119181225563367,
  "гиеновый": 0.8116267029440557,
  "выдрессировать": 0.8107051688768885,
  "четверолапый": 0.8064451453443294,
  "серка": 0.8058236129343846,
  "борзой": 0.8053314030637309,
  "суриката": 0.8020530618960756,
  "лосенок": 0.8000883654696391,
  "щениться": 0.7999543080090011,
  "бородавочник": 0.7982640890544007,
  "комондор": 0.7981738296162227,
  "коростель": 0.7974450216445093,
  "окотиться": 0.7951989673136542,
  "рысенок": 0.7943839689767953,
  "беспородный": 0.791730563443803,
  "тетеревятник": 0.7903470786127154,
  "дрессура": 0.7896172348769571,
  "зайцелопа": 0.788873556292888,
  "аджилити": 0.7886211997817201,
  "кряковый": 0.7877379150010594,
  "лисица": 0.7867858998777206,
  "тетерка": 0.7866997095125754,
  "коровенка": 0.7858784226083024,
  "волчатник": 0.7850376781366191,
  "вороненок": 0.7847433731816422,
  "полаять": 0.7846748647884023,
  "подранок": 0.7844819167435105,
  "крысоловка": 0.7844714111367718,
  "кротоловка": 0.784265959940198,
  "тойтерьер": 0.7839988067998206,
  "бонитировка": 0.7829464705304414,
  "алабай": 0.7828661988169799,
  "глухарка": 0.7828105634911522,
  "питбультерьер": 0.7820517183621434,
  "животинка": 0.7810307509466884,
  "гончая": 0.7809231054691893,
  "арканить": 0.7808088015085459,
  "винторогий": 0.7801408816660295,
  "миттель": 0.7798622611380147,
  "кеклик": 0.7797354540256893,
  "привада": 0.7796957990594079,
  "кутенок": 0.7794300515988054,
  "вольерный": 0.7790943160820419,
  "глистогонить": 0.7790182614079052,
  "кенгуровый": 0.779008717582065,
  "чистопородный": 0.7788343393068312,
  "тарбаган": 0.7779913753407663,
  "надрессировать": 0.777572926666722,
  "гончий": 0.7772367472510823,
  "сервал": 0.7771473756106568,
  "подрощенный": 0.7770340334309122,
  "барсук": 0.7769417024646449,
  "жулька": 0.7762437454648331,
  "бигель": 0.7761657672288991,
  "спаниэль": 0.7752759719313863,
  "миттельшнауцер": 0.775107364341544,
  "дрессировочный": 0.7749450453191159,
  "соболек": 0.7747245755438945,
  "выгуливание": 0.7746832189652539,
  "закон": 0.6206156107989351,
  "госдума": 0.5350134575852888,
  "законопроект": 0.5136129192818774,
  "федерация": 0.385209689461408
}