{
  "нагонка": 1.0,
  "натаска": 0.975707929927899,
  "подружейный": 0.9687768188904422,
  "подсадный": 0.9465320844189127,
  "енотовидный": 0.8764173691119773,
  "ягдтерьер": 0.8695569859621419,
  "легавая": 0.8634027719413296,
  "чернотроп": 0.8631764574975704,
  "подранивать": 0.8615591859249728,
  "тропление": 0.8565103540892557,
  "полоскун": 0.8561658885612586,
  "апортировка": 0.8466609038728106,
  "актировка": 0.8419322710931868,
  "выводка": 0.8349520352467545,
  "зверовод": 0.8349012828085659,
  "мышковать": 0.8287291648664101,
  "фокстерьер": 0.8217817775368229,
  "однопометник": 0.8166616259483159,
  "носуха": 0.8161283554316059,
  "дворняжка": 0.8155558738474905,
  "породник": 0.8144254113758853,
  "борзятник": 0.8127312713145444,
  "некастрированный": 0.8119181225563367,
  "гиеновый": 0.8116267029440557,
  "четверолапый": 0.8064451453443294,
  "суриката": 0.8020530618960756,
  "лосенок": 0.8000883654696391,
  "бородавочник": 0.7982640890544007,
  "комондор": 0.7981738296162227,
  "коростель": 0.7974450216445093,
  "беспородный": 0.791730563443803,
  "тетеревятник": 0.7903470786127154,
  "зайцелопа": 0.788873556292888,
  "аджилити": 0.7886211997817201,
  "кряковый": 0.7877379150010594,
  "лисица": 0.7867858998777206,
  "коровенка": 0.7858784226083024,
  "волчатник": 0.7850376781366191,
  "вороненок": 0.7847433731816422,
  "крысоловка": 0.7844714111367718,
  "тойтерьер": 0.7839988067998206,
  "бонитировка": 0.7829464705304414,
  "глухарка": 0.7828105634911522,
  "питбультерьер": 0.7820517183621434,
  "гончая": 0.7809231054691893,
  "винторогий": 0.7801408816660295,
  "миттель": 0.7798622611380147,
  "кеклик": 0.7797354540256893,
  "кутенок": 0.7794300515988054,
  "глистогонить": 0.7790182614079052,
  "кенгуровый": 0.779008717582065,
  "чистопородный": 0.7788343393068312,
  "тарбаган": 0.7779913753407663,
  "подрощенный": 0.7770340334309122,
  "барсук": 0.7769417024646449,
  "спаниэль": 0.7752759719313863,
  "миттельшнауцер": 0.775107364341544,
  "соболек": 0.7747245755438945,
  "выгуливание": 0.7746832189652539,
  "засидка": 0.7743477793810748,
  "пристреливать": 0.774279640903565,
  "эрдельтерьер": 0.77405044111711,
  "перелинять": 0.7738881220946818,
  "бультерьер": 0.7737104885610219,
  "скиджоринг": 0.7703555748372075,
  "дратхаар": 0.7703229482698005,
  "скотинка": 0.7702746372754316,
  "бульмастиф": 0.7697755469721954,
  "скрадка": 0.7681801744108279,
  "загрызать": 0.7679768687254894,
  "табунок": 0.7677017993884849,
  "енотик": 0.7665008309786964,
  "маламут": 0.7658011723665256,
  "перелавливать": 0.7648373199398192,
  "стерелизация": 0.764717023344346,
  "звероферма": 0.7642223720298726,
  "абиссинка": 0.7636667586030561,
  "левретка": 0.7627900583223937,
  "муська": 0.760170315120853,
  "курцхаар": 0.760151671368049,
  "приманивание": 0.7597103619018759,
  "затравливать": 0.7589652776380318,
  "ротвейлер": 0.7582787140427114,
  "далматин": 0.7560099468860197,
  "запряжка": 0.7558807723130209,
  "каракал": 0.7555167752344674,
  "хорек": 0.7551868843862417,
  "закон": 0.41374374053262336,
  "госдума": 0.35667563839019256,
  "законопроект": 0.3424086128545849,
  "федерация": 0.2568064596409387,
  "отклонить": 0.2568064596409387,
  "животное": 0.2568064596409387,
  "охотничий": 0.242539434105331,
  "совет": 0.22827240856972325,
  "животный": 0.21400538303411556,
  "сенатор": 0.21400538303411556,
  "запрет": 0.18547133196290017,
  "документ": 0.18547133196290017,
  "володин": 0.18547133196290017
}