{
  "эмбарго": 1.0,
  "контрсанкция": 0.9940311991290814,
  "антисанкция": 0.9619998532611189,
  "продэмбарго": 0.8363810045313063,
  "евросоюз": 0.8049164436184779,
  "невъездной": 0.7675819256593185,
  "антитурецкий": 0.7554774948281777,
  "антииранский": 0.7162702480168353,
  "протекционистский": 0.7033107779225969,
  "демпинговый": 0.7012774881260843,
  "реэкспорт": 0.6967332437417193,
  "антиинфляционный": 0.6760864563629024,
  "антиофшорный": 0.6659462853727293,
  "контрпродуктивный": 0.6611405066573727,
  "совбез": 0.6553993278459206,
  "либерализировать": 0.6475650707782055,
  "деофшоризация": 0.6448067655463857,
  "госмонополия": 0.6434021385464156,
  "ограничительный": 0.6430551002891142,
  "еврочиновник": 0.6428748107602834,
  "демкоалиция": 0.6388798326694591,
  "антидемпинговый": 0.6376576649408107,
  "бойкот": 0.6355381077900747,
  "европарламентарий": 0.6339960235852616,
  "сельхозсырье": 0.630965938016243,
  "безлактозный": 0.6307174623206135,
  "молокопродукты": 0.6296461720559186,
  "спецпошлина": 0.625870297776263,
  "данкверт": 0.625243603820129,
  "дискриминационный": 0.6250480055526121,
  "антизападный": 0.6240135205494303,
  "конфискационный": 0.6219128883748652,
  "недружественный": 0.6198583029576081,
  "консигнационный": 0.6193809194291842,
  "антиигиловский": 0.6188513817201445,
  "девальвация": 0.618528491893159,
  "антимонопольщик": 0.6171766619604684,
  "потребкредитование": 0.6164776834350527,
  "госпропаганда": 0.6161414537097896,
  "агропродукция": 0.6153400553027181,
  "эскалация": 0.6138584024443194,
  "промсборка": 0.6130035640833043,
  "минагрополитика": 0.6112263842615558,
  "антимагнитский": 0.6108292008444638,
  "дефляционный": 0.6096607945130909,
  "ретейлер": 0.6089749951642869,
  "пронедра": 0.6075732209738881,
  "конфинация": 0.607196167945462,
  "экспортер": 0.6052247559903576,
  "постпред": 0.6051181171649694,
  "антиевропейский": 0.6019433820965546,
  "импорт": 0.6007176784912542,
  "порошенко": 0.6004326787970272,
  "нацвалюта": 0.6002367992665949,
  "путинский": 0.600100145670082,
  "мясосырье": 0.6000598447123335,
  "минторг": 0.5984397301386795,
  "еаэс": 0.5980937767526235,
  "зернотрейдер": 0.5976715609360527,
  "финорганизация": 0.5963680278639938,
  "подкарантинный": 0.5956588836932039,
  "антигрузинский": 0.5956174175033769,
  "непоставка": 0.5937573454823912,
  "реваншистский": 0.5934881366918483,
  "интервенционистский": 0.5932462907649411,
  "мясопереработчик": 0.5925318829595898,
  "лукашенко": 0.591552404946595,
  "ввозный": 0.5913280375008649,
  "неплательщик": 0.5909855798110444,
  "дедолларизация": 0.5905547252049261,
  "недозагрузка": 0.5896091192830399,
  "репрессивный": 0.5895255841971386,
  "недогосударство": 0.589207757102632,
  "ходорковский": 0.5891593798811672,
  "дипведомство": 0.5890314052546181,
  "тегеран": 0.5883312614971239,
  "антимилитаристский": 0.5883119748972044,
  "утилизационный": 0.5877196753775935,
  "нелояльный": 0.5875364124979418,
  "незалежный": 0.5874132595213725,
  "белоруссия": 0.5872807043273425,
  "подакцизный": 0.5872386354312681,
  "эрдоган": 0.5867295495542264,
  "непатриотичный": 0.5863840783331684,
  "преференциальный": 0.5860690638678168,
  "стагфляция": 0.5856678624090748,
  "агрополитика": 0.5851555219182967,
  "злочевский": 0.5844164031567985,
  "монетарный": 0.5843552887433037,
  "прогосударственный": 0.5838033303618576,
  "атлантистский": 0.5831276564780113,
  "антиукраинский": 0.5830787167307155,
  "сша": 0.4494103510485307,
  "рубль": 0.3284152565354648,
  "американский": 0.2592752025279985,
  "курс": 0.24199018902613192,
  "санкция": 0.24199018902613192,
  "список": 0.24199018902613192,
  "декабрь": 0.19013514852053223,
  "доллар": 0.19013514852053223
}