{
  "эмбарго": 1.0,
  "контрсанкция": 0.9940311991290814,
  "антисанкция": 0.9619998532611189,
  "продэмбарго": 0.8363810045313063,
  "евросоюз": 0.8049164436184779,
  "невъездной": 0.7675819256593185,
  "антитурецкий": 0.7554774948281777,
  "антииранский": 0.7162702480168353,
  "протекционистский": 0.7033107779225969,
  "демпинговый": 0.7012774881260843,
  "реэкспорт": 0.6967332437417193,
  "антиинфляционный": 0.6760864563629024,
  "сша": 0.674115526572796,
  "антиофшорный": 0.6659462853727293,
  "ввоз": 0.6641128529678823,
  "контрпродуктивный": 0.6611405066573727,
  "продовольственный": 0.6589731749914195,
  "совбез": 0.6553993278459206,
  "еврозон": 0.6530367997166155,
  "невыездной": 0.6492188967213022,
  "либерализировать": 0.6475650707782055,
  "запретительный": 0.6459006372051531,
  "деофшоризация": 0.6448067655463857,
  "госмонополия": 0.6434021385464156,
  "ограничительный": 0.6430551002891142,
  "еврочиновник": 0.6428748107602834,
  "демкоалиция": 0.6388798326694591,
  "антидемпинговый": 0.6376576649408107,
  "бойкот": 0.6355381077900747,
  "европарламентарий": 0.6339960235852616,
  "импортозамещать": 0.6317087131956426,
  "сельхозсырье": 0.630965938016243,
  "безлактозный": 0.6307174623206135,
  "турция": 0.6297804550078581,
  "молокопродукты": 0.6296461720559186,
  "либерализовать": 0.6280912301178259,
  "аннексия": 0.6272355881484808,
  "спецпошлина": 0.625870297776263,
  "данкверт": 0.625243603820129,
  "дискриминационный": 0.6250480055526121,
  "антизападный": 0.6240135205494303,
  "реэкспортировать": 0.6226625745859027,
  "конфискационный": 0.6219128883748652,
  "недружественный": 0.6198583029576081,
  "консигнационный": 0.6193809194291842,
  "антиигиловский": 0.6188513817201445,
  "девальвация": 0.618528491893159,
  "импортзамещение": 0.618086547492087,
  "антимонопольщик": 0.6171766619604684,
  "иран": 0.6168942739933139,
  "потребкредитование": 0.6164776834350527,
  "госпропаганда": 0.6161414537097896,
  "агропродукция": 0.6153400553027181,
  "эскалация": 0.6138584024443194,
  "промсборка": 0.6130035640833043,
  "госдолга": 0.6120045182074745,
  "нато": 0.6118734095084384,
  "минагрополитика": 0.6112263842615558,
  "антимагнитский": 0.6108292008444638,
  "дефляционный": 0.6096607945130909,
  "сельхозпродукция": 0.6090100726678904,
  "ретейлер": 0.6089749951642869,
  "анкара": 0.6087656150139109,
  "контрмера": 0.6081804274280203,
  "протекционизм": 0.6077733596284693,
  "пронедра": 0.6075732209738881,
  "конфинация": 0.607196167945462,
  "еврокомиссия": 0.606814614710388,
  "контрпродуктивно": 0.6053385871102992,
  "экспортер": 0.6052247559903576,
  "постпред": 0.6051181171649694,
  "сельхозтовары": 0.6043243932174492,
  "евродон": 0.6041408892552985,
  "продуктовый": 0.6038248702795344,
  "фингарантия": 0.6036683675572709,
  "минагропрод": 0.6025720047126807,
  "антиевропейский": 0.6019433820965546,
  "продовольствие": 0.601644319256553,
  "импорт": 0.6007176784912542,
  "сельхозпроизводитель": 0.6006912799576145,
  "девальвационный": 0.6004790068172505,
  "порошенко": 0.6004326787970272,
  "нацвалюта": 0.6002367992665949,
  "путинский": 0.600100145670082,
  "мясосырье": 0.6000598447123335,
  "ввозить": 0.5995724562602013,
  "деоффшоризация": 0.5991587988723447,
  "минторг": 0.5984397301386795,
  "еаэс": 0.5980937767526235,
  "евросуд": 0.5980728829360441,
  "зернотрейдер": 0.5976715609360527,
  "саудит": 0.5968710866785606,
  "финорганизация": 0.5963680278639938,
  "рубль": 0.4926228848031971,
  "американский": 0.3889128037919977,
  "курс": 0.3629852835391979,
  "санкция": 0.3629852835391979,
  "список": 0.3629852835391979,
  "декабрь": 0.28520272278079833,
  "доллар": 0.28520272278079833
}