{
  "эмбарго": 1.0,
  "контрсанкция": 0.9940311991290814,
  "антисанкция": 0.9619998532611189,
  "продэмбарго": 0.8363810045313063,
  "евросоюз": 0.8049164436184779,
  "невъездной": 0.7675819256593185,
  "антитурецкий": 0.7554774948281777,
  "антииранский": 0.7162702480168353,
  "протекционистский": 0.7033107779225969,
  "демпинговый": 0.7012774881260843,
  "реэкспорт": 0.6967332437417193,
  "антиинфляционный": 0.6760864563629024,
  "сша": 0.674115526572796,
  "антиофшорный": 0.6659462853727293,
  "контрпродуктивный": 0.6611405066573727,
  "совбез": 0.6553993278459206,
  "либерализировать": 0.6475650707782055,
  "деофшоризация": 0.6448067655463857,
  "госмонополия": 0.6434021385464156,
  "ограничительный": 0.6430551002891142,
  "еврочиновник": 0.6428748107602834,
  "демкоалиция": 0.6388798326694591,
  "антидемпинговый": 0.6376576649408107,
  "бойкот": 0.6355381077900747,
  "европарламентарий": 0.6339960235852616,
  "сельхозсырье": 0.630965938016243,
  "безлактозный": 0.6307174623206135,
  "молокопродукты": 0.6296461720559186,
  "спецпошлина": 0.625870297776263,
  "данкверт": 0.625243603820129,
  "дискриминационный": 0.6250480055526121,
  "антизападный": 0.6240135205494303,
  "конфискационный": 0.6219128883748652,
  "недружественный": 0.6198583029576081,
  "консигнационный": 0.6193809194291842,
  "антиигиловский": 0.6188513817201445,
  "девальвация": 0.618528491893159,
  "антимонопольщик": 0.6171766619604684,
  "потребкредитование": 0.6164776834350527,
  "госпропаганда": 0.6161414537097896,
  "агропродукция": 0.6153400553027181,
  "эскалация": 0.6138584024443194,
  "промсборка": 0.6130035640833043,
  "минагрополитика": 0.6112263842615558,
  "антимагнитский": 0.6108292008444638,
  "дефляционный": 0.6096607945130909,
  "ретейлер": 0.6089749951642869,
  "пронедра": 0.6075732209738881,
  "конфинация": 0.607196167945462,
  "экспортер": 0.6052247559903576,
  "постпред": 0.6051181171649694,
  "антиевропейский": 0.6019433820965546,
  "импорт": 0.6007176784912542,
  "порошенко": 0.6004326787970272,
  "нацвалюта": 0.6002367992665949,
  "путинский": 0.600100145670082,
  "мясосырье": 0.6000598447123335,
  "минторг": 0.5984397301386795,
  "еаэс": 0.5980937767526235,
  "зернотрейдер": 0.5976715609360527,
  "финорганизация": 0.5963680278639938,
  "рубль": 0.4926228848031971,
  "американский": 0.3889128037919977,
  "курс": 0.3629852835391979,
  "санкция": 0.3629852835391979,
  "список": 0.3629852835391979,
  "декабрь": 0.28520272278079833,
  "доллар": 0.28520272278079833,
  "компания": 0.2592752025279985,
  "рынок": 0.23334768227519864,
  "рбк": 0.23334768227519864,
  "решение": 0.20742016202239882,
  "банка": 0.20742016202239882,
  "фрид": 0.20742016202239882,
  "письмо": 0.20742016202239882,
  "евро": 0.18149264176959895,
  "финансовый": 0.18149264176959895,
  "срок": 0.18149264176959895,
  "валюта": 0.1555651215167991,
  "фактор": 0.1555651215167991,
  "эксперт": 0.1555651215167991,
  "банк": 0.1555651215167991,
  "отношение": 0.1555651215167991,
  "иностранный": 0.1555651215167991,
  "ит": 0.1555651215167991,
  "сбербанк": 0.1555651215167991,
  "доклад": 0.1555651215167991,
  "влияние": 0.12963760126399926,
  "важный": 0.12963760126399926,
  "сокращение": 0.12963760126399926,
  "нефть": 0.12963760126399926,
  "отмечать": 0.12963760126399926,
  "ставка": 0.12963760126399926,
  "фрс": 0.12963760126399926,
  "продукт": 0.12963760126399926,
  "представитель": 0.12963760126399926,
  "сообщить": 0.12963760126399926,
  "отметить": 0.12963760126399926,
  "президент": 0.12963760126399926,
  "полагать": 0.10371008101119941
}