{
  "сверхприбыль": 1.0,
  "сверхбогатый": 0.8123267514203766,
  "госказна": 0.7887031029503416,
  "малодоходный": 0.7654997512182945,
  "капитализировать": 0.7610781446262302,
  "многомиллиардный": 0.7525176057633579,
  "сверхпотребление": 0.7512574938766869,
  "стабфонд": 0.7504855347165106,
  "наворовывать": 0.7480476721221277,
  "толстосум": 0.747348168157187,
  "низкодоходный": 0.7466773915450448,
  "незаработанный": 0.7459452685908426,
  "госфинансирование": 0.7458784032007082,
  "высокодоходный": 0.7420657315795403,
  "дивидент": 0.735534504239478,
  "госмонополия": 0.7344164017051877,
  "нетрудовой": 0.7331787905529746,
  "реинвестировать": 0.7181678996314408,
  "сверхплановый": 0.7165316433913786,
  "высокоприбыльный": 0.71387535385589,
  "теневик": 0.7130693605659204,
  "госактив": 0.7117965831714884,
  "нувориш": 0.7073572873227749,
  "дармовой": 0.7035928719937462,
  "разворовывание": 0.7034289279631203,
  "шиковать": 0.699358913036218,
  "прихватизировать": 0.699040011117344,
  "госбюджет": 0.6960025534795758,
  "недофинансировать": 0.6943053754396135,
  "откупной": 0.6924694428704937,
  "прожирать": 0.687101956346877,
  "пенсионка": 0.6856955189292028,
  "налогоплатильщик": 0.6853842587692013,
  "госчиновник": 0.6847429878371502,
  "дотировать": 0.6830835232923641,
  "низкорентабельный": 0.6810434567015112,
  "супербогатый": 0.680977086610563,
  "разбазаривать": 0.6809002444796783,
  "авансировать": 0.6807929060703303,
  "окологосударственный": 0.6801450547348055,
  "растранжиривать": 0.677605585050229,
  "высокорисковый": 0.6758496786781908,
  "баснословный": 0.6755596456261685,
  "богатеть": 0.6742396732949962,
  "нерыночный": 0.6717132229033136,
  "профицитный": 0.6703961516102318,
  "нацфонд": 0.669932622328993,
  "малоприбыльный": 0.6689042397044281,
  "госинвестиция": 0.6676787280037632,
  "прибыль": 0.6667004413540291,
  "госрасход": 0.6636525116763246,
  "компрадор": 0.6626377144008663,
  "высоколиквидный": 0.6622294463574,
  "бесценок": 0.6619413237450958,
  "банкротенок": 0.6604423361366324,
  "подоходный": 0.6595481795915226,
  "стагнировать": 0.6595000648134364,
  "денежки": 0.6570170592360844,
  "казнокрад": 0.6535274641983597,
  "прикарманивать": 0.6529112412537239,
  "экспроприировать": 0.6520049145000394,
  "госсобственность": 0.6509088174010208,
  "малорентабельный": 0.6501159849179983,
  "властьимущий": 0.649282325630629,
  "госсредство": 0.6486618572643975,
  "дотационный": 0.6478322311275444,
  "недоплачивать": 0.646163497412274,
  "огосударствливать": 0.6454297470464602,
  "махинатор": 0.6449937422485678,
  "рефинансироваться": 0.6444919334159398,
  "демпинговый": 0.6440337816687224,
  "разбогатеть": 0.6430494806717276,
  "низколиквидный": 0.6423924309227452,
  "капвложение": 0.6407355843879432,
  "обанкрощать": 0.6405668288795087,
  "полтриллион": 0.6399632006856073,
  "госкапитализм": 0.6389970134874213,
  "гешефт": 0.6374312312458501,
  "кредитоваться": 0.6371297355555191,
  "низкорисковый": 0.6369666406092124,
  "спекулянт": 0.6363342850625124,
  "секвестирование": 0.6361962381036211,
  "золотовалютный": 0.63604778986182,
  "либерализировать": 0.6354524402400304,
  "галопирующий": 0.6342856568714412,
  "чинуша": 0.6329702837469978,
  "энергоноситель": 0.6319868318343221,
  "мультимиллионер": 0.6315113446155884,
  "плутократ": 0.6311017321886168,
  "деньжищи": 0.6308121944357806,
  "чистоган": 0.6302801723527957,
  "рубль": 0.39570197291345544,
  "минфин": 0.2762447735433557,
  "нефть": 0.253846548661462,
  "валюта": 0.22398224881893708,
  "цена": 0.17918579905514964,
  "декабрь": 0.14185542425199346,
  "закупка": 0.11199112440946854,
  "миллиард": 0.1045250494488373,
  "курс": 0.1045250494488373
}