{
  "сверхприбыль": 1.0,
  "сверхбогатый": 0.8123267514203766,
  "госказна": 0.7887031029503416,
  "малодоходный": 0.7654997512182945,
  "капитализировать": 0.7610781446262302,
  "многомиллиардный": 0.7525176057633579,
  "сверхпотребление": 0.7512574938766869,
  "стабфонд": 0.7504855347165106,
  "наворовывать": 0.7480476721221277,
  "толстосум": 0.747348168157187,
  "низкодоходный": 0.7466773915450448,
  "незаработанный": 0.7459452685908426,
  "госфинансирование": 0.7458784032007082,
  "высокодоходный": 0.7420657315795403,
  "дивидент": 0.735534504239478,
  "госмонополия": 0.7344164017051877,
  "нетрудовой": 0.7331787905529746,
  "реинвестировать": 0.7181678996314408,
  "сверхплановый": 0.7165316433913786,
  "высокоприбыльный": 0.71387535385589,
  "теневик": 0.7130693605659204,
  "госактив": 0.7117965831714884,
  "нувориш": 0.7073572873227749,
  "дармовой": 0.7035928719937462,
  "разворовывание": 0.7034289279631203,
  "шиковать": 0.699358913036218,
  "прихватизировать": 0.699040011117344,
  "госбюджет": 0.6960025534795758,
  "недофинансировать": 0.6943053754396135,
  "откупной": 0.6924694428704937,
  "прожирать": 0.687101956346877,
  "пенсионка": 0.6856955189292028,
  "налогоплатильщик": 0.6853842587692013,
  "госчиновник": 0.6847429878371502,
  "дотировать": 0.6830835232923641,
  "низкорентабельный": 0.6810434567015112,
  "супербогатый": 0.680977086610563,
  "разбазаривать": 0.6809002444796783,
  "авансировать": 0.6807929060703303,
  "окологосударственный": 0.6801450547348055,
  "растранжиривать": 0.677605585050229,
  "высокорисковый": 0.6758496786781908,
  "баснословный": 0.6755596456261685,
  "богатеть": 0.6742396732949962,
  "нерыночный": 0.6717132229033136,
  "профицитный": 0.6703961516102318,
  "нацфонд": 0.669932622328993,
  "малоприбыльный": 0.6689042397044281,
  "госинвестиция": 0.6676787280037632,
  "прибыль": 0.6667004413540291,
  "госрасход": 0.6636525116763246,
  "компрадор": 0.6626377144008663,
  "высоколиквидный": 0.6622294463574,
  "бесценок": 0.6619413237450958,
  "банкротенок": 0.6604423361366324,
  "подоходный": 0.6595481795915226,
  "стагнировать": 0.6595000648134364,
  "денежки": 0.6570170592360844,
  "рубль": 0.5935529593701833,
  "минфин": 0.41436716031503357,
  "нефть": 0.380769822992193,
  "валюта": 0.3359733732284056,
  "цена": 0.26877869858272446,
  "декабрь": 0.2127831363779902,
  "закупка": 0.1679866866142028,
  "миллиард": 0.15678757417325595,
  "курс": 0.15678757417325595,
  "объесть": 0.13438934929136223,
  "операция": 0.13438934929136223,
  "бюджет": 0.12319023685041539,
  "акциз": 0.11199112440946854,
  "уровень": 0.11199112440946854,
  "рбк": 0.11199112440946854,
  "завод": 0.11199112440946854,
  "валютный": 0.11199112440946854,
  "январь": 0.10079201196852167,
  "баррель": 0.10079201196852167,
  "казначейство": 0.10079201196852167,
  "рынок": 0.10079201196852167,
  "покупка": 0.10079201196852167,
  "доллар": 0.10079201196852167,
  "возвратный": 0.08959289952757482,
  "считать": 0.08959289952757482,
  "ноябрь": 0.08959289952757482,
  "составить": 0.08959289952757482,
  "выход": 0.07839378708662798,
  "нефтепродукт": 0.07839378708662798,
  "средний": 0.07839378708662798,
  "дополнительный": 0.07839378708662798,
  "доход": 0.07839378708662798,
  "бюджетный": 0.07839378708662798,
  "нефтегазовый": 0.07839378708662798,
  "объём": 0.07839378708662798,
  "светлый": 0.06719467464568112,
  "министр": 0.06719467464568112,
  "федеральный": 0.06719467464568112,
  "ставка": 0.06719467464568112,
  "ндпить": 0.06719467464568112,
  "санкция": 0.06719467464568112,
  "начало": 0.06719467464568112
}