{
  "сверхприбыль": 1.0,
  "сверхприбыльный": 0.8232329564719754,
  "сверхбогатый": 0.8123267514203766,
  "нефтедоллар": 0.8096655796500527,
  "рентный": 0.7939764826285839,
  "госказна": 0.7887031029503416,
  "малодоходный": 0.7654997512182945,
  "капитализировать": 0.7610781446262302,
  "многомиллиардный": 0.7525176057633579,
  "сверхпотребление": 0.7512574938766869,
  "стабфонд": 0.7504855347165106,
  "наворовывать": 0.7480476721221277,
  "толстосум": 0.747348168157187,
  "низкодоходный": 0.7466773915450448,
  "незаработанный": 0.7459452685908426,
  "госфинансирование": 0.7458784032007082,
  "высокодоходный": 0.7420657315795403,
  "сырьевик": 0.7397353489085587,
  "дивидент": 0.735534504239478,
  "нефтянка": 0.7347637479487538,
  "госмонополия": 0.7344164017051877,
  "нетрудовой": 0.7331787905529746,
  "приватизатор": 0.728997616337288,
  "нефтедолларовый": 0.7231583219603206,
  "капиталл": 0.7208086933781046,
  "реинвестировать": 0.7181678996314408,
  "капиталист": 0.7175072412741019,
  "сверхплановый": 0.7165316433913786,
  "высокоприбыльный": 0.71387535385589,
  "теневик": 0.7130693605659204,
  "барыш": 0.7120705543784731,
  "госактив": 0.7117965831714884,
  "нувориш": 0.7073572873227749,
  "капиталец": 0.7061476251960678,
  "дармовой": 0.7035928719937462,
  "разворовывание": 0.7034289279631203,
  "разворовываться": 0.7000174486827588,
  "шиковать": 0.699358913036218,
  "прихватизировать": 0.699040011117344,
  "рантье": 0.696826023755115,
  "проедание": 0.6966755235595427,
  "инвестироваться": 0.6961939512365215,
  "госбюджет": 0.6960025534795758,
  "недофинансировать": 0.6943053754396135,
  "разворовывать": 0.6934509843434512,
  "откупной": 0.6924694428704937,
  "прожирать": 0.687101956346877,
  "пенсионка": 0.6856955189292028,
  "налогоплатильщик": 0.6853842587692013,
  "госдотация": 0.6847886261193054,
  "госчиновник": 0.6847429878371502,
  "воротила": 0.6839964304495222,
  "жировать": 0.6833502772826359,
  "дотировать": 0.6830835232923641,
  "низкорентабельный": 0.6810434567015112,
  "супербогатый": 0.680977086610563,
  "разбазаривать": 0.6809002444796783,
  "авансировать": 0.6807929060703303,
  "окологосударственный": 0.6801450547348055,
  "прихватизатор": 0.6797310553721848,
  "уворовывать": 0.6777752604000092,
  "растранжиривать": 0.677605585050229,
  "высокорисковый": 0.6758496786781908,
  "баснословный": 0.6755596456261685,
  "триллионный": 0.6754669539213262,
  "богатеть": 0.6742396732949962,
  "олигархат": 0.6732860808475446,
  "нерыночный": 0.6717132229033136,
  "миллиардный": 0.6713703343524232,
  "профицитный": 0.6703961516102318,
  "нацфонд": 0.669932622328993,
  "малоприбыльный": 0.6689042397044281,
  "авансированный": 0.6677016532803807,
  "госинвестиция": 0.6676787280037632,
  "прихватизация": 0.6675879467386389,
  "прибыль": 0.6667004413540291,
  "ндпи": 0.665931595503023,
  "реинвестирование": 0.6648887784450322,
  "дивиденд": 0.6642968251605194,
  "капитализироваться": 0.6639924284320978,
  "госрасход": 0.6636525116763246,
  "компрадор": 0.6626377144008663,
  "высоколиквидный": 0.6622294463574,
  "бесценок": 0.6619413237450958,
  "банкротенок": 0.6604423361366324,
  "ненефтегазовый": 0.6598322690533106,
  "подоходный": 0.6595481795915226,
  "стагнировать": 0.6595000648134364,
  "реинвестироваться": 0.659008869534798,
  "ненефтяной": 0.6580118322730157,
  "госденьги": 0.6572715015037284,
  "денежки": 0.6570170592360844,
  "инвестированный": 0.6566387214148688,
  "нефтедобытчик": 0.656598460666735,
  "рубль": 0.5935529593701833,
  "минфин": 0.41436716031503357,
  "нефть": 0.380769822992193,
  "валюта": 0.3359733732284056,
  "цена": 0.26877869858272446,
  "декабрь": 0.2127831363779902
}