{
  "кабриолет": 1.0,
  "двухдверка": 0.9674877736357517,
  "внедорожник": 0.9556264468139626,
  "паркетник": 0.9425426592688372,
  "трехдверка": 0.938888630412467,
  "хэтчбек": 0.930418201887765,
  "суперавтомобиль": 0.9227723756205601,
  "заднеприводный": 0.920936857240005,
  "малолитражка": 0.9063826590214495,
  "пятидверный": 0.903633773987998,
  "россиянин": 0.5895563874591863,
  "граница": 0.2450419552813902,
  "футболист": 0.24261579730830712,
  "решить": 0.17468337406198112,
  "провести": 0.15770026825039962,
  "назвать": 0.15770026825039962,
  "захотеть": 0.15284795230423348,
  "победа": 0.15284795230423348,
  "украина": 0.14799563635806737,
  "россиянка": 0.14799563635806737,
  "деньга": 0.14556947838498427,
  "несмотря": 0.14556947838498427,
  "тысяча": 0.14556947838498427,
  "европа": 0.14556947838498427,
  "фигуристка": 0.1431433204119012,
  "евгений": 0.1431433204119012,
  "медведев": 0.1431433204119012,
  "штамповать": 0.1431433204119012,
  "недорогой": 0.1431433204119012,
  "найти": 0.14071716243881813,
  "известный": 0.14071716243881813,
  "машина": 0.13829100446573506,
  "способ": 0.13343868851956892,
  "миллиард": 0.13101253054648584,
  "президент": 0.13101253054648584,
  "путешествовать": 0.12858637257340277,
  "тест": 0.12858637257340277,
  "болельщик": 0.12858637257340277,
  "простить": 0.1261602146003197,
  "долг": 0.1261602146003197,
  "драйв": 0.1261602146003197,
  "бомж": 0.1261602146003197,
  "присмотреть": 0.1261602146003197,
  "краснодар": 0.1261602146003197,
  "американский": 0.12373405662723662,
  "мокнуть": 0.12373405662723662,
  "попасть": 0.11160326676182128,
  "олигарх": 0.11160326676182128,
  "рождество": 0.10189863486948898,
  "ухо": 0.09947247689640593,
  "защитить": 0.09947247689640593,
  "видео": 0.09704631892332284,
  "жена": 0.09704631892332284,
  "влюбиться": 0.09462016095023977,
  "лишиться": 0.09462016095023977,
  "жильё": 0.09462016095023977,
  "предложить": 0.09219400297715671,
  "сборная": 0.08976784500407363,
  "рождественский": 0.08734168703099056,
  "украинский": 0.08734168703099056,
  "отправить": 0.08734168703099056,
  "олимпиада": 0.08734168703099056,
  "животное": 0.0849155290579075,
  "возвращаться": 0.08248937108482442,
  "дорогой": 0.08248937108482442,
  "стена": 0.08006321311174135,
  "спорт": 0.08006321311174135,
  "модель": 0.08006321311174135,
  "любить": 0.08006321311174135,
  "отстранить": 0.07763705513865829,
  "родченков": 0.07763705513865829,
  "бессмертный": 0.07763705513865829,
  "ковёр": 0.07763705513865829,
  "квартира": 0.07763705513865829,
  "декабрь": 0.07278473919249213,
  "уход": 0.07278473919249213,
  "ещё": 0.07278473919249213,
  "возможность": 0.07278473919249213,
  "отведать": 0.07278473919249213,
  "владелец": 0.07278473919249213,
  "ёлка": 0.07278473919249213,
  "замечательный": 0.07035858121940906,
  "помочь": 0.07035858121940906,
  "пережить": 0.07035858121940906,
  "обмануть": 0.07035858121940906,
  "байка": 0.07035858121940906,
  "человечина": 0.07035858121940906,
  "дагестанский": 0.07035858121940906,
  "муфтий": 0.07035858121940906,
  "собраться": 0.07035858121940906,
  "подарок": 0.06793242324632599,
  "центробанк": 0.06793242324632599,
  "волна": 0.06793242324632599,
  "маргарита": 0.06793242324632599,
  "мамун": 0.06793242324632599,
  "деспотия": 0.06793242324632599,
  "винер": 0.06793242324632599,
  "свидание": 0.06793242324632599,
  "признать": 0.06793242324632599,
  "угроза": 0.06793242324632599
}