{
  "родстер": 1.0,
  "кабриолет": 0.9241278958562424,
  "двухдверка": 0.8940824405166479,
  "четырехдверка": 0.8916216807947537,
  "кроссовер": 0.8907318896157538,
  "внедорожник": 0.8831210575187647,
  "паркетник": 0.8710299644648578,
  "вседорожник": 0.8689624015165159,
  "трехдверка": 0.8676531744664224,
  "хэтчбек": 0.8598254151768888,
  "четырехдверный": 0.8533300045184505,
  "суперавтомобиль": 0.8527596938364944,
  "заднеприводный": 0.8510634400976665,
  "суперкаров": 0.8495498858177093,
  "суперкаре": 0.8464444496547383,
  "хетчбэк": 0.8452349831339108,
  "компактвэн": 0.8394495219190964,
  "малолитражка": 0.8376134995220782,
  "пятидверный": 0.835073178180164,
  "хэтчбэк": 0.8321715496609668,
  "гиперкар": 0.8301577638729324,
  "хэтч": 0.8271805355776508,
  "электрокар": 0.8254101758727471,
  "хетчбек": 0.8244280282662627,
  "полноприводный": 0.8207799493806242,
  "россиянин": 0.5448255038312655,
  "граница": 0.2264501065306906,
  "футболист": 0.22420802626801048,
  "решить": 0.16142977891296753,
  "провести": 0.1457352170742068,
  "назвать": 0.1457352170742068,
  "захотеть": 0.1412510565488466,
  "победа": 0.1412510565488466,
  "украина": 0.1367668960234864,
  "россиянка": 0.1367668960234864,
  "деньга": 0.13452481576080627,
  "несмотря": 0.13452481576080627,
  "тысяча": 0.13452481576080627,
  "европа": 0.13452481576080627,
  "фигуристка": 0.1322827354981262,
  "евгений": 0.1322827354981262,
  "медведев": 0.1322827354981262,
  "штамповать": 0.1322827354981262,
  "недорогой": 0.1322827354981262,
  "найти": 0.13004065523544608,
  "известный": 0.13004065523544608,
  "машина": 0.12779857497276598,
  "способ": 0.12331441444740576,
  "миллиард": 0.12107233418472566,
  "президент": 0.12107233418472566,
  "путешествовать": 0.11883025392204556,
  "тест": 0.11883025392204556,
  "болельщик": 0.11883025392204556,
  "простить": 0.11658817365936544,
  "долг": 0.11658817365936544,
  "драйв": 0.11658817365936544,
  "бомж": 0.11658817365936544,
  "присмотреть": 0.11658817365936544,
  "краснодар": 0.11658817365936544,
  "американский": 0.11434609339668533,
  "мокнуть": 0.11434609339668533,
  "попасть": 0.10313569208328482,
  "олигарх": 0.10313569208328482,
  "рождество": 0.0941673710325644,
  "ухо": 0.0919252907698843,
  "защитить": 0.0919252907698843,
  "видео": 0.0896832105072042,
  "жена": 0.0896832105072042,
  "влюбиться": 0.08744113024452409,
  "лишиться": 0.08744113024452409,
  "жильё": 0.08744113024452409,
  "предложить": 0.08519904998184398,
  "сборная": 0.08295696971916387,
  "рождественский": 0.08071488945648377,
  "украинский": 0.08071488945648377,
  "отправить": 0.08071488945648377,
  "олимпиада": 0.08071488945648377,
  "животное": 0.07847280919380367,
  "возвращаться": 0.07623072893112356,
  "дорогой": 0.07623072893112356,
  "стена": 0.07398864866844346,
  "спорт": 0.07398864866844346,
  "модель": 0.07398864866844346,
  "любить": 0.07398864866844346,
  "отстранить": 0.07174656840576336,
  "родченков": 0.07174656840576336,
  "бессмертный": 0.07174656840576336,
  "ковёр": 0.07174656840576336,
  "квартира": 0.07174656840576336,
  "декабрь": 0.06726240788040314,
  "уход": 0.06726240788040314,
  "ещё": 0.06726240788040314,
  "возможность": 0.06726240788040314,
  "отведать": 0.06726240788040314,
  "владелец": 0.06726240788040314,
  "ёлка": 0.06726240788040314,
  "замечательный": 0.06502032761772304,
  "помочь": 0.06502032761772304,
  "пережить": 0.06502032761772304,
  "обмануть": 0.06502032761772304
}