{
  "кабриолет": 1.0,
  "двухдверка": 0.9674877736357517,
  "внедорожник": 0.9556264468139626,
  "паркетник": 0.9425426592688372,
  "трехдверка": 0.938888630412467,
  "хэтчбек": 0.930418201887765,
  "суперавтомобиль": 0.9227723756205601,
  "заднеприводный": 0.920936857240005,
  "малолитражка": 0.9063826590214495,
  "пятидверный": 0.903633773987998,
  "тюнинговать": 0.883534577140617,
  "рестайлинговый": 0.8791328330010701,
  "спортбайка": 0.8759205177037529,
  "среднемоторный": 0.8689327286765502,
  "спецверсия": 0.8592210042282213,
  "россиянин": 0.3930375916394575,
  "граница": 0.1633613035209268,
  "футболист": 0.16174386487220474,
  "решить": 0.1164555827079874,
  "провести": 0.10513351216693309,
  "назвать": 0.10513351216693309,
  "захотеть": 0.10189863486948898,
  "победа": 0.10189863486948898,
  "украина": 0.09866375757204489,
  "россиянка": 0.09866375757204489,
  "деньга": 0.09704631892332284,
  "несмотря": 0.09704631892332284,
  "тысяча": 0.09704631892332284,
  "европа": 0.09704631892332284,
  "фигуристка": 0.09542888027460081,
  "евгений": 0.09542888027460081,
  "медведев": 0.09542888027460081,
  "штамповать": 0.09542888027460081,
  "недорогой": 0.09542888027460081,
  "найти": 0.09381144162587876,
  "известный": 0.09381144162587876,
  "машина": 0.09219400297715671,
  "способ": 0.0889591256797126,
  "миллиард": 0.08734168703099056,
  "президент": 0.08734168703099056,
  "путешествовать": 0.08572424838226851,
  "тест": 0.08572424838226851,
  "болельщик": 0.08572424838226851,
  "простить": 0.08410680973354646,
  "долг": 0.08410680973354646,
  "драйв": 0.08410680973354646,
  "бомж": 0.08410680973354646,
  "присмотреть": 0.08410680973354646,
  "краснодар": 0.08410680973354646,
  "американский": 0.08248937108482442,
  "мокнуть": 0.08248937108482442,
  "попасть": 0.07440217784121418,
  "олигарх": 0.07440217784121418,
  "рождество": 0.06793242324632599,
  "ухо": 0.06631498459760395,
  "защитить": 0.06631498459760395,
  "видео": 0.0646975459488819,
  "жена": 0.0646975459488819,
  "влюбиться": 0.06308010730015985,
  "лишиться": 0.06308010730015985,
  "жильё": 0.06308010730015985,
  "предложить": 0.061462668651437805,
  "сборная": 0.05984523000271576,
  "рождественский": 0.0582277913539937,
  "украинский": 0.0582277913539937,
  "отправить": 0.0582277913539937,
  "олимпиада": 0.0582277913539937,
  "животное": 0.05661035270527166,
  "возвращаться": 0.054992914056549616,
  "дорогой": 0.054992914056549616,
  "стена": 0.05337547540782757,
  "спорт": 0.05337547540782757,
  "модель": 0.05337547540782757,
  "любить": 0.05337547540782757,
  "отстранить": 0.051758036759105515,
  "родченков": 0.051758036759105515,
  "бессмертный": 0.051758036759105515,
  "ковёр": 0.051758036759105515,
  "квартира": 0.051758036759105515,
  "декабрь": 0.04852315946166142,
  "уход": 0.04852315946166142,
  "ещё": 0.04852315946166142,
  "возможность": 0.04852315946166142,
  "отведать": 0.04852315946166142,
  "владелец": 0.04852315946166142,
  "ёлка": 0.04852315946166142,
  "замечательный": 0.04690572081293938,
  "помочь": 0.04690572081293938,
  "пережить": 0.04690572081293938,
  "обмануть": 0.04690572081293938,
  "байка": 0.04690572081293938,
  "человечина": 0.04690572081293938,
  "дагестанский": 0.04690572081293938,
  "муфтий": 0.04690572081293938,
  "собраться": 0.04690572081293938,
  "подарок": 0.04528828216421733,
  "центробанк": 0.04528828216421733,
  "волна": 0.04528828216421733,
  "маргарита": 0.04528828216421733,
  "мамун": 0.04528828216421733
}