{
  "проплаченный": 1.0,
  "пиарита": 0.9819885520465227,
  "пропиаривать": 0.9760310790500762,
  "фэйсбук": 0.9584842964069934,
  "твитта": 0.9491970236941384,
  "запостиль": 0.9429599412992649,
  "голосовалок": 0.931197728923515,
  "распиаренный": 0.9278171616560358,
  "сабскрайба": 0.925662342001081,
  "кидалый": 0.9252472375427505,
  "фотострана": 0.9203107180988216,
  "инстаграмма": 0.9137635140592071,
  "троллит": 0.9114104509959964,
  "фотожаба": 0.9111925556324874,
  "антипиар": 0.9104016506263328,
  "самопиар": 0.9073820587474516,
  "твиттерянный": 0.9030382009014214,
  "спамерский": 0.8996209155070217,
  "самореклама": 0.8991690067289846,
  "фоловер": 0.8981852022673185,
  "забаненый": 0.8912422871462681,
  "глопарт": 0.8886486600167783,
  "микроблоггинг": 0.8881491728207598,
  "репощать": 0.8844903752394327,
  "викиликс": 0.8837094685964771,
  "порносайтовый": 0.8817501341806199,
  "фейсбучный": 0.8816315329068112,
  "таргетированный": 0.8806599678207852,
  "копипаста": 0.880382427049227,
  "анкетка": 0.8799380170435892,
  "фальшивка": 0.8783471567887292,
  "киберберкут": 0.8782147646691287,
  "миртесный": 0.8736781797531594,
  "антирекламный": 0.8719468252567963,
  "видеролик": 0.8702619286721941,
  "залогинять": 0.868821043865319,
  "забанивать": 0.8664878051429339,
  "спаммер": 0.8650008071954427,
  "ретвитнуть": 0.8633045331630623,
  "агитка": 0.8613510598566666,
  "компрометировать": 0.8610286126434992,
  "промониторить": 0.8590395417164035,
  "нерекламный": 0.8577769035913863,
  "замануха": 0.855901520949286,
  "алексеев": 0.7230374958444303,
  "кузнец": 0.6868856210522087,
  "рубль": 0.6868856210522087,
  "мясо": 0.5784299966755443,
  "президент": 0.5422781218833227,
  "путин": 0.5061262470911012,
  "новость": 0.43382249750665813,
  "группа": 0.43382249750665813,
  "канал": 0.3976706227144367,
  "проект": 0.3976706227144367,
  "мясник": 0.3976706227144367,
  "тысяча": 0.3976706227144367,
  "навальный": 0.3976706227144367,
  "девочка": 0.36151874792221517,
  "украина": 0.36151874792221517,
  "сэндвич": 0.28921499833777214,
  "главный": 0.28921499833777214,
  "заказ": 0.28921499833777214,
  "инициативный": 0.28921499833777214,
  "рбк": 0.2530631235455506,
  "ещё": 0.2530631235455506,
  "рецепт": 0.2530631235455506,
  "миллион": 0.2530631235455506,
  "бизнес": 0.2530631235455506,
  "решить": 0.2530631235455506,
  "точка": 0.2530631235455506,
  "использовать": 0.2530631235455506,
  "выбор": 0.2530631235455506,
  "выдвижение": 0.2530631235455506,
  "ротенберг": 0.21691124875332907,
  "заявить": 0.21691124875332907,
  "владимир": 0.21691124875332907,
  "дмитрий": 0.21691124875332907,
  "готовить": 0.21691124875332907,
  "кухня": 0.21691124875332907,
  "нужно": 0.21691124875332907,
  "мнение": 0.21691124875332907,
  "предприниматель": 0.21691124875332907,
  "организация": 0.21691124875332907,
  "аккаунт": 0.21691124875332907,
  "украинский": 0.21691124875332907,
  "газета": 0.21691124875332907,
  "военный": 0.21691124875332907,
  "издание": 0.21691124875332907,
  "россиянин": 0.21691124875332907,
  "ресторан": 0.21691124875332907,
  "сообщить": 0.18075937396110758,
  "опубликовать": 0.18075937396110758,
  "рынок": 0.18075937396110758,
  "журналист": 0.18075937396110758,
  "помочь": 0.18075937396110758,
  "однако": 0.18075937396110758,
  "фастфуд": 0.18075937396110758,
  "составить": 0.18075937396110758,
  "партнёр": 0.18075937396110758,
  "доставка": 0.18075937396110758
}