{
  "проплаченный": 1.0,
  "пиарита": 0.9819885520465227,
  "пропиаривать": 0.9760310790500762,
  "фэйсбук": 0.9584842964069934,
  "твитта": 0.9491970236941384,
  "запостиль": 0.9429599412992649,
  "голосовалок": 0.931197728923515,
  "распиаренный": 0.9278171616560358,
  "сабскрайба": 0.925662342001081,
  "кидалый": 0.9252472375427505,
  "фотострана": 0.9203107180988216,
  "инстаграмма": 0.9137635140592071,
  "троллит": 0.9114104509959964,
  "фотожаба": 0.9111925556324874,
  "антипиар": 0.9104016506263328,
  "самопиар": 0.9073820587474516,
  "твиттерянный": 0.9030382009014214,
  "спамерский": 0.8996209155070217,
  "самореклама": 0.8991690067289846,
  "фоловер": 0.8981852022673185,
  "забаненый": 0.8912422871462681,
  "глопарт": 0.8886486600167783,
  "микроблоггинг": 0.8881491728207598,
  "репощать": 0.8844903752394327,
  "викиликс": 0.8837094685964771,
  "порносайтовый": 0.8817501341806199,
  "фейсбучный": 0.8816315329068112,
  "таргетированный": 0.8806599678207852,
  "копипаста": 0.880382427049227,
  "анкетка": 0.8799380170435892,
  "фальшивка": 0.8783471567887292,
  "киберберкут": 0.8782147646691287,
  "миртесный": 0.8736781797531594,
  "антирекламный": 0.8719468252567963,
  "видеролик": 0.8702619286721941,
  "залогинять": 0.868821043865319,
  "забанивать": 0.8664878051429339,
  "спаммер": 0.8650008071954427,
  "ретвитнуть": 0.8633045331630623,
  "агитка": 0.8613510598566666,
  "компрометировать": 0.8610286126434992,
  "промониторить": 0.8590395417164035,
  "нерекламный": 0.8577769035913863,
  "замануха": 0.855901520949286,
  "раструбить": 0.8515604212724142,
  "фликра": 0.8493039803225317,
  "форумок": 0.8486047844408919,
  "упоротый": 0.8485998714520787,
  "микросайт": 0.8478744729634347,
  "диссернет": 0.8454629711911817,
  "тизернет": 0.84535781599202,
  "накрутчик": 0.8445817361450915,
  "растиражировать": 0.8424703576543805,
  "профайл": 0.8424441550473762,
  "фотосервис": 0.842298316853129,
  "вбрастать": 0.840931040685667,
  "одностраничник": 0.8382717346530942,
  "парнерка": 0.8381656313332844,
  "новостник": 0.837087359577945,
  "лайкнуть": 0.8366439838857415,
  "нерелевантный": 0.8360546838065044,
  "подставной": 0.8355433020059906,
  "заминусовать": 0.8351722420614074,
  "заспамленный": 0.8347281768269142,
  "пиаровский": 0.8343197954059073,
  "бандеролька": 0.8338523719263544,
  "порекламировать": 0.8337178249870991,
  "алексеев": 0.48202499722962017,
  "кузнец": 0.4579237473681392,
  "рубль": 0.4579237473681392,
  "мясо": 0.38561999778369616,
  "президент": 0.36151874792221517,
  "путин": 0.3374174980607341,
  "новость": 0.28921499833777214,
  "группа": 0.28921499833777214,
  "канал": 0.2651137484762911,
  "проект": 0.2651137484762911,
  "мясник": 0.2651137484762911,
  "тысяча": 0.2651137484762911,
  "навальный": 0.2651137484762911,
  "девочка": 0.24101249861481008,
  "украина": 0.24101249861481008,
  "сэндвич": 0.19280999889184808,
  "главный": 0.19280999889184808,
  "заказ": 0.19280999889184808,
  "инициативный": 0.19280999889184808,
  "рбк": 0.16870874903036706,
  "ещё": 0.16870874903036706,
  "рецепт": 0.16870874903036706,
  "миллион": 0.16870874903036706,
  "бизнес": 0.16870874903036706,
  "решить": 0.16870874903036706,
  "точка": 0.16870874903036706,
  "использовать": 0.16870874903036706,
  "выбор": 0.16870874903036706,
  "выдвижение": 0.16870874903036706,
  "ротенберг": 0.14460749916888607,
  "заявить": 0.14460749916888607,
  "владимир": 0.14460749916888607,
  "дмитрий": 0.14460749916888607
}