{
  "фэйк": 1.0,
  "проплаченный": 0.9242437736878365,
  "пиарный": 0.9112211595512607,
  "пиарита": 0.9075968050617326,
  "пропиаривать": 0.9020906477378534,
  "пиариваться": 0.8883396734575781,
  "фэйсбук": 0.8858731431317304,
  "перепоста": 0.8817147269115491,
  "твитта": 0.8772894391523332,
  "фейсбук": 0.8729126662490193,
  "запостиль": 0.8715248545828933,
  "пиарить": 0.8668691810055018,
  "пропиариться": 0.8650603496128689,
  "фейсбука": 0.8640879812530312,
  "голосовалок": 0.8606537030298125,
  "распиаренный": 0.8575292347813119,
  "распиаривать": 0.8575226227401955,
  "сабскрайба": 0.8555376561317998,
  "кидалый": 0.8551539984207578,
  "фотострана": 0.8505914510610175,
  "акаунт": 0.8496853624386355,
  "пиаривать": 0.8480532239037873,
  "инстаграмма": 0.84454023849234,
  "троллит": 0.8423654346070727,
  "фотожаба": 0.8421640461740341,
  "минисайт": 0.8418146436157636,
  "интернетный": 0.8414808550341054,
  "антипиар": 0.8414330571465171,
  "самопиар": 0.8386422181533828,
  "заспамить": 0.8384736509364881,
  "проплаченый": 0.8374221770726916,
  "интернетовский": 0.8371026481941639,
  "твиттерянный": 0.8346274345854043,
  "спамовый": 0.8325569097582255,
  "пикабу": 0.8321983459381673,
  "попиаривать": 0.8319486019755186,
  "спамерский": 0.831469029836716,
  "самореклама": 0.8310513559623404,
  "фоловер": 0.8301420808141191,
  "пиаристый": 0.8289354231419527,
  "пиариться": 0.8268207649319007,
  "твайт": 0.8265200365558244,
  "перепощать": 0.8259520383249835,
  "паблик": 0.8255390645762207,
  "лайкать": 0.8243100215600339,
  "забаненый": 0.8237251347422451,
  "глопарт": 0.8213279910165463,
  "микроблоггинг": 0.8208663430855895,
  "твиттер": 0.8201287420169562,
  "спамить": 0.8188504671765533,
  "микроблог": 0.8184413172587975,
  "репощать": 0.8174847222018639,
  "викиликс": 0.8167629740992807,
  "запестрить": 0.8152680155018109,
  "порносайтовый": 0.8149520714648523,
  "фейсбучный": 0.8148424549759832,
  "таргетированный": 0.8139444919944911,
  "копипаста": 0.8136879766644339,
  "анкетка": 0.8132772334837586,
  "копираст": 0.8118073687772727,
  "фальшивка": 0.8118068907983967,
  "киберберкут": 0.8116845282061708,
  "спамовой": 0.8104477578648237,
  "копипастер": 0.8090404287279325,
  "попиариться": 0.8080596957377668,
  "миртесный": 0.80749161784378,
  "рекламлять": 0.8063210475767427,
  "микроблогинг": 0.806254767839287,
  "фламп": 0.8060442978076064,
  "антирекламный": 0.8058914242304699,
  "пропиариваться": 0.8056521958030906,
  "видеролик": 0.8043341690528434,
  "порносайт": 0.80367862102457,
  "залогинять": 0.8030024402414877,
  "запостить": 0.8021275795723299,
  "перепост": 0.8018464483301648,
  "репоста": 0.801539665554994,
  "копипастить": 0.8012524002505884,
  "забанивать": 0.8008459588797959,
  "голосовалку": 0.8006577945289901,
  "туристер": 0.8005062752253351,
  "флампа": 0.8000145146251977,
  "спаммер": 0.7994716102853406,
  "ретвитнуть": 0.7979038395724447,
  "антиреклама": 0.7968937108814121,
  "агитка": 0.796098354031943,
  "компрометировать": 0.79580033420283,
  "промониторить": 0.7939619477830384,
  "нерекламный": 0.7927949623575703,
  "замануха": 0.7910616516273269,
  "фотожаб": 0.7909580098744062,
  "скопипастить": 0.7905130115409593,
  "копипаст": 0.7905096656888281,
  "заказуха": 0.7899032698216246,
  "правдоруб": 0.7897812258819825,
  "новость": 0.6682629036770596,
  "украина": 0.5568857530642164,
  "канал": 0.38982002714495145,
  "ротенберг": 0.3341314518385298,
  "аккаунт": 0.3341314518385298
}